DriverNumber,Driver,TeamName,Position,Points,Year,GrandPrix,Round,QualPosition,Driver_AvgFinish_Season,Team_AvgPoints_Season,PrevRaceFinish,Form_Last3,AvgFinish_AtGP_PastYears,AvgQual_AtGP_PastYears,norm_Form_Last3,norm_AvgFinishAtGP,norm_AvgQualAtGP,Drivers_Confidence,DriverID,TeamID,GP_ID
1,VER,Red Bull Racing,1,26,2020,Austrian Grand Prix,1,1,3.7058823529411766,12.323529411764707,10.0,1.0,,,1.0,1.0,1.0,1.0,22,8,3
11,PER,Red Bull Racing,2,18,2020,Austrian Grand Prix,1,5,8.176470588235293,12.323529411764707,10.0,2.0,,,0.9473684210526316,1.0,1.0,0.9789473684210528,14,8,3
55,SAI,Ferrari,3,15,2020,Austrian Grand Prix,1,4,5.875,11.735294117647058,10.0,3.0,,,0.8947368421052632,1.0,1.0,0.9578947368421054,18,2,3
16,LEC,Ferrari,4,12,2020,Austrian Grand Prix,1,2,5.0588235294117645,11.735294117647058,10.0,4.0,,,0.8421052631578947,1.0,1.0,0.9368421052631579,10,2,3
63,RUS,Mercedes,5,10,2020,Austrian Grand Prix,1,3,7.823529411764706,8.617647058823529,10.0,5.0,,,0.7894736842105263,1.0,1.0,0.9157894736842105,17,6,3
4,NOR,McLaren,6,8,2020,Austrian Grand Prix,1,7,4.294117647058823,13.382352941176471,10.0,6.0,,,0.736842105263158,1.0,1.0,0.8947368421052633,12,5,3
44,HAM,Mercedes,7,6,2020,Austrian Grand Prix,1,9,6.411764705882353,8.617647058823529,10.0,7.0,,,0.6842105263157895,1.0,1.0,0.8736842105263158,7,6,3
81,PIA,McLaren,8,4,2020,Austrian Grand Prix,1,8,4.647058823529412,13.382352941176471,10.0,8.0,,,0.631578947368421,1.0,1.0,0.8526315789473684,15,5,3
14,ALO,Aston Martin,9,2,2020,Austrian Grand Prix,1,6,9.647058823529411,2.411764705882353,10.0,9.0,,,0.5789473684210527,1.0,1.0,0.831578947368421,1,1,3
18,STR,Aston Martin,10,1,2020,Austrian Grand Prix,1,12,12.647058823529411,2.411764705882353,10.0,10.0,,,0.5263157894736843,1.0,1.0,0.8105263157894738,20,1,3
24,ZHO,Kick Sauber,11,0,2020,Austrian Grand Prix,1,17,16.11764705882353,0.0,10.0,11.0,,,0.4736842105263157,1.0,1.0,0.7894736842105263,23,4,3
20,MAG,Haas F1 Team,12,0,2020,Austrian Grand Prix,1,15,13.75,0.7941176470588235,10.0,12.0,,,0.42105263157894735,1.0,1.0,0.7684210526315789,11,3,3
3,RIC,RB,13,0,2020,Austrian Grand Prix,1,14,13.117647058823529,0.8235294117647058,10.0,13.0,,,0.368421052631579,1.0,1.0,0.7473684210526316,16,7,3
22,TSU,RB,14,0,2020,Austrian Grand Prix,1,11,13.470588235294118,0.8235294117647058,10.0,14.0,,,0.3157894736842106,1.0,1.0,0.7263157894736842,21,7,3
23,ALB,Williams,15,0,2020,Austrian Grand Prix,1,13,13.588235294117647,0.48484848484848486,10.0,15.0,,,0.26315789473684204,1.0,1.0,0.7052631578947368,0,9,3
27,HUL,Haas F1 Team,16,0,2020,Austrian Grand Prix,1,10,11.823529411764707,0.7941176470588235,10.0,16.0,,,0.21052631578947367,1.0,1.0,0.6842105263157894,8,3,3
31,OCO,Alpine,17,0,2020,Austrian Grand Prix,1,19,13.647058823529411,0.38235294117647056,10.0,17.0,,,0.1578947368421053,1.0,1.0,0.6631578947368422,13,0,3
10,GAS,Alpine,18,0,2020,Austrian Grand Prix,1,20,13.823529411764707,0.38235294117647056,10.0,18.0,,,0.10526315789473695,1.0,1.0,0.6421052631578947,6,0,3
77,BOT,Kick Sauber,19,0,2020,Austrian Grand Prix,1,16,16.058823529411764,0.0,10.0,19.0,,,0.05263157894736836,1.0,1.0,0.6210526315789473,3,4,3
2,SAR,Williams,20,0,2020,Austrian Grand Prix,1,18,17.142857142857142,0.48484848484848486,10.0,20.0,,,0.0,1.0,1.0,0.6,19,9,3
1,VER,Red Bull Racing,1,25,2020,Styrian Grand Prix,2,1,3.7058823529411766,12.323529411764707,1.0,1.0,,,1.0,1.0,1.0,1.0,22,8,27
11,PER,Red Bull Racing,2,18,2020,Styrian Grand Prix,2,3,8.176470588235293,12.323529411764707,2.0,2.0,,,0.9473684210526316,1.0,1.0,0.9789473684210528,14,8,27
16,LEC,Ferrari,3,16,2020,Styrian Grand Prix,2,2,5.0588235294117645,11.735294117647058,4.0,3.5,,,0.868421052631579,1.0,1.0,0.9473684210526316,10,2,27
81,PIA,McLaren,4,12,2020,Styrian Grand Prix,2,5,4.647058823529412,13.382352941176471,8.0,6.0,,,0.736842105263158,1.0,1.0,0.8947368421052633,15,5,27
14,ALO,Aston Martin,5,10,2020,Styrian Grand Prix,2,4,9.647058823529411,2.411764705882353,9.0,7.0,,,0.6842105263157895,1.0,1.0,0.8736842105263158,1,1,27
63,RUS,Mercedes,6,8,2020,Styrian Grand Prix,2,7,7.823529411764706,8.617647058823529,5.0,5.5,,,0.763157894736842,1.0,1.0,0.9052631578947368,17,6,27
38,BEA,Ferrari,7,6,2020,Styrian Grand Prix,2,11,8.5,11.735294117647058,10.0,7.0,,,0.6842105263157895,1.0,1.0,0.8736842105263158,2,2,27
4,NOR,McLaren,8,4,2020,Styrian Grand Prix,2,6,4.294117647058823,13.382352941176471,6.0,7.0,,,0.6842105263157895,1.0,1.0,0.8736842105263158,12,5,27
44,HAM,Mercedes,9,2,2020,Styrian Grand Prix,2,8,6.411764705882353,8.617647058823529,7.0,8.0,,,0.631578947368421,1.0,1.0,0.8526315789473684,7,6,27
27,HUL,Haas F1 Team,10,1,2020,Styrian Grand Prix,2,15,11.823529411764707,0.7941176470588235,16.0,13.0,,,0.368421052631579,1.0,1.0,0.7473684210526316,8,3,27
23,ALB,Williams,11,0,2020,Styrian Grand Prix,2,12,13.588235294117647,0.48484848484848486,15.0,13.0,,,0.368421052631579,1.0,1.0,0.7473684210526316,0,9,27
20,MAG,Haas F1 Team,12,0,2020,Styrian Grand Prix,2,13,13.75,0.7941176470588235,12.0,12.0,,,0.42105263157894735,1.0,1.0,0.7684210526315789,11,3,27
31,OCO,Alpine,13,0,2020,Styrian Grand Prix,2,17,13.647058823529411,0.38235294117647056,17.0,15.0,,,0.26315789473684204,1.0,1.0,0.7052631578947368,13,0,27
2,SAR,Williams,14,0,2020,Styrian Grand Prix,2,19,17.142857142857142,0.48484848484848486,20.0,17.0,,,0.1578947368421053,1.0,1.0,0.6631578947368422,19,9,27
22,TSU,RB,15,0,2020,Styrian Grand Prix,2,9,13.470588235294118,0.8235294117647058,14.0,14.5,,,0.2894736842105263,1.0,1.0,0.7157894736842105,21,7,27
3,RIC,RB,16,0,2020,Styrian Grand Prix,2,14,13.117647058823529,0.8235294117647058,13.0,14.5,,,0.2894736842105263,1.0,1.0,0.7157894736842105,16,7,27
77,BOT,Kick Sauber,17,0,2020,Styrian Grand Prix,2,16,16.058823529411764,0.0,19.0,18.0,,,0.10526315789473695,1.0,1.0,0.6421052631578947,3,4,27
24,ZHO,Kick Sauber,18,0,2020,Styrian Grand Prix,2,20,16.11764705882353,0.0,11.0,14.5,,,0.2894736842105263,1.0,1.0,0.7157894736842105,23,4,27
18,STR,Aston Martin,19,0,2020,Styrian Grand Prix,2,10,12.647058823529411,2.411764705882353,10.0,14.5,,,0.2894736842105263,1.0,1.0,0.7157894736842105,20,1,27
10,GAS,Alpine,20,0,2020,Styrian Grand Prix,2,18,13.823529411764707,0.38235294117647056,18.0,19.0,,,0.05263157894736836,1.0,1.0,0.6210526315789473,6,0,27
55,SAI,Ferrari,1,25,2020,Hungarian Grand Prix,3,2,5.875,11.735294117647058,3.0,2.0,,,0.9473684210526316,1.0,1.0,0.9789473684210528,18,2,13
16,LEC,Ferrari,2,19,2020,Hungarian Grand Prix,3,5,5.0588235294117645,11.735294117647058,3.0,3.0,,,0.8947368421052632,1.0,1.0,0.9578947368421054,10,2,13
4,NOR,McLaren,3,15,2020,Hungarian Grand Prix,3,4,4.294117647058823,13.382352941176471,8.0,5.666666666666667,,,0.7543859649122807,1.0,1.0,0.9017543859649124,12,5,13
81,PIA,McLaren,4,12,2020,Hungarian Grand Prix,3,6,4.647058823529412,13.382352941176471,4.0,5.333333333333333,,,0.7719298245614035,1.0,1.0,0.9087719298245613,15,5,13
11,PER,Red Bull Racing,5,10,2020,Hungarian Grand Prix,3,3,8.176470588235293,12.323529411764707,2.0,3.0,,,0.8947368421052632,1.0,1.0,0.9578947368421054,14,8,13
18,STR,Aston Martin,6,8,2020,Hungarian Grand Prix,3,9,12.647058823529411,2.411764705882353,19.0,11.666666666666666,,,0.4385964912280702,1.0,1.0,0.775438596491228,20,1,13
22,TSU,RB,7,6,2020,Hungarian Grand Prix,3,8,13.470588235294118,0.8235294117647058,15.0,12.0,,,0.42105263157894735,1.0,1.0,0.7684210526315789,21,7,13
14,ALO,Aston Martin,8,4,2020,Hungarian Grand Prix,3,10,9.647058823529411,2.411764705882353,5.0,7.333333333333333,,,0.6666666666666667,1.0,1.0,0.8666666666666667,1,1,13
27,HUL,Haas F1 Team,9,2,2020,Hungarian Grand Prix,3,16,11.823529411764707,0.7941176470588235,10.0,11.666666666666666,,,0.4385964912280702,1.0,1.0,0.775438596491228,8,3,13
20,MAG,Haas F1 Team,10,1,2020,Hungarian Grand Prix,3,14,13.75,0.7941176470588235,12.0,11.333333333333334,,,0.45614035087719307,1.0,1.0,0.7824561403508772,11,3,13
23,ALB,Williams,11,0,2020,Hungarian Grand Prix,3,12,13.588235294117647,0.48484848484848486,11.0,12.333333333333334,,,0.4035087719298245,1.0,1.0,0.7614035087719297,0,9,13
3,RIC,RB,12,0,2020,Hungarian Grand Prix,3,18,13.117647058823529,0.8235294117647058,16.0,13.666666666666666,,,0.3333333333333335,1.0,1.0,0.7333333333333334,16,7,13
10,GAS,Alpine,13,0,2020,Hungarian Grand Prix,3,17,13.823529411764707,0.38235294117647056,20.0,17.0,,,0.1578947368421053,1.0,1.0,0.6631578947368422,6,0,13
77,BOT,Kick Sauber,14,0,2020,Hungarian Grand Prix,3,13,16.058823529411764,0.0,17.0,16.666666666666668,,,0.17543859649122795,1.0,1.0,0.6701754385964911,3,4,13
24,ZHO,Kick Sauber,15,0,2020,Hungarian Grand Prix,3,19,16.11764705882353,0.0,18.0,14.666666666666666,,,0.2807017543859649,1.0,1.0,0.712280701754386,23,4,13
31,OCO,Alpine,16,0,2020,Hungarian Grand Prix,3,15,13.647058823529411,0.38235294117647056,13.0,15.333333333333334,,,0.2456140350877194,1.0,1.0,0.6982456140350877,13,0,13
63,RUS,Mercedes,17,0,2020,Hungarian Grand Prix,3,7,7.823529411764706,8.617647058823529,6.0,9.333333333333334,,,0.5614035087719298,1.0,1.0,0.8245614035087718,17,6,13
44,HAM,Mercedes,18,0,2020,Hungarian Grand Prix,3,11,6.411764705882353,8.617647058823529,9.0,11.333333333333334,,,0.45614035087719307,1.0,1.0,0.7824561403508772,7,6,13
1,VER,Red Bull Racing,19,0,2020,Hungarian Grand Prix,3,1,3.7058823529411766,12.323529411764707,1.0,7.0,,,0.6842105263157895,1.0,1.0,0.8736842105263158,22,8,13
1,VER,Red Bull Racing,1,26,2020,British Grand Prix,4,1,3.7058823529411766,12.323529411764707,19.0,7.0,,,0.6842105263157895,1.0,1.0,0.8736842105263158,22,8,7
11,PER,Red Bull Racing,2,18,2020,British Grand Prix,4,2,8.176470588235293,12.323529411764707,5.0,3.0,,,0.8947368421052632,1.0,1.0,0.9578947368421054,14,8,7
55,SAI,Ferrari,3,15,2020,British Grand Prix,4,4,5.875,11.735294117647058,1.0,2.3333333333333335,,,0.9298245614035088,1.0,1.0,0.9719298245614036,18,2,7
16,LEC,Ferrari,4,12,2020,British Grand Prix,4,8,5.0588235294117645,11.735294117647058,2.0,3.0,,,0.8947368421052632,1.0,1.0,0.9578947368421054,10,2,7
4,NOR,McLaren,5,10,2020,British Grand Prix,4,3,4.294117647058823,13.382352941176471,3.0,5.333333333333333,,,0.7719298245614035,1.0,1.0,0.9087719298245613,12,5,7
14,ALO,Aston Martin,6,8,2020,British Grand Prix,4,5,9.647058823529411,2.411764705882353,8.0,6.333333333333333,,,0.7192982456140351,1.0,1.0,0.8877192982456141,1,1,7
63,RUS,Mercedes,7,6,2020,British Grand Prix,4,9,7.823529411764706,8.617647058823529,17.0,10.0,,,0.5263157894736843,1.0,1.0,0.8105263157894738,17,6,7
81,PIA,McLaren,8,4,2020,British Grand Prix,4,6,4.647058823529412,13.382352941176471,4.0,5.333333333333333,,,0.7719298245614035,1.0,1.0,0.9087719298245613,15,5,7
44,HAM,Mercedes,9,2,2020,British Grand Prix,4,7,6.411764705882353,8.617647058823529,18.0,12.0,,,0.42105263157894735,1.0,1.0,0.7684210526315789,7,6,7
22,TSU,RB,10,1,2020,British Grand Prix,4,10,13.470588235294118,0.8235294117647058,7.0,10.666666666666666,,,0.49122807017543857,1.0,1.0,0.7964912280701755,21,7,7
27,HUL,Haas F1 Team,11,0,2020,British Grand Prix,4,12,11.823529411764707,0.7941176470588235,9.0,10.0,,,0.5263157894736843,1.0,1.0,0.8105263157894738,8,3,7
18,STR,Aston Martin,12,0,2020,British Grand Prix,4,16,12.647058823529411,2.411764705882353,6.0,12.333333333333334,,,0.4035087719298245,1.0,1.0,0.7614035087719297,20,1,7
20,MAG,Haas F1 Team,13,0,2020,British Grand Prix,4,18,13.75,0.7941176470588235,10.0,11.666666666666666,,,0.4385964912280702,1.0,1.0,0.775438596491228,11,3,7
77,BOT,Kick Sauber,14,0,2020,British Grand Prix,4,13,16.058823529411764,0.0,14.0,15.0,,,0.26315789473684204,1.0,1.0,0.7052631578947368,3,4,7
31,OCO,Alpine,15,0,2020,British Grand Prix,4,15,13.647058823529411,0.38235294117647056,16.0,14.666666666666666,,,0.2807017543859649,1.0,1.0,0.712280701754386,13,0,7
10,GAS,Alpine,16,0,2020,British Grand Prix,4,17,13.823529411764707,0.38235294117647056,13.0,16.333333333333332,,,0.19298245614035103,1.0,1.0,0.6771929824561405,6,0,7
2,SAR,Williams,17,0,2020,British Grand Prix,4,19,17.142857142857142,0.48484848484848486,14.0,17.0,,,0.1578947368421053,1.0,1.0,0.6631578947368422,19,9,7
24,ZHO,Kick Sauber,18,0,2020,British Grand Prix,4,20,16.11764705882353,0.0,15.0,17.0,,,0.1578947368421053,1.0,1.0,0.6631578947368422,23,4,7
3,RIC,RB,19,0,2020,British Grand Prix,4,11,13.117647058823529,0.8235294117647058,12.0,15.666666666666666,,,0.22807017543859653,1.0,1.0,0.6912280701754385,16,7,7
23,ALB,Williams,20,0,2020,British Grand Prix,4,14,13.588235294117647,0.48484848484848486,11.0,14.0,,,0.3157894736842106,1.0,1.0,0.7263157894736842,0,9,7
1,VER,Red Bull Racing,1,25,2020,70th Anniversary Grand Prix,5,1,3.7058823529411766,12.323529411764707,1.0,7.0,,,0.6842105263157895,1.0,1.0,0.8736842105263158,22,8,0
4,NOR,McLaren,2,18,2020,70th Anniversary Grand Prix,5,4,4.294117647058823,13.382352941176471,5.0,3.3333333333333335,,,0.8771929824561404,1.0,1.0,0.9508771929824562,12,5,0
11,PER,Red Bull Racing,3,15,2020,70th Anniversary Grand Prix,5,2,8.176470588235293,12.323529411764707,2.0,3.3333333333333335,,,0.8771929824561404,1.0,1.0,0.9508771929824562,14,8,0
16,LEC,Ferrari,4,12,2020,70th Anniversary Grand Prix,5,6,5.0588235294117645,11.735294117647058,4.0,3.3333333333333335,,,0.8771929824561404,1.0,1.0,0.9508771929824562,10,2,0
55,SAI,Ferrari,5,10,2020,70th Anniversary Grand Prix,5,7,5.875,11.735294117647058,3.0,3.0,,,0.8947368421052632,1.0,1.0,0.9578947368421054,18,2,0
63,RUS,Mercedes,6,8,2020,70th Anniversary Grand Prix,5,8,7.823529411764706,8.617647058823529,7.0,10.0,,,0.5263157894736843,1.0,1.0,0.8105263157894738,17,6,0
14,ALO,Aston Martin,7,7,2020,70th Anniversary Grand Prix,5,3,9.647058823529411,2.411764705882353,6.0,7.0,,,0.6842105263157895,1.0,1.0,0.8736842105263158,1,1,0
81,PIA,McLaren,8,4,2020,70th Anniversary Grand Prix,5,5,4.647058823529412,13.382352941176471,8.0,6.666666666666667,,,0.7017543859649122,1.0,1.0,0.880701754385965,15,5,0
44,HAM,Mercedes,9,2,2020,70th Anniversary Grand Prix,5,18,6.411764705882353,8.617647058823529,9.0,12.0,,,0.42105263157894735,1.0,1.0,0.7684210526315789,7,6,0
27,HUL,Haas F1 Team,10,1,2020,70th Anniversary Grand Prix,5,9,11.823529411764707,0.7941176470588235,11.0,10.0,,,0.5263157894736843,1.0,1.0,0.8105263157894738,8,3,0
31,OCO,Alpine,11,0,2020,70th Anniversary Grand Prix,5,13,13.647058823529411,0.38235294117647056,15.0,14.0,,,0.3157894736842106,1.0,1.0,0.7263157894736842,13,0,0
23,ALB,Williams,12,0,2020,70th Anniversary Grand Prix,5,14,13.588235294117647,0.48484848484848486,20.0,14.333333333333334,,,0.29824561403508776,1.0,1.0,0.7192982456140351,0,9,0
10,GAS,Alpine,13,0,2020,70th Anniversary Grand Prix,5,15,13.823529411764707,0.38235294117647056,16.0,14.0,,,0.3157894736842106,1.0,1.0,0.7263157894736842,6,0,0
24,ZHO,Kick Sauber,14,0,2020,70th Anniversary Grand Prix,5,16,16.11764705882353,0.0,18.0,15.666666666666666,,,0.22807017543859653,1.0,1.0,0.6912280701754385,23,4,0
18,STR,Aston Martin,15,0,2020,70th Anniversary Grand Prix,5,11,12.647058823529411,2.411764705882353,12.0,11.0,,,0.4736842105263157,1.0,1.0,0.7894736842105263,20,1,0
20,MAG,Haas F1 Team,16,0,2020,70th Anniversary Grand Prix,5,17,13.75,0.7941176470588235,13.0,13.0,,,0.368421052631579,1.0,1.0,0.7473684210526316,11,3,0
2,SAR,Williams,17,0,2020,70th Anniversary Grand Prix,5,20,17.142857142857142,0.48484848484848486,17.0,16.0,,,0.21052631578947367,1.0,1.0,0.6842105263157894,19,9,0
3,RIC,RB,18,0,2020,70th Anniversary Grand Prix,5,12,13.117647058823529,0.8235294117647058,19.0,16.333333333333332,,,0.19298245614035103,1.0,1.0,0.6771929824561405,16,7,0
22,TSU,RB,19,0,2020,70th Anniversary Grand Prix,5,19,13.470588235294118,0.8235294117647058,10.0,12.0,,,0.42105263157894735,1.0,1.0,0.7684210526315789,21,7,0
77,BOT,Kick Sauber,20,0,2020,70th Anniversary Grand Prix,5,10,16.058823529411764,0.0,14.0,16.0,,,0.21052631578947367,1.0,1.0,0.6842105263157894,3,4,0
4,NOR,McLaren,1,25,2020,Spanish Grand Prix,6,5,4.294117647058823,13.382352941176471,2.0,2.6666666666666665,,,0.9122807017543859,1.0,1.0,0.9649122807017545,12,5,26
1,VER,Red Bull Racing,2,18,2020,Spanish Grand Prix,6,1,3.7058823529411766,12.323529411764707,1.0,1.3333333333333333,,,0.9824561403508771,1.0,1.0,0.9929824561403509,22,8,26
16,LEC,Ferrari,3,15,2020,Spanish Grand Prix,6,2,5.0588235294117645,11.735294117647058,4.0,3.6666666666666665,,,0.8596491228070176,1.0,1.0,0.9438596491228071,10,2,26
11,PER,Red Bull Racing,4,12,2020,Spanish Grand Prix,6,4,8.176470588235293,12.323529411764707,3.0,3.0,,,0.8947368421052632,1.0,1.0,0.9578947368421054,14,8,26
55,SAI,Ferrari,5,10,2020,Spanish Grand Prix,6,3,5.875,11.735294117647058,5.0,4.333333333333333,,,0.8245614035087719,1.0,1.0,0.9298245614035088,18,2,26
44,HAM,Mercedes,6,8,2020,Spanish Grand Prix,6,8,6.411764705882353,8.617647058823529,9.0,8.0,,,0.631578947368421,1.0,1.0,0.8526315789473684,7,6,26
22,TSU,RB,7,6,2020,Spanish Grand Prix,6,10,13.470588235294118,0.8235294117647058,19.0,12.0,,,0.42105263157894735,1.0,1.0,0.7684210526315789,21,7,26
63,RUS,Mercedes,8,4,2020,Spanish Grand Prix,6,7,7.823529411764706,8.617647058823529,6.0,7.0,,,0.6842105263157895,1.0,1.0,0.8736842105263158,17,6,26
14,ALO,Aston Martin,9,2,2020,Spanish Grand Prix,6,15,9.647058823529411,2.411764705882353,7.0,7.333333333333333,,,0.6666666666666667,1.0,1.0,0.8666666666666667,1,1,26
31,OCO,Alpine,10,1,2020,Spanish Grand Prix,6,13,13.647058823529411,0.38235294117647056,11.0,12.0,,,0.42105263157894735,1.0,1.0,0.7684210526315789,13,0,26
27,HUL,Haas F1 Team,11,0,2020,Spanish Grand Prix,6,9,11.823529411764707,0.7941176470588235,10.0,10.666666666666666,,,0.49122807017543857,1.0,1.0,0.7964912280701755,8,3,26
10,GAS,Alpine,12,0,2020,Spanish Grand Prix,6,12,13.823529411764707,0.38235294117647056,13.0,13.666666666666666,,,0.3333333333333335,1.0,1.0,0.7333333333333334,6,0,26
81,PIA,McLaren,13,0,2020,Spanish Grand Prix,6,6,4.647058823529412,13.382352941176471,8.0,9.666666666666666,,,0.5438596491228072,1.0,1.0,0.8175438596491229,15,5,26
24,ZHO,Kick Sauber,14,0,2020,Spanish Grand Prix,6,20,16.11764705882353,0.0,14.0,15.333333333333334,,,0.2456140350877194,1.0,1.0,0.6982456140350877,23,4,26
3,RIC,RB,15,0,2020,Spanish Grand Prix,6,18,13.117647058823529,0.8235294117647058,18.0,17.333333333333332,,,0.14035087719298267,1.0,1.0,0.656140350877193,16,7,26
77,BOT,Kick Sauber,16,0,2020,Spanish Grand Prix,6,16,16.058823529411764,0.0,20.0,16.666666666666668,,,0.17543859649122795,1.0,1.0,0.6701754385964911,3,4,26
18,STR,Aston Martin,17,0,2020,Spanish Grand Prix,6,11,12.647058823529411,2.411764705882353,15.0,14.666666666666666,,,0.2807017543859649,1.0,1.0,0.712280701754386,20,1,26
23,ALB,Williams,18,0,2020,Spanish Grand Prix,6,14,13.588235294117647,0.48484848484848486,12.0,16.666666666666668,,,0.17543859649122795,1.0,1.0,0.6701754385964911,0,9,26
20,MAG,Haas F1 Team,19,0,2020,Spanish Grand Prix,6,19,13.75,0.7941176470588235,16.0,16.0,,,0.21052631578947367,1.0,1.0,0.6842105263157894,11,3,26
2,SAR,Williams,20,0,2020,Spanish Grand Prix,6,17,17.142857142857142,0.48484848484848486,17.0,18.0,,,0.10526315789473695,1.0,1.0,0.6421052631578947,19,9,26
1,VER,Red Bull Racing,1,25,2020,Belgian Grand Prix,7,1,3.7058823529411766,12.323529411764707,2.0,1.3333333333333333,,,0.9824561403508771,1.0,1.0,0.9929824561403509,22,8,6
4,NOR,McLaren,2,18,2020,Belgian Grand Prix,7,3,4.294117647058823,13.382352941176471,1.0,1.6666666666666667,,,0.9649122807017544,1.0,1.0,0.9859649122807017,12,5,6
16,LEC,Ferrari,3,15,2020,Belgian Grand Prix,7,4,5.0588235294117645,11.735294117647058,3.0,3.3333333333333335,,,0.8771929824561404,1.0,1.0,0.9508771929824562,10,2,6
81,PIA,McLaren,4,12,2020,Belgian Grand Prix,7,2,4.647058823529412,13.382352941176471,13.0,8.333333333333334,,,0.6140350877192982,1.0,1.0,0.8456140350877193,15,5,6
55,SAI,Ferrari,5,10,2020,Belgian Grand Prix,7,5,5.875,11.735294117647058,5.0,5.0,,,0.7894736842105263,1.0,1.0,0.9157894736842105,18,2,6
44,HAM,Mercedes,6,8,2020,Belgian Grand Prix,7,8,6.411764705882353,8.617647058823529,6.0,7.0,,,0.6842105263157895,1.0,1.0,0.8736842105263158,7,6,6
63,RUS,Mercedes,7,7,2020,Belgian Grand Prix,7,6,7.823529411764706,8.617647058823529,8.0,7.0,,,0.6842105263157895,1.0,1.0,0.8736842105263158,17,6,6
11,PER,Red Bull Racing,8,4,2020,Belgian Grand Prix,7,11,8.176470588235293,12.323529411764707,4.0,5.0,,,0.7894736842105263,1.0,1.0,0.9157894736842105,14,8,6
18,STR,Aston Martin,9,2,2020,Belgian Grand Prix,7,13,12.647058823529411,2.411764705882353,17.0,13.666666666666666,,,0.3333333333333335,1.0,1.0,0.7333333333333334,20,1,6
22,TSU,RB,10,1,2020,Belgian Grand Prix,7,7,13.470588235294118,0.8235294117647058,7.0,12.0,,,0.42105263157894735,1.0,1.0,0.7684210526315789,21,7,6
27,HUL,Haas F1 Team,11,0,2020,Belgian Grand Prix,7,10,11.823529411764707,0.7941176470588235,11.0,10.666666666666666,,,0.49122807017543857,1.0,1.0,0.7964912280701755,8,3,6
20,MAG,Haas F1 Team,12,0,2020,Belgian Grand Prix,7,18,13.75,0.7941176470588235,19.0,15.666666666666666,,,0.22807017543859653,1.0,1.0,0.6912280701754385,11,3,6
3,RIC,RB,13,0,2020,Belgian Grand Prix,7,9,13.117647058823529,0.8235294117647058,15.0,15.333333333333334,,,0.2456140350877194,1.0,1.0,0.6982456140350877,16,7,6
31,OCO,Alpine,14,0,2020,Belgian Grand Prix,7,12,13.647058823529411,0.38235294117647056,10.0,11.666666666666666,,,0.4385964912280702,1.0,1.0,0.775438596491228,13,0,6
24,ZHO,Kick Sauber,15,0,2020,Belgian Grand Prix,7,17,16.11764705882353,0.0,14.0,14.333333333333334,,,0.29824561403508776,1.0,1.0,0.7192982456140351,23,4,6
10,GAS,Alpine,16,0,2020,Belgian Grand Prix,7,15,13.823529411764707,0.38235294117647056,12.0,13.666666666666666,,,0.3333333333333335,1.0,1.0,0.7333333333333334,6,0,6
2,SAR,Williams,17,0,2020,Belgian Grand Prix,7,20,17.142857142857142,0.48484848484848486,20.0,18.0,,,0.10526315789473695,1.0,1.0,0.6421052631578947,19,9,6
77,BOT,Kick Sauber,18,0,2020,Belgian Grand Prix,7,16,16.058823529411764,0.0,16.0,18.0,,,0.10526315789473695,1.0,1.0,0.6421052631578947,3,4,6
14,ALO,Aston Martin,19,0,2020,Belgian Grand Prix,7,19,9.647058823529411,2.411764705882353,9.0,11.666666666666666,,,0.4385964912280702,1.0,1.0,0.775438596491228,1,1,6
23,ALB,Williams,20,0,2020,Belgian Grand Prix,7,14,13.588235294117647,0.48484848484848486,18.0,16.666666666666668,,,0.17543859649122795,1.0,1.0,0.6701754385964911,0,9,6
16,LEC,Ferrari,1,25,2020,Italian Grand Prix,8,1,5.0588235294117645,11.735294117647058,3.0,2.3333333333333335,,,0.9298245614035088,1.0,1.0,0.9719298245614036,10,2,14
81,PIA,McLaren,2,18,2020,Italian Grand Prix,8,2,4.647058823529412,13.382352941176471,4.0,6.333333333333333,,,0.7192982456140351,1.0,1.0,0.8877192982456141,15,5,14
55,SAI,Ferrari,3,15,2020,Italian Grand Prix,8,3,5.875,11.735294117647058,5.0,4.333333333333333,,,0.8245614035087719,1.0,1.0,0.9298245614035088,18,2,14
4,NOR,McLaren,4,12,2020,Italian Grand Prix,8,4,4.294117647058823,13.382352941176471,2.0,2.3333333333333335,,,0.9298245614035088,1.0,1.0,0.9719298245614036,12,5,14
63,RUS,Mercedes,5,10,2020,Italian Grand Prix,8,5,7.823529411764706,8.617647058823529,7.0,6.666666666666667,,,0.7017543859649122,1.0,1.0,0.880701754385965,17,6,14
1,VER,Red Bull Racing,6,8,2020,Italian Grand Prix,8,6,3.7058823529411766,12.323529411764707,1.0,3.0,,,0.8947368421052632,1.0,1.0,0.9578947368421054,22,8,14
44,HAM,Mercedes,7,7,2020,Italian Grand Prix,8,7,6.411764705882353,8.617647058823529,6.0,6.333333333333333,,,0.7192982456140351,1.0,1.0,0.8877192982456141,7,6,14
22,TSU,RB,8,4,2020,Italian Grand Prix,8,8,13.470588235294118,0.8235294117647058,10.0,8.333333333333334,,,0.6140350877192982,1.0,1.0,0.8456140350877193,21,7,14
23,ALB,Williams,9,2,2020,Italian Grand Prix,8,9,13.588235294117647,0.48484848484848486,20.0,15.666666666666666,,,0.22807017543859653,1.0,1.0,0.6912280701754385,0,9,14
10,GAS,Alpine,10,1,2020,Italian Grand Prix,8,10,13.823529411764707,0.38235294117647056,16.0,12.666666666666666,,,0.38596491228070184,1.0,1.0,0.7543859649122807,6,0,14
14,ALO,Aston Martin,11,0,2020,Italian Grand Prix,8,14,9.647058823529411,2.411764705882353,19.0,13.0,,,0.368421052631579,1.0,1.0,0.7473684210526316,1,1,14
3,RIC,RB,12,0,2020,Italian Grand Prix,8,12,13.117647058823529,0.8235294117647058,13.0,13.333333333333334,,,0.3508771929824561,1.0,1.0,0.7403508771929824,16,7,14
77,BOT,Kick Sauber,13,0,2020,Italian Grand Prix,8,17,16.058823529411764,0.0,18.0,15.666666666666666,,,0.22807017543859653,1.0,1.0,0.6912280701754385,3,4,14
18,STR,Aston Martin,14,0,2020,Italian Grand Prix,8,13,12.647058823529411,2.411764705882353,9.0,13.333333333333334,,,0.3508771929824561,1.0,1.0,0.7403508771929824,20,1,14
2,SAR,Williams,15,0,2020,Italian Grand Prix,8,15,17.142857142857142,0.48484848484848486,17.0,17.333333333333332,,,0.14035087719298267,1.0,1.0,0.656140350877193,19,9,14
24,ZHO,Kick Sauber,16,0,2020,Italian Grand Prix,8,18,16.11764705882353,0.0,15.0,15.0,,,0.26315789473684204,1.0,1.0,0.7052631578947368,23,4,14
31,OCO,Alpine,17,0,2020,Italian Grand Prix,8,11,13.647058823529411,0.38235294117647056,14.0,13.666666666666666,,,0.3333333333333335,1.0,1.0,0.7333333333333334,13,0,14
11,PER,Red Bull Racing,18,0,2020,Italian Grand Prix,8,16,8.176470588235293,12.323529411764707,8.0,10.0,,,0.5263157894736843,1.0,1.0,0.8105263157894738,14,8,14
27,HUL,Haas F1 Team,19,0,2020,Italian Grand Prix,8,14,11.823529411764707,0.7941176470588235,11.0,13.666666666666666,,,0.3333333333333335,1.0,1.0,0.7333333333333334,8,3,14
20,MAG,Haas F1 Team,20,0,2020,Italian Grand Prix,8,15,13.75,0.7941176470588235,12.0,17.0,,,0.1578947368421053,1.0,1.0,0.6631578947368422,11,3,14
1,VER,Red Bull Racing,1,25,2020,Tuscan Grand Prix,9,2,3.7058823529411766,12.323529411764707,6.0,2.6666666666666665,,,0.9122807017543859,1.0,1.0,0.9649122807017545,22,8,29
4,NOR,McLaren,2,18,2020,Tuscan Grand Prix,9,3,4.294117647058823,13.382352941176471,4.0,2.6666666666666665,,,0.9122807017543859,1.0,1.0,0.9649122807017545,12,5,29
63,RUS,Mercedes,3,15,2020,Tuscan Grand Prix,9,1,7.823529411764706,8.617647058823529,5.0,5.0,,,0.7894736842105263,1.0,1.0,0.9157894736842105,17,6,29
44,HAM,Mercedes,4,13,2020,Tuscan Grand Prix,9,7,6.411764705882353,8.617647058823529,7.0,5.666666666666667,,,0.7543859649122807,1.0,1.0,0.9017543859649124,7,6,29
81,PIA,McLaren,5,10,2020,Tuscan Grand Prix,9,4,4.647058823529412,13.382352941176471,2.0,3.6666666666666665,,,0.8596491228070176,1.0,1.0,0.9438596491228071,15,5,29
14,ALO,Aston Martin,6,8,2020,Tuscan Grand Prix,9,6,9.647058823529411,2.411764705882353,11.0,12.0,,,0.42105263157894735,1.0,1.0,0.7684210526315789,1,1,29
18,STR,Aston Martin,7,6,2020,Tuscan Grand Prix,9,9,12.647058823529411,2.411764705882353,14.0,10.0,,,0.5263157894736843,1.0,1.0,0.8105263157894738,20,1,29
3,RIC,RB,8,4,2020,Tuscan Grand Prix,9,5,13.117647058823529,0.8235294117647058,12.0,11.0,,,0.4736842105263157,1.0,1.0,0.7894736842105263,16,7,29
10,GAS,Alpine,9,2,2020,Tuscan Grand Prix,9,15,13.823529411764707,0.38235294117647056,10.0,11.666666666666666,,,0.4385964912280702,1.0,1.0,0.775438596491228,6,0,29
31,OCO,Alpine,10,1,2020,Tuscan Grand Prix,9,18,13.647058823529411,0.38235294117647056,17.0,13.666666666666666,,,0.3333333333333335,1.0,1.0,0.7333333333333334,13,0,29
27,HUL,Haas F1 Team,11,0,2020,Tuscan Grand Prix,9,19,11.823529411764707,0.7941176470588235,19.0,13.666666666666666,,,0.3333333333333335,1.0,1.0,0.7333333333333334,8,3,29
20,MAG,Haas F1 Team,12,0,2020,Tuscan Grand Prix,9,14,13.75,0.7941176470588235,20.0,14.666666666666666,,,0.2807017543859649,1.0,1.0,0.712280701754386,11,3,29
77,BOT,Kick Sauber,13,0,2020,Tuscan Grand Prix,9,17,16.058823529411764,0.0,13.0,14.666666666666666,,,0.2807017543859649,1.0,1.0,0.712280701754386,3,4,29
22,TSU,RB,14,0,2020,Tuscan Grand Prix,9,8,13.470588235294118,0.8235294117647058,8.0,10.666666666666666,,,0.49122807017543857,1.0,1.0,0.7964912280701755,21,7,29
24,ZHO,Kick Sauber,15,0,2020,Tuscan Grand Prix,9,20,16.11764705882353,0.0,16.0,15.333333333333334,,,0.2456140350877194,1.0,1.0,0.6982456140350877,23,4,29
55,SAI,Ferrari,16,0,2020,Tuscan Grand Prix,9,12,5.875,11.735294117647058,3.0,8.0,,,0.631578947368421,1.0,1.0,0.8526315789473684,18,2,29
23,ALB,Williams,17,0,2020,Tuscan Grand Prix,9,10,13.588235294117647,0.48484848484848486,9.0,15.333333333333334,,,0.2456140350877194,1.0,1.0,0.6982456140350877,0,9,29
11,PER,Red Bull Racing,18,0,2020,Tuscan Grand Prix,9,16,8.176470588235293,12.323529411764707,18.0,14.666666666666666,,,0.2807017543859649,1.0,1.0,0.712280701754386,14,8,29
16,LEC,Ferrari,19,0,2020,Tuscan Grand Prix,9,11,5.0588235294117645,11.735294117647058,1.0,7.666666666666667,,,0.6491228070175439,1.0,1.0,0.8596491228070176,10,2,29
2,SAR,Williams,20,0,2020,Tuscan Grand Prix,9,13,17.142857142857142,0.48484848484848486,15.0,17.333333333333332,,,0.14035087719298267,1.0,1.0,0.656140350877193,19,9,29
1,VER,Red Bull Racing,1,25,2020,Russian Grand Prix,10,2,3.7058823529411766,12.323529411764707,1.0,2.6666666666666665,,,0.9122807017543859,1.0,1.0,0.9649122807017545,22,8,22
4,NOR,McLaren,2,19,2020,Russian Grand Prix,10,1,4.294117647058823,13.382352941176471,2.0,2.6666666666666665,,,0.9122807017543859,1.0,1.0,0.9649122807017545,12,5,22
44,HAM,Mercedes,3,15,2020,Russian Grand Prix,10,3,6.411764705882353,8.617647058823529,4.0,4.666666666666667,,,0.8070175438596491,1.0,1.0,0.9228070175438596,7,6,22
63,RUS,Mercedes,4,12,2020,Russian Grand Prix,10,4,7.823529411764706,8.617647058823529,3.0,4.0,,,0.8421052631578947,1.0,1.0,0.9368421052631579,17,6,22
16,LEC,Ferrari,5,10,2020,Russian Grand Prix,10,5,5.0588235294117645,11.735294117647058,19.0,8.333333333333334,,,0.6140350877192982,1.0,1.0,0.8456140350877193,10,2,22
55,SAI,Ferrari,6,8,2020,Russian Grand Prix,10,6,5.875,11.735294117647058,16.0,8.333333333333334,,,0.6140350877192982,1.0,1.0,0.8456140350877193,18,2,22
81,PIA,McLaren,7,6,2020,Russian Grand Prix,10,10,4.647058823529412,13.382352941176471,5.0,4.666666666666667,,,0.8070175438596491,1.0,1.0,0.9228070175438596,15,5,22
11,PER,Red Bull Racing,8,4,2020,Russian Grand Prix,10,8,8.176470588235293,12.323529411764707,18.0,14.666666666666666,,,0.2807017543859649,1.0,1.0,0.712280701754386,14,8,22
10,GAS,Alpine,9,2,2020,Russian Grand Prix,10,7,13.823529411764707,0.38235294117647056,9.0,9.333333333333334,,,0.5614035087719298,1.0,1.0,0.8245614035087718,6,0,22
31,OCO,Alpine,10,1,2020,Russian Grand Prix,10,9,13.647058823529411,0.38235294117647056,10.0,12.333333333333334,,,0.4035087719298245,1.0,1.0,0.7614035087719297,13,0,22
27,HUL,Haas F1 Team,11,0,2020,Russian Grand Prix,10,13,11.823529411764707,0.7941176470588235,11.0,13.666666666666666,,,0.3333333333333335,1.0,1.0,0.7333333333333334,8,3,22
14,ALO,Aston Martin,12,0,2020,Russian Grand Prix,10,11,9.647058823529411,2.411764705882353,6.0,9.666666666666666,,,0.5438596491228072,1.0,1.0,0.8175438596491229,1,1,22
24,ZHO,Kick Sauber,13,0,2020,Russian Grand Prix,10,15,16.11764705882353,0.0,15.0,14.666666666666666,,,0.2807017543859649,1.0,1.0,0.712280701754386,23,4,22
18,STR,Aston Martin,14,0,2020,Russian Grand Prix,10,14,12.647058823529411,2.411764705882353,7.0,11.666666666666666,,,0.4385964912280702,1.0,1.0,0.775438596491228,20,1,22
3,RIC,RB,15,0,2020,Russian Grand Prix,10,18,13.117647058823529,0.8235294117647058,8.0,11.666666666666666,,,0.4385964912280702,1.0,1.0,0.775438596491228,16,7,22
77,BOT,Kick Sauber,16,0,2020,Russian Grand Prix,10,12,16.058823529411764,0.0,13.0,14.0,,,0.3157894736842106,1.0,1.0,0.7263157894736842,3,4,22
20,MAG,Haas F1 Team,17,0,2020,Russian Grand Prix,10,16,13.75,0.7941176470588235,12.0,16.333333333333332,,,0.19298245614035103,1.0,1.0,0.6771929824561405,11,3,22
23,ALB,Williams,18,0,2020,Russian Grand Prix,10,19,13.588235294117647,0.48484848484848486,17.0,14.666666666666666,,,0.2807017543859649,1.0,1.0,0.712280701754386,0,9,22
22,TSU,RB,19,0,2020,Russian Grand Prix,10,17,13.470588235294118,0.8235294117647058,14.0,13.666666666666666,,,0.3333333333333335,1.0,1.0,0.7333333333333334,21,7,22
2,SAR,Williams,20,0,2020,Russian Grand Prix,10,20,17.142857142857142,0.48484848484848486,20.0,18.333333333333332,,,0.08771929824561409,1.0,1.0,0.6350877192982456,19,9,22
63,RUS,Mercedes,1,25,2020,Eifel Grand Prix,11,3,7.823529411764706,8.617647058823529,4.0,2.6666666666666665,,,0.9122807017543859,1.0,1.0,0.9649122807017545,17,6,10
81,PIA,McLaren,2,18,2020,Eifel Grand Prix,11,7,4.647058823529412,13.382352941176471,7.0,4.666666666666667,,,0.8070175438596491,1.0,1.0,0.9228070175438596,15,5,10
55,SAI,Ferrari,3,15,2020,Eifel Grand Prix,11,4,5.875,11.735294117647058,6.0,8.333333333333334,,,0.6140350877192982,1.0,1.0,0.8456140350877193,18,2,10
44,HAM,Mercedes,4,12,2020,Eifel Grand Prix,11,5,6.411764705882353,8.617647058823529,3.0,3.6666666666666665,,,0.8596491228070176,1.0,1.0,0.9438596491228071,7,6,10
1,VER,Red Bull Racing,5,10,2020,Eifel Grand Prix,11,1,3.7058823529411766,12.323529411764707,1.0,2.3333333333333335,,,0.9298245614035088,1.0,1.0,0.9719298245614036,22,8,10
27,HUL,Haas F1 Team,6,8,2020,Eifel Grand Prix,11,9,11.823529411764707,0.7941176470588235,11.0,9.333333333333334,,,0.5614035087719298,1.0,1.0,0.8245614035087718,8,3,10
11,PER,Red Bull Racing,7,6,2020,Eifel Grand Prix,11,8,8.176470588235293,12.323529411764707,8.0,11.0,,,0.4736842105263157,1.0,1.0,0.7894736842105263,14,8,10
20,MAG,Haas F1 Team,8,4,2020,Eifel Grand Prix,11,12,13.75,0.7941176470588235,17.0,12.333333333333334,,,0.4035087719298245,1.0,1.0,0.7614035087719297,11,3,10
3,RIC,RB,9,2,2020,Eifel Grand Prix,11,11,13.117647058823529,0.8235294117647058,15.0,10.666666666666666,,,0.49122807017543857,1.0,1.0,0.7964912280701755,16,7,10
10,GAS,Alpine,10,1,2020,Eifel Grand Prix,11,13,13.823529411764707,0.38235294117647056,9.0,9.333333333333334,,,0.5614035087719298,1.0,1.0,0.8245614035087718,6,0,10
16,LEC,Ferrari,11,0,2020,Eifel Grand Prix,11,6,5.0588235294117645,11.735294117647058,5.0,11.666666666666666,,,0.4385964912280702,1.0,1.0,0.775438596491228,10,2,10
31,OCO,Alpine,12,0,2020,Eifel Grand Prix,11,10,13.647058823529411,0.38235294117647056,10.0,10.666666666666666,,,0.49122807017543857,1.0,1.0,0.7964912280701755,13,0,10
18,STR,Aston Martin,13,0,2020,Eifel Grand Prix,11,17,12.647058823529411,2.411764705882353,14.0,11.333333333333334,,,0.45614035087719307,1.0,1.0,0.7824561403508772,20,1,10
22,TSU,RB,14,0,2020,Eifel Grand Prix,11,14,13.470588235294118,0.8235294117647058,19.0,15.666666666666666,,,0.22807017543859653,1.0,1.0,0.6912280701754385,21,7,10
23,ALB,Williams,15,0,2020,Eifel Grand Prix,11,16,13.588235294117647,0.48484848484848486,18.0,16.666666666666668,,,0.17543859649122795,1.0,1.0,0.6701754385964911,0,9,10
77,BOT,Kick Sauber,16,0,2020,Eifel Grand Prix,11,18,16.058823529411764,0.0,16.0,15.0,,,0.26315789473684204,1.0,1.0,0.7052631578947368,3,4,10
24,ZHO,Kick Sauber,17,0,2020,Eifel Grand Prix,11,20,16.11764705882353,0.0,13.0,15.0,,,0.26315789473684204,1.0,1.0,0.7052631578947368,23,4,10
14,ALO,Aston Martin,18,0,2020,Eifel Grand Prix,11,15,9.647058823529411,2.411764705882353,12.0,12.0,,,0.42105263157894735,1.0,1.0,0.7684210526315789,1,1,10
2,SAR,Williams,19,0,2020,Eifel Grand Prix,11,19,17.142857142857142,0.48484848484848486,20.0,19.666666666666668,,,0.01754385964912264,1.0,1.0,0.607017543859649,19,9,10
4,NOR,McLaren,20,0,2020,Eifel Grand Prix,11,2,4.294117647058823,13.382352941176471,2.0,8.0,,,0.631578947368421,1.0,1.0,0.8526315789473684,12,5,10
44,HAM,Mercedes,1,25,2020,Portuguese Grand Prix,12,2,6.411764705882353,8.617647058823529,4.0,2.6666666666666665,,,0.9122807017543859,1.0,1.0,0.9649122807017545,7,6,20
1,VER,Red Bull Racing,2,18,2020,Portuguese Grand Prix,12,4,3.7058823529411766,12.323529411764707,5.0,2.6666666666666665,,,0.9122807017543859,1.0,1.0,0.9649122807017545,22,8,20
4,NOR,McLaren,3,15,2020,Portuguese Grand Prix,12,3,4.294117647058823,13.382352941176471,20.0,8.333333333333334,,,0.6140350877192982,1.0,1.0,0.8456140350877193,12,5,20
81,PIA,McLaren,4,12,2020,Portuguese Grand Prix,12,5,4.647058823529412,13.382352941176471,2.0,4.333333333333333,,,0.8245614035087719,1.0,1.0,0.9298245614035088,15,5,20
55,SAI,Ferrari,5,11,2020,Portuguese Grand Prix,12,7,5.875,11.735294117647058,3.0,4.666666666666667,,,0.8070175438596491,1.0,1.0,0.9228070175438596,18,2,20
27,HUL,Haas F1 Team,6,8,2020,Portuguese Grand Prix,12,6,11.823529411764707,0.7941176470588235,6.0,7.666666666666667,,,0.6491228070175439,1.0,1.0,0.8596491228070176,8,3,20
18,STR,Aston Martin,7,6,2020,Portuguese Grand Prix,12,8,12.647058823529411,2.411764705882353,13.0,11.333333333333334,,,0.45614035087719307,1.0,1.0,0.7824561403508772,20,1,20
14,ALO,Aston Martin,8,4,2020,Portuguese Grand Prix,12,10,9.647058823529411,2.411764705882353,18.0,12.666666666666666,,,0.38596491228070184,1.0,1.0,0.7543859649122807,1,1,20
23,ALB,Williams,9,2,2020,Portuguese Grand Prix,12,9,13.588235294117647,0.48484848484848486,15.0,14.0,,,0.3157894736842106,1.0,1.0,0.7263157894736842,0,9,20
22,TSU,RB,10,1,2020,Portuguese Grand Prix,12,13,13.470588235294118,0.8235294117647058,14.0,14.333333333333334,,,0.29824561403508776,1.0,1.0,0.7192982456140351,21,7,20
2,SAR,Williams,11,0,2020,Portuguese Grand Prix,12,12,17.142857142857142,0.48484848484848486,19.0,16.666666666666668,,,0.17543859649122795,1.0,1.0,0.6701754385964911,19,9,20
20,MAG,Haas F1 Team,12,0,2020,Portuguese Grand Prix,12,17,13.75,0.7941176470588235,8.0,12.333333333333334,,,0.4035087719298245,1.0,1.0,0.7614035087719297,11,3,20
3,RIC,RB,13,0,2020,Portuguese Grand Prix,12,15,13.117647058823529,0.8235294117647058,9.0,12.333333333333334,,,0.4035087719298245,1.0,1.0,0.7614035087719297,16,7,20
16,LEC,Ferrari,14,0,2020,Portuguese Grand Prix,12,11,5.0588235294117645,11.735294117647058,11.0,10.0,,,0.5263157894736843,1.0,1.0,0.8105263157894738,10,2,20
77,BOT,Kick Sauber,15,0,2020,Portuguese Grand Prix,12,16,16.058823529411764,0.0,16.0,15.666666666666666,,,0.22807017543859653,1.0,1.0,0.6912280701754385,3,4,20
31,OCO,Alpine,16,0,2020,Portuguese Grand Prix,12,18,13.647058823529411,0.38235294117647056,12.0,12.666666666666666,,,0.38596491228070184,1.0,1.0,0.7543859649122807,13,0,20
11,PER,Red Bull Racing,17,0,2020,Portuguese Grand Prix,12,19,8.176470588235293,12.323529411764707,7.0,10.666666666666666,,,0.49122807017543857,1.0,1.0,0.7964912280701755,14,8,20
24,ZHO,Kick Sauber,18,0,2020,Portuguese Grand Prix,12,14,16.11764705882353,0.0,17.0,16.0,,,0.21052631578947367,1.0,1.0,0.6842105263157894,23,4,20
63,RUS,Mercedes,19,0,2020,Portuguese Grand Prix,12,1,7.823529411764706,8.617647058823529,1.0,8.0,,,0.631578947368421,1.0,1.0,0.8526315789473684,17,6,20
10,GAS,Alpine,20,0,2020,Portuguese Grand Prix,12,20,13.823529411764707,0.38235294117647056,10.0,13.0,,,0.368421052631579,1.0,1.0,0.7473684210526316,6,0,20
81,PIA,McLaren,1,25,2020,Emilia Romagna Grand Prix,13,2,4.647058823529412,13.382352941176471,4.0,2.3333333333333335,,,0.9298245614035088,1.0,1.0,0.9719298245614036,15,5,11
4,NOR,McLaren,2,18,2020,Emilia Romagna Grand Prix,13,1,4.294117647058823,13.382352941176471,3.0,8.333333333333334,,,0.6140350877192982,1.0,1.0,0.8456140350877193,12,5,11
44,HAM,Mercedes,3,15,2020,Emilia Romagna Grand Prix,13,5,6.411764705882353,8.617647058823529,1.0,2.6666666666666665,,,0.9122807017543859,1.0,1.0,0.9649122807017545,7,6,11
16,LEC,Ferrari,4,12,2020,Emilia Romagna Grand Prix,13,6,5.0588235294117645,11.735294117647058,14.0,9.666666666666666,,,0.5438596491228072,1.0,1.0,0.8175438596491229,10,2,11
1,VER,Red Bull Racing,5,10,2020,Emilia Romagna Grand Prix,13,3,3.7058823529411766,12.323529411764707,2.0,4.0,,,0.8421052631578947,1.0,1.0,0.9368421052631579,22,8,11
55,SAI,Ferrari,6,8,2020,Emilia Romagna Grand Prix,13,4,5.875,11.735294117647058,5.0,4.666666666666667,,,0.8070175438596491,1.0,1.0,0.9228070175438596,18,2,11
11,PER,Red Bull Racing,7,6,2020,Emilia Romagna Grand Prix,13,16,8.176470588235293,12.323529411764707,17.0,10.333333333333334,,,0.5087719298245614,1.0,1.0,0.8035087719298246,14,8,11
63,RUS,Mercedes,8,5,2020,Emilia Romagna Grand Prix,13,17,7.823529411764706,8.617647058823529,19.0,9.333333333333334,,,0.5614035087719298,1.0,1.0,0.8245614035087718,17,6,11
22,TSU,RB,9,2,2020,Emilia Romagna Grand Prix,13,10,13.470588235294118,0.8235294117647058,10.0,11.0,,,0.4736842105263157,1.0,1.0,0.7894736842105263,21,7,11
18,STR,Aston Martin,10,1,2020,Emilia Romagna Grand Prix,13,8,12.647058823529411,2.411764705882353,7.0,10.0,,,0.5263157894736843,1.0,1.0,0.8105263157894738,20,1,11
14,ALO,Aston Martin,11,0,2020,Emilia Romagna Grand Prix,13,7,9.647058823529411,2.411764705882353,8.0,12.333333333333334,,,0.4035087719298245,1.0,1.0,0.7614035087719297,1,1,11
3,RIC,RB,12,0,2020,Emilia Romagna Grand Prix,13,9,13.117647058823529,0.8235294117647058,13.0,11.333333333333334,,,0.45614035087719307,1.0,1.0,0.7824561403508772,16,7,11
27,HUL,Haas F1 Team,13,0,2020,Emilia Romagna Grand Prix,13,11,11.823529411764707,0.7941176470588235,6.0,8.333333333333334,,,0.6140350877192982,1.0,1.0,0.8456140350877193,8,3,11
23,ALB,Williams,14,0,2020,Emilia Romagna Grand Prix,13,13,13.588235294117647,0.48484848484848486,9.0,12.666666666666666,,,0.38596491228070184,1.0,1.0,0.7543859649122807,0,9,11
20,MAG,Haas F1 Team,15,0,2020,Emilia Romagna Grand Prix,13,15,13.75,0.7941176470588235,12.0,11.666666666666666,,,0.4385964912280702,1.0,1.0,0.775438596491228,11,3,11
77,BOT,Kick Sauber,16,0,2020,Emilia Romagna Grand Prix,13,12,16.058823529411764,0.0,15.0,15.666666666666666,,,0.22807017543859653,1.0,1.0,0.6912280701754385,3,4,11
2,SAR,Williams,17,0,2020,Emilia Romagna Grand Prix,13,14,17.142857142857142,0.48484848484848486,11.0,15.666666666666666,,,0.22807017543859653,1.0,1.0,0.6912280701754385,19,9,11
31,OCO,Alpine,18,0,2020,Emilia Romagna Grand Prix,13,19,13.647058823529411,0.38235294117647056,16.0,15.333333333333334,,,0.2456140350877194,1.0,1.0,0.6982456140350877,13,0,11
24,ZHO,Kick Sauber,19,0,2020,Emilia Romagna Grand Prix,13,18,16.11764705882353,0.0,18.0,18.0,,,0.10526315789473695,1.0,1.0,0.6421052631578947,23,4,11
10,GAS,Alpine,20,0,2020,Emilia Romagna Grand Prix,13,20,13.823529411764707,0.38235294117647056,20.0,16.666666666666668,,,0.17543859649122795,1.0,1.0,0.6701754385964911,6,0,11
44,HAM,Mercedes,1,25,2020,Turkish Grand Prix,14,4,6.411764705882353,8.617647058823529,3.0,1.6666666666666667,,,0.9649122807017544,1.0,1.0,0.9859649122807017,7,6,28
81,PIA,McLaren,2,18,2020,Turkish Grand Prix,14,6,4.647058823529412,13.382352941176471,1.0,2.3333333333333335,,,0.9298245614035088,1.0,1.0,0.9719298245614036,15,5,28
16,LEC,Ferrari,3,15,2020,Turkish Grand Prix,14,2,5.0588235294117645,11.735294117647058,4.0,7.0,,,0.6842105263157895,1.0,1.0,0.8736842105263158,10,2,28
1,VER,Red Bull Racing,4,12,2020,Turkish Grand Prix,14,1,3.7058823529411766,12.323529411764707,5.0,3.6666666666666665,,,0.8596491228070176,1.0,1.0,0.9438596491228071,22,8,28
4,NOR,McLaren,5,10,2020,Turkish Grand Prix,14,5,4.294117647058823,13.382352941176471,2.0,3.3333333333333335,,,0.8771929824561404,1.0,1.0,0.9508771929824562,12,5,28
55,SAI,Ferrari,6,8,2020,Turkish Grand Prix,14,8,5.875,11.735294117647058,6.0,5.666666666666667,,,0.7543859649122807,1.0,1.0,0.9017543859649124,18,2,28
11,PER,Red Bull Racing,7,7,2020,Turkish Grand Prix,14,3,8.176470588235293,12.323529411764707,7.0,10.333333333333334,,,0.5087719298245614,1.0,1.0,0.8035087719298246,14,8,28
14,ALO,Aston Martin,8,4,2020,Turkish Grand Prix,14,9,9.647058823529411,2.411764705882353,11.0,9.0,,,0.5789473684210527,1.0,1.0,0.831578947368421,1,1,28
31,OCO,Alpine,9,2,2020,Turkish Grand Prix,14,10,13.647058823529411,0.38235294117647056,18.0,14.333333333333334,,,0.29824561403508776,1.0,1.0,0.7192982456140351,13,0,28
3,RIC,RB,10,1,2020,Turkish Grand Prix,14,13,13.117647058823529,0.8235294117647058,12.0,11.666666666666666,,,0.4385964912280702,1.0,1.0,0.775438596491228,16,7,28
18,STR,Aston Martin,11,0,2020,Turkish Grand Prix,14,15,12.647058823529411,2.411764705882353,10.0,9.333333333333334,,,0.5614035087719298,1.0,1.0,0.8245614035087718,20,1,28
23,ALB,Williams,12,0,2020,Turkish Grand Prix,14,11,13.588235294117647,0.48484848484848486,14.0,11.666666666666666,,,0.4385964912280702,1.0,1.0,0.775438596491228,0,9,28
10,GAS,Alpine,13,0,2020,Turkish Grand Prix,14,12,13.823529411764707,0.38235294117647056,20.0,17.666666666666668,,,0.12280701754385959,1.0,1.0,0.6491228070175439,6,0,28
20,MAG,Haas F1 Team,14,0,2020,Turkish Grand Prix,14,17,13.75,0.7941176470588235,15.0,13.666666666666666,,,0.3333333333333335,1.0,1.0,0.7333333333333334,11,3,28
77,BOT,Kick Sauber,15,0,2020,Turkish Grand Prix,14,14,16.058823529411764,0.0,16.0,15.333333333333334,,,0.2456140350877194,1.0,1.0,0.6982456140350877,3,4,28
22,TSU,RB,16,0,2020,Turkish Grand Prix,14,18,13.470588235294118,0.8235294117647058,9.0,11.666666666666666,,,0.4385964912280702,1.0,1.0,0.775438596491228,21,7,28
2,SAR,Williams,17,0,2020,Turkish Grand Prix,14,19,17.142857142857142,0.48484848484848486,17.0,15.0,,,0.26315789473684204,1.0,1.0,0.7052631578947368,19,9,28
27,HUL,Haas F1 Team,18,0,2020,Turkish Grand Prix,14,16,11.823529411764707,0.7941176470588235,13.0,12.333333333333334,,,0.4035087719298245,1.0,1.0,0.7614035087719297,8,3,28
24,ZHO,Kick Sauber,19,0,2020,Turkish Grand Prix,14,20,16.11764705882353,0.0,19.0,18.666666666666668,,,0.07017543859649122,1.0,1.0,0.6280701754385964,23,4,28
63,RUS,Mercedes,20,0,2020,Turkish Grand Prix,14,7,7.823529411764706,8.617647058823529,8.0,15.666666666666666,,,0.22807017543859653,1.0,1.0,0.6912280701754385,17,6,28
4,NOR,McLaren,1,26,2020,Bahrain Grand Prix,15,1,4.294117647058823,13.382352941176471,5.0,2.6666666666666665,,,0.9122807017543859,1.0,1.0,0.9649122807017545,12,5,5
1,VER,Red Bull Racing,2,18,2020,Bahrain Grand Prix,15,2,3.7058823529411766,12.323529411764707,4.0,3.6666666666666665,,,0.8596491228070176,1.0,1.0,0.9438596491228071,22,8,5
16,LEC,Ferrari,3,15,2020,Bahrain Grand Prix,15,6,5.0588235294117645,11.735294117647058,3.0,3.3333333333333335,,,0.8771929824561404,1.0,1.0,0.9508771929824562,10,2,5
81,PIA,McLaren,4,12,2020,Bahrain Grand Prix,15,3,4.647058823529412,13.382352941176471,2.0,2.3333333333333335,,,0.9298245614035088,1.0,1.0,0.9719298245614036,15,5,5
55,SAI,Ferrari,5,10,2020,Bahrain Grand Prix,15,10,5.875,11.735294117647058,6.0,5.666666666666667,,,0.7543859649122807,1.0,1.0,0.9017543859649124,18,2,5
11,PER,Red Bull Racing,6,8,2020,Bahrain Grand Prix,15,5,8.176470588235293,12.323529411764707,7.0,6.666666666666667,,,0.7017543859649122,1.0,1.0,0.880701754385965,14,8,5
63,RUS,Mercedes,7,6,2020,Bahrain Grand Prix,15,4,7.823529411764706,8.617647058823529,20.0,11.666666666666666,,,0.4385964912280702,1.0,1.0,0.775438596491228,17,6,5
44,HAM,Mercedes,8,4,2020,Bahrain Grand Prix,15,11,6.411764705882353,8.617647058823529,1.0,4.0,,,0.8421052631578947,1.0,1.0,0.9368421052631579,7,6,5
10,GAS,Alpine,9,2,2020,Bahrain Grand Prix,15,9,13.823529411764707,0.38235294117647056,13.0,14.0,,,0.3157894736842106,1.0,1.0,0.7263157894736842,6,0,5
14,ALO,Aston Martin,10,1,2020,Bahrain Grand Prix,15,7,9.647058823529411,2.411764705882353,8.0,9.666666666666666,,,0.5438596491228072,1.0,1.0,0.8175438596491229,1,1,5
27,HUL,Haas F1 Team,11,0,2020,Bahrain Grand Prix,15,13,11.823529411764707,0.7941176470588235,18.0,14.0,,,0.3157894736842106,1.0,1.0,0.7263157894736842,8,3,5
3,RIC,RB,12,0,2020,Bahrain Grand Prix,15,15,13.117647058823529,0.8235294117647058,10.0,11.333333333333334,,,0.45614035087719307,1.0,1.0,0.7824561403508772,16,7,5
18,STR,Aston Martin,13,0,2020,Bahrain Grand Prix,15,8,12.647058823529411,2.411764705882353,11.0,11.333333333333334,,,0.45614035087719307,1.0,1.0,0.7824561403508772,20,1,5
23,ALB,Williams,14,0,2020,Bahrain Grand Prix,15,10,13.588235294117647,0.48484848484848486,12.0,13.333333333333334,,,0.3508771929824561,1.0,1.0,0.7403508771929824,0,9,5
31,OCO,Alpine,15,0,2020,Bahrain Grand Prix,15,16,13.647058823529411,0.38235294117647056,9.0,14.0,,,0.3157894736842106,1.0,1.0,0.7263157894736842,13,0,5
2,SAR,Williams,16,0,2020,Bahrain Grand Prix,15,20,17.142857142857142,0.48484848484848486,17.0,16.666666666666668,,,0.17543859649122795,1.0,1.0,0.6701754385964911,19,9,5
22,TSU,RB,17,0,2020,Bahrain Grand Prix,15,12,13.470588235294118,0.8235294117647058,16.0,14.0,,,0.3157894736842106,1.0,1.0,0.7263157894736842,21,7,5
20,MAG,Haas F1 Team,18,0,2020,Bahrain Grand Prix,15,14,13.75,0.7941176470588235,14.0,15.666666666666666,,,0.22807017543859653,1.0,1.0,0.6912280701754385,11,3,5
77,BOT,Kick Sauber,19,0,2020,Bahrain Grand Prix,15,17,16.058823529411764,0.0,15.0,16.666666666666668,,,0.17543859649122795,1.0,1.0,0.6701754385964911,3,4,5
24,ZHO,Kick Sauber,20,0,2020,Bahrain Grand Prix,15,18,16.11764705882353,0.0,19.0,19.333333333333332,,,0.03508771929824572,1.0,1.0,0.6140350877192983,23,4,5
16,LEC,Ferrari,1,25,2020,Sakhir Grand Prix,16,4,5.0588235294117645,11.735294117647058,3.0,2.3333333333333335,,,0.9298245614035088,1.0,1.0,0.9719298245614036,10,2,23
81,PIA,McLaren,2,18,2020,Sakhir Grand Prix,16,2,4.647058823529412,13.382352941176471,4.0,2.6666666666666665,,,0.9122807017543859,1.0,1.0,0.9649122807017545,15,5,23
4,NOR,McLaren,3,16,2020,Sakhir Grand Prix,16,1,4.294117647058823,13.382352941176471,1.0,3.0,,,0.8947368421052632,1.0,1.0,0.9578947368421054,12,5,23
55,SAI,Ferrari,4,12,2020,Sakhir Grand Prix,16,5,5.875,11.735294117647058,5.0,5.0,,,0.7894736842105263,1.0,1.0,0.9157894736842105,18,2,23
44,HAM,Mercedes,5,10,2020,Sakhir Grand Prix,16,6,6.411764705882353,8.617647058823529,8.0,4.666666666666667,,,0.8070175438596491,1.0,1.0,0.9228070175438596,7,6,23
1,VER,Red Bull Racing,6,8,2020,Sakhir Grand Prix,16,7,3.7058823529411766,12.323529411764707,2.0,4.0,,,0.8421052631578947,1.0,1.0,0.9368421052631579,22,8,23
63,RUS,Mercedes,7,6,2020,Sakhir Grand Prix,16,3,7.823529411764706,8.617647058823529,7.0,11.333333333333334,,,0.45614035087719307,1.0,1.0,0.7824561403508772,17,6,23
11,PER,Red Bull Racing,8,4,2020,Sakhir Grand Prix,16,8,8.176470588235293,12.323529411764707,6.0,7.0,,,0.6842105263157895,1.0,1.0,0.8736842105263158,14,8,23
23,ALB,Williams,9,2,2020,Sakhir Grand Prix,16,9,13.588235294117647,0.48484848484848486,14.0,11.666666666666666,,,0.4385964912280702,1.0,1.0,0.775438596491228,0,9,23
20,MAG,Haas F1 Team,10,1,2020,Sakhir Grand Prix,16,13,13.75,0.7941176470588235,18.0,14.0,,,0.3157894736842106,1.0,1.0,0.7263157894736842,11,3,23
14,ALO,Aston Martin,11,0,2020,Sakhir Grand Prix,16,11,9.647058823529411,2.411764705882353,10.0,9.666666666666666,,,0.5438596491228072,1.0,1.0,0.8175438596491229,1,1,23
43,COL,Williams,12,0,2020,Sakhir Grand Prix,16,18,10.0,0.48484848484848486,10.0,12.0,,,0.42105263157894735,1.0,1.0,0.7684210526315789,4,9,23
3,RIC,RB,13,0,2020,Sakhir Grand Prix,16,12,13.117647058823529,0.8235294117647058,12.0,11.666666666666666,,,0.4385964912280702,1.0,1.0,0.775438596491228,16,7,23
31,OCO,Alpine,14,0,2020,Sakhir Grand Prix,16,15,13.647058823529411,0.38235294117647056,15.0,12.666666666666666,,,0.38596491228070184,1.0,1.0,0.7543859649122807,13,0,23
10,GAS,Alpine,15,0,2020,Sakhir Grand Prix,16,14,13.823529411764707,0.38235294117647056,9.0,12.333333333333334,,,0.4035087719298245,1.0,1.0,0.7614035087719297,6,0,23
77,BOT,Kick Sauber,16,0,2020,Sakhir Grand Prix,16,19,16.058823529411764,0.0,19.0,16.666666666666668,,,0.17543859649122795,1.0,1.0,0.6701754385964911,3,4,23
27,HUL,Haas F1 Team,17,0,2020,Sakhir Grand Prix,16,10,11.823529411764707,0.7941176470588235,11.0,15.333333333333334,,,0.2456140350877194,1.0,1.0,0.6982456140350877,8,3,23
24,ZHO,Kick Sauber,18,0,2020,Sakhir Grand Prix,16,20,16.11764705882353,0.0,20.0,19.0,,,0.05263157894736836,1.0,1.0,0.6210526315789473,23,4,23
18,STR,Aston Martin,19,0,2020,Sakhir Grand Prix,16,17,12.647058823529411,2.411764705882353,13.0,14.333333333333334,,,0.29824561403508776,1.0,1.0,0.7192982456140351,20,1,23
22,TSU,RB,20,0,2020,Sakhir Grand Prix,16,16,13.470588235294118,0.8235294117647058,17.0,17.666666666666668,,,0.12280701754385959,1.0,1.0,0.6491228070175439,21,7,23
81,PIA,McLaren,1,25,2020,Abu Dhabi Grand Prix,17,2,4.647058823529412,13.382352941176471,2.0,2.3333333333333335,,,0.9298245614035088,1.0,1.0,0.9719298245614036,15,5,1
16,LEC,Ferrari,2,18,2020,Abu Dhabi Grand Prix,17,1,5.0588235294117645,11.735294117647058,1.0,2.0,,,0.9473684210526316,1.0,1.0,0.9789473684210528,10,2,1
63,RUS,Mercedes,3,15,2020,Abu Dhabi Grand Prix,17,5,7.823529411764706,8.617647058823529,7.0,5.666666666666667,,,0.7543859649122807,1.0,1.0,0.9017543859649124,17,6,1
4,NOR,McLaren,4,13,2020,Abu Dhabi Grand Prix,17,16,4.294117647058823,13.382352941176471,3.0,2.6666666666666665,,,0.9122807017543859,1.0,1.0,0.9649122807017545,12,5,1
1,VER,Red Bull Racing,5,10,2020,Abu Dhabi Grand Prix,17,6,3.7058823529411766,12.323529411764707,6.0,4.333333333333333,,,0.8245614035087719,1.0,1.0,0.9298245614035088,22,8,1
14,ALO,Aston Martin,6,8,2020,Abu Dhabi Grand Prix,17,8,9.647058823529411,2.411764705882353,11.0,9.0,,,0.5789473684210527,1.0,1.0,0.831578947368421,1,1,1
23,ALB,Williams,7,6,2020,Abu Dhabi Grand Prix,17,10,13.588235294117647,0.48484848484848486,9.0,10.0,,,0.5263157894736843,1.0,1.0,0.8105263157894738,0,9,1
43,COL,Williams,8,4,2020,Abu Dhabi Grand Prix,17,9,10.0,0.48484848484848486,12.0,10.0,,,0.5263157894736843,1.0,1.0,0.8105263157894738,4,9,1
44,HAM,Mercedes,9,2,2020,Abu Dhabi Grand Prix,17,7,6.411764705882353,8.617647058823529,5.0,7.333333333333333,,,0.6666666666666667,1.0,1.0,0.8666666666666667,7,6,1
50,BEA,Haas F1 Team,10,1,2020,Abu Dhabi Grand Prix,17,11,8.5,0.7941176470588235,7.0,8.5,,,0.605263157894737,1.0,1.0,0.8421052631578947,2,3,1
27,HUL,Haas F1 Team,11,0,2020,Abu Dhabi Grand Prix,17,13,11.823529411764707,0.7941176470588235,17.0,13.0,,,0.368421052631579,1.0,1.0,0.7473684210526316,8,3,1
10,GAS,Alpine,12,0,2020,Abu Dhabi Grand Prix,17,15,13.823529411764707,0.38235294117647056,15.0,12.0,,,0.42105263157894735,1.0,1.0,0.7684210526315789,6,0,1
3,RIC,RB,13,0,2020,Abu Dhabi Grand Prix,17,15,13.117647058823529,0.8235294117647058,13.0,12.666666666666666,,,0.38596491228070184,1.0,1.0,0.7543859649122807,16,7,1
24,ZHO,Kick Sauber,14,0,2020,Abu Dhabi Grand Prix,17,18,16.11764705882353,0.0,18.0,17.333333333333332,,,0.14035087719298267,1.0,1.0,0.656140350877193,23,4,1
31,OCO,Alpine,15,0,2020,Abu Dhabi Grand Prix,17,19,13.647058823529411,0.38235294117647056,14.0,14.666666666666666,,,0.2807017543859649,1.0,1.0,0.712280701754386,13,0,1
77,BOT,Kick Sauber,16,0,2020,Abu Dhabi Grand Prix,17,17,16.058823529411764,0.0,16.0,17.0,,,0.1578947368421053,1.0,1.0,0.6631578947368422,3,4,1
11,PER,Red Bull Racing,17,0,2020,Abu Dhabi Grand Prix,17,4,8.176470588235293,12.323529411764707,8.0,10.333333333333334,,,0.5087719298245614,1.0,1.0,0.8035087719298246,14,8,1
55,SAI,Ferrari,18,0,2020,Abu Dhabi Grand Prix,17,3,5.875,11.735294117647058,4.0,9.0,,,0.5789473684210527,1.0,1.0,0.831578947368421,18,2,1
18,STR,Aston Martin,19,0,2020,Abu Dhabi Grand Prix,17,14,12.647058823529411,2.411764705882353,19.0,17.0,,,0.1578947368421053,1.0,1.0,0.6631578947368422,20,1,1
22,TSU,RB,20,0,2020,Abu Dhabi Grand Prix,17,12,13.470588235294118,0.8235294117647058,20.0,19.0,,,0.05263157894736836,1.0,1.0,0.6210526315789473,21,7,1
1,VER,Red Bull Racing,1,26,2021,Bahrain Grand Prix,1,1,3.789473684210526,11.447368421052632,5.0,4.0,2.0,2.0,0.8421052631578947,0.9,0.9,0.8768421052631579,22,8,5
11,PER,Red Bull Racing,2,18,2021,Bahrain Grand Prix,1,5,9.052631578947368,11.447368421052632,17.0,9.0,6.0,5.0,0.5789473684210527,0.7,0.75,0.666578947368421,14,8,5
55,SAI,Ferrari,3,15,2021,Bahrain Grand Prix,1,4,6.055555555555555,11.894736842105264,18.0,8.333333333333334,5.0,10.0,0.6140350877192982,0.75,0.5,0.6206140350877193,18,2,5
16,LEC,Ferrari,4,12,2021,Bahrain Grand Prix,1,2,5.0,11.894736842105264,2.0,2.3333333333333335,3.0,6.0,0.9298245614035088,0.85,0.7,0.8369298245614035,10,2,5
63,RUS,Mercedes,5,10,2021,Bahrain Grand Prix,1,3,6.473684210526316,8.921052631578947,3.0,5.0,7.0,4.0,0.7894736842105263,0.6499999999999999,0.8,0.7507894736842106,17,6,5
4,NOR,McLaren,6,8,2021,Bahrain Grand Prix,1,7,4.2631578947368425,12.921052631578947,4.0,4.333333333333333,1.0,1.0,0.8245614035087719,0.95,0.95,0.8998245614035087,12,5,5
44,HAM,Mercedes,7,6,2021,Bahrain Grand Prix,1,9,6.684210526315789,8.921052631578947,9.0,7.0,8.0,11.0,0.6842105263157895,0.6,0.44999999999999996,0.5886842105263158,7,6,5
81,PIA,McLaren,8,4,2021,Bahrain Grand Prix,1,8,5.052631578947368,12.921052631578947,1.0,3.6666666666666665,4.0,3.0,0.8596491228070176,0.8,0.85,0.838859649122807,15,5,5
14,ALO,Aston Martin,9,2,2021,Bahrain Grand Prix,1,6,10.263157894736842,2.1578947368421053,6.0,8.666666666666666,10.0,7.0,0.5964912280701755,0.5,0.6499999999999999,0.5835964912280702,1,1,5
18,STR,Aston Martin,10,1,2021,Bahrain Grand Prix,1,12,13.105263157894736,2.1578947368421053,19.0,16.0,13.0,8.0,0.21052631578947367,0.35,0.6,0.36921052631578943,20,1,5
24,ZHO,Kick Sauber,11,0,2021,Bahrain Grand Prix,1,17,15.789473684210526,0.0,14.0,14.333333333333334,20.0,18.0,0.29824561403508776,0.0,0.09999999999999998,0.1492982456140351,23,4,5
20,MAG,Haas F1 Team,12,0,2021,Bahrain Grand Prix,1,15,13.352941176470589,1.0789473684210527,10.0,13.333333333333334,18.0,14.0,0.3508771929824561,0.09999999999999998,0.29999999999999993,0.26035087719298244,11,3,5
3,RIC,RB,13,0,2021,Bahrain Grand Prix,1,14,13.5,0.9736842105263158,13.0,13.0,12.0,15.0,0.368421052631579,0.3999999999999999,0.25,0.3423684210526316,16,7,5
22,TSU,RB,14,0,2021,Bahrain Grand Prix,1,11,12.736842105263158,0.9736842105263158,20.0,18.0,17.0,12.0,0.10526315789473695,0.1499999999999999,0.3999999999999999,0.20710526315789474,21,7,5
23,ALB,Williams,15,0,2021,Bahrain Grand Prix,1,13,14.578947368421053,0.43243243243243246,7.0,10.333333333333334,14.0,10.0,0.5087719298245614,0.29999999999999993,0.5,0.4435087719298245,0,9,5
27,HUL,Haas F1 Team,16,0,2021,Bahrain Grand Prix,1,10,11.473684210526315,1.0789473684210527,11.0,14.666666666666666,11.0,13.0,0.2807017543859649,0.44999999999999996,0.35,0.3522807017543859,8,3,5
31,OCO,Alpine,17,0,2021,Bahrain Grand Prix,1,19,13.578947368421053,1.105263157894737,15.0,15.333333333333334,15.0,16.0,0.2456140350877194,0.25,0.19999999999999996,0.23324561403508776,13,0,5
10,GAS,Alpine,18,0,2021,Bahrain Grand Prix,1,20,13.842105263157896,1.105263157894737,12.0,15.0,9.0,9.0,0.26315789473684204,0.55,0.55,0.4352631578947368,6,0,5
77,BOT,Kick Sauber,19,0,2021,Bahrain Grand Prix,1,16,15.947368421052632,0.0,16.0,17.0,19.0,17.0,0.1578947368421053,0.04999999999999993,0.1499999999999999,0.12315789473684206,3,4,5
2,SAR,Williams,20,0,2021,Bahrain Grand Prix,1,18,16.916666666666668,0.43243243243243246,16.0,17.666666666666668,16.0,20.0,0.12280701754385959,0.19999999999999996,0.0,0.10912280701754382,19,9,5
1,VER,Red Bull Racing,1,25,2021,Emilia Romagna Grand Prix,2,1,3.789473684210526,11.447368421052632,1.0,2.3333333333333335,5.0,3.0,0.9298245614035088,0.75,0.85,0.8519298245614035,22,8,11
11,PER,Red Bull Racing,2,18,2021,Emilia Romagna Grand Prix,2,3,9.052631578947368,11.447368421052632,2.0,7.0,7.0,16.0,0.6842105263157895,0.6499999999999999,0.19999999999999996,0.5286842105263158,14,8,11
16,LEC,Ferrari,3,16,2021,Emilia Romagna Grand Prix,2,2,5.0,11.894736842105264,4.0,3.0,4.0,6.0,0.8947368421052632,0.8,0.7,0.8078947368421052,10,2,11
81,PIA,McLaren,4,12,2021,Emilia Romagna Grand Prix,2,5,5.052631578947368,12.921052631578947,8.0,4.333333333333333,1.0,2.0,0.8245614035087719,0.95,0.9,0.8848245614035088,15,5,11
14,ALO,Aston Martin,5,10,2021,Emilia Romagna Grand Prix,2,4,10.263157894736842,2.1578947368421053,9.0,6.666666666666667,11.0,7.0,0.7017543859649122,0.44999999999999996,0.6499999999999999,0.6107017543859649,1,1,11
63,RUS,Mercedes,6,8,2021,Emilia Romagna Grand Prix,2,7,6.473684210526316,8.921052631578947,5.0,4.666666666666667,8.0,17.0,0.8070175438596491,0.6,0.1499999999999999,0.5478070175438596,17,6,11
38,BEA,Ferrari,7,6,2021,Emilia Romagna Grand Prix,2,11,9.666666666666666,11.894736842105264,10.0,8.0,,,0.631578947368421,1.0,1.0,0.8526315789473684,2,2,11
4,NOR,McLaren,8,4,2021,Emilia Romagna Grand Prix,2,6,4.2631578947368425,12.921052631578947,6.0,6.0,2.0,1.0,0.736842105263158,0.9,0.95,0.8497368421052631,12,5,11
44,HAM,Mercedes,9,2,2021,Emilia Romagna Grand Prix,2,8,6.684210526315789,8.921052631578947,7.0,8.333333333333334,3.0,5.0,0.6140350877192982,0.85,0.75,0.7256140350877193,7,6,11
27,HUL,Haas F1 Team,10,1,2021,Emilia Romagna Grand Prix,2,15,11.473684210526315,1.0789473684210527,16.0,12.333333333333334,13.0,11.0,0.4035087719298245,0.35,0.44999999999999996,0.40140350877192976,8,3,11
23,ALB,Williams,11,0,2021,Emilia Romagna Grand Prix,2,12,14.578947368421053,0.43243243243243246,15.0,11.0,14.0,13.0,0.4736842105263157,0.29999999999999993,0.35,0.38447368421052625,0,9,11
20,MAG,Haas F1 Team,12,0,2021,Emilia Romagna Grand Prix,2,13,13.352941176470589,1.0789473684210527,12.0,11.333333333333334,15.0,15.0,0.45614035087719307,0.25,0.25,0.3324561403508772,11,3,11
31,OCO,Alpine,13,0,2021,Emilia Romagna Grand Prix,2,17,13.578947368421053,1.105263157894737,17.0,15.0,18.0,19.0,0.26315789473684204,0.09999999999999998,0.04999999999999993,0.1502631578947368,13,0,11
2,SAR,Williams,14,0,2021,Emilia Romagna Grand Prix,2,19,16.916666666666668,0.43243243243243246,20.0,16.666666666666668,17.0,14.0,0.17543859649122795,0.1499999999999999,0.29999999999999993,0.20517543859649112,19,9,11
22,TSU,RB,15,0,2021,Emilia Romagna Grand Prix,2,9,12.736842105263158,0.9736842105263158,14.0,16.333333333333332,9.0,10.0,0.19298245614035103,0.55,0.5,0.3921929824561404,21,7,11
3,RIC,RB,16,0,2021,Emilia Romagna Grand Prix,2,14,13.5,0.9736842105263158,13.0,14.0,12.0,9.0,0.3157894736842106,0.3999999999999999,0.55,0.4113157894736842,16,7,11
77,BOT,Kick Sauber,17,0,2021,Emilia Romagna Grand Prix,2,16,15.947368421052632,0.0,19.0,17.333333333333332,16.0,12.0,0.14035087719298267,0.19999999999999996,0.3999999999999999,0.23614035087719304,3,4,11
24,ZHO,Kick Sauber,18,0,2021,Emilia Romagna Grand Prix,2,20,15.789473684210526,0.0,11.0,14.333333333333334,19.0,18.0,0.29824561403508776,0.04999999999999993,0.09999999999999998,0.16429824561403508,23,4,11
18,STR,Aston Martin,19,0,2021,Emilia Romagna Grand Prix,2,10,13.105263157894736,2.1578947368421053,10.0,16.0,10.0,8.0,0.21052631578947367,0.5,0.6,0.4142105263157895,20,1,11
10,GAS,Alpine,20,0,2021,Emilia Romagna Grand Prix,2,18,13.842105263157896,1.105263157894737,18.0,16.666666666666668,20.0,20.0,0.17543859649122795,0.0,0.0,0.07017543859649118,6,0,11
55,SAI,Ferrari,1,25,2021,Portuguese Grand Prix,3,2,6.055555555555555,11.894736842105264,3.0,7.333333333333333,5.0,7.0,0.6666666666666667,0.75,0.6499999999999999,0.6866666666666666,18,2,20
16,LEC,Ferrari,2,19,2021,Portuguese Grand Prix,3,5,5.0,11.894736842105264,3.0,3.0,14.0,11.0,0.8947368421052632,0.29999999999999993,0.44999999999999996,0.5828947368421052,10,2,20
4,NOR,McLaren,3,15,2021,Portuguese Grand Prix,3,4,4.2631578947368425,12.921052631578947,8.0,5.666666666666667,3.0,3.0,0.7543859649122807,0.85,0.85,0.8117543859649123,12,5,20
81,PIA,McLaren,4,12,2021,Portuguese Grand Prix,3,6,5.052631578947368,12.921052631578947,4.0,5.333333333333333,4.0,5.0,0.7719298245614035,0.8,0.75,0.7737719298245614,15,5,20
11,PER,Red Bull Racing,5,10,2021,Portuguese Grand Prix,3,3,9.052631578947368,11.447368421052632,2.0,3.0,17.0,19.0,0.8947368421052632,0.1499999999999999,0.04999999999999993,0.4178947368421052,14,8,20
18,STR,Aston Martin,6,8,2021,Portuguese Grand Prix,3,9,13.105263157894736,2.1578947368421053,19.0,11.666666666666666,7.0,8.0,0.4385964912280702,0.6499999999999999,0.6,0.5504385964912281,20,1,20
22,TSU,RB,7,6,2021,Portuguese Grand Prix,3,8,12.736842105263158,0.9736842105263158,15.0,12.0,10.0,13.0,0.42105263157894735,0.5,0.35,0.4234210526315789,21,7,20
14,ALO,Aston Martin,8,4,2021,Portuguese Grand Prix,3,10,10.263157894736842,2.1578947368421053,5.0,7.333333333333333,8.0,10.0,0.6666666666666667,0.6,0.5,0.5966666666666667,1,1,20
27,HUL,Haas F1 Team,9,2,2021,Portuguese Grand Prix,3,16,11.473684210526315,1.0789473684210527,10.0,11.666666666666666,6.0,6.0,0.4385964912280702,0.7,0.7,0.5954385964912281,8,3,20
20,MAG,Haas F1 Team,10,1,2021,Portuguese Grand Prix,3,14,13.352941176470589,1.0789473684210527,12.0,11.333333333333334,12.0,17.0,0.45614035087719307,0.3999999999999999,0.1499999999999999,0.3474561403508772,11,3,20
23,ALB,Williams,11,0,2021,Portuguese Grand Prix,3,12,14.578947368421053,0.43243243243243246,11.0,12.333333333333334,9.0,9.0,0.4035087719298245,0.55,0.55,0.49140350877192984,0,9,20
3,RIC,RB,12,0,2021,Portuguese Grand Prix,3,18,13.5,0.9736842105263158,16.0,13.666666666666666,13.0,15.0,0.3333333333333335,0.35,0.25,0.3133333333333334,16,7,20
10,GAS,Alpine,13,0,2021,Portuguese Grand Prix,3,17,13.842105263157896,1.105263157894737,20.0,17.0,20.0,20.0,0.1578947368421053,0.0,0.0,0.06315789473684212,6,0,20
77,BOT,Kick Sauber,14,0,2021,Portuguese Grand Prix,3,13,15.947368421052632,0.0,17.0,16.666666666666668,15.0,16.0,0.17543859649122795,0.25,0.19999999999999996,0.20517543859649118,3,4,20
24,ZHO,Kick Sauber,15,0,2021,Portuguese Grand Prix,3,19,15.789473684210526,0.0,18.0,14.666666666666666,18.0,14.0,0.2807017543859649,0.09999999999999998,0.29999999999999993,0.23228070175438592,23,4,20
31,OCO,Alpine,16,0,2021,Portuguese Grand Prix,3,15,13.578947368421053,1.105263157894737,13.0,15.333333333333334,16.0,18.0,0.2456140350877194,0.19999999999999996,0.09999999999999998,0.18824561403508774,13,0,20
63,RUS,Mercedes,17,0,2021,Portuguese Grand Prix,3,7,6.473684210526316,8.921052631578947,6.0,9.333333333333334,19.0,1.0,0.5614035087719298,0.04999999999999993,0.95,0.5245614035087719,17,6,20
44,HAM,Mercedes,18,0,2021,Portuguese Grand Prix,3,11,6.684210526315789,8.921052631578947,9.0,11.333333333333334,1.0,2.0,0.45614035087719307,0.95,0.9,0.7374561403508773,7,6,20
1,VER,Red Bull Racing,19,0,2021,Portuguese Grand Prix,3,1,3.789473684210526,11.447368421052632,1.0,7.0,2.0,4.0,0.6842105263157895,0.9,0.8,0.7836842105263158,22,8,20
1,VER,Red Bull Racing,1,26,2021,Spanish Grand Prix,4,1,3.789473684210526,11.447368421052632,19.0,7.0,2.0,1.0,0.6842105263157895,0.9,0.95,0.8286842105263157,22,8,26
11,PER,Red Bull Racing,2,18,2021,Spanish Grand Prix,4,2,9.052631578947368,11.447368421052632,5.0,3.0,4.0,4.0,0.8947368421052632,0.8,0.8,0.8378947368421052,14,8,26
55,SAI,Ferrari,3,15,2021,Spanish Grand Prix,4,4,6.055555555555555,11.894736842105264,1.0,2.3333333333333335,5.0,3.0,0.9298245614035088,0.75,0.85,0.8519298245614035,18,2,26
16,LEC,Ferrari,4,12,2021,Spanish Grand Prix,4,8,5.0,11.894736842105264,2.0,3.0,3.0,2.0,0.8947368421052632,0.85,0.9,0.8828947368421053,10,2,26
4,NOR,McLaren,5,10,2021,Spanish Grand Prix,4,3,4.2631578947368425,12.921052631578947,3.0,5.333333333333333,1.0,5.0,0.7719298245614035,0.95,0.75,0.8187719298245614,12,5,26
14,ALO,Aston Martin,6,8,2021,Spanish Grand Prix,4,5,10.263157894736842,2.1578947368421053,8.0,6.333333333333333,9.0,15.0,0.7192982456140351,0.55,0.25,0.527719298245614,1,1,26
63,RUS,Mercedes,7,6,2021,Spanish Grand Prix,4,9,6.473684210526316,8.921052631578947,17.0,10.0,8.0,7.0,0.5263157894736843,0.6,0.6499999999999999,0.5855263157894737,17,6,26
81,PIA,McLaren,8,4,2021,Spanish Grand Prix,4,6,5.052631578947368,12.921052631578947,4.0,5.333333333333333,13.0,6.0,0.7719298245614035,0.35,0.7,0.6237719298245614,15,5,26
44,HAM,Mercedes,9,2,2021,Spanish Grand Prix,4,7,6.684210526315789,8.921052631578947,18.0,12.0,6.0,8.0,0.42105263157894735,0.7,0.6,0.5584210526315789,7,6,26
22,TSU,RB,10,1,2021,Spanish Grand Prix,4,10,12.736842105263158,0.9736842105263158,7.0,10.666666666666666,7.0,10.0,0.49122807017543857,0.6499999999999999,0.5,0.5414912280701755,21,7,26
27,HUL,Haas F1 Team,11,0,2021,Spanish Grand Prix,4,12,11.473684210526315,1.0789473684210527,9.0,10.0,11.0,9.0,0.5263157894736843,0.44999999999999996,0.55,0.5105263157894737,8,3,26
18,STR,Aston Martin,12,0,2021,Spanish Grand Prix,4,16,13.105263157894736,2.1578947368421053,6.0,12.333333333333334,17.0,11.0,0.4035087719298245,0.1499999999999999,0.44999999999999996,0.3414035087719297,20,1,26
20,MAG,Haas F1 Team,13,0,2021,Spanish Grand Prix,4,18,13.352941176470589,1.0789473684210527,10.0,11.666666666666666,19.0,19.0,0.4385964912280702,0.04999999999999993,0.04999999999999993,0.20543859649122806,11,3,26
77,BOT,Kick Sauber,14,0,2021,Spanish Grand Prix,4,13,15.947368421052632,0.0,14.0,15.0,16.0,16.0,0.26315789473684204,0.19999999999999996,0.19999999999999996,0.22526315789473678,3,4,26
31,OCO,Alpine,15,0,2021,Spanish Grand Prix,4,15,13.578947368421053,1.105263157894737,16.0,14.666666666666666,10.0,13.0,0.2807017543859649,0.5,0.35,0.36728070175438593,13,0,26
10,GAS,Alpine,16,0,2021,Spanish Grand Prix,4,17,13.842105263157896,1.105263157894737,13.0,16.333333333333332,12.0,12.0,0.19298245614035103,0.3999999999999999,0.3999999999999999,0.31719298245614036,6,0,26
2,SAR,Williams,17,0,2021,Spanish Grand Prix,4,19,16.916666666666668,0.43243243243243246,14.0,17.0,20.0,17.0,0.1578947368421053,0.0,0.1499999999999999,0.10815789473684209,19,9,26
24,ZHO,Kick Sauber,18,0,2021,Spanish Grand Prix,4,20,15.789473684210526,0.0,15.0,17.0,14.0,20.0,0.1578947368421053,0.29999999999999993,0.0,0.1531578947368421,23,4,26
3,RIC,RB,19,0,2021,Spanish Grand Prix,4,11,13.5,0.9736842105263158,12.0,15.666666666666666,15.0,18.0,0.22807017543859653,0.25,0.09999999999999998,0.1962280701754386,16,7,26
23,ALB,Williams,20,0,2021,Spanish Grand Prix,4,14,14.578947368421053,0.43243243243243246,11.0,14.0,18.0,14.0,0.3157894736842106,0.09999999999999998,0.29999999999999993,0.2463157894736842,0,9,26
1,VER,Red Bull Racing,1,25,2021,Monaco Grand Prix,5,1,3.789473684210526,11.447368421052632,1.0,7.0,,,0.6842105263157895,1.0,1.0,0.8736842105263158,22,8,19
4,NOR,McLaren,2,18,2021,Monaco Grand Prix,5,4,4.2631578947368425,12.921052631578947,5.0,3.3333333333333335,,,0.8771929824561404,1.0,1.0,0.9508771929824562,12,5,19
11,PER,Red Bull Racing,3,15,2021,Monaco Grand Prix,5,2,9.052631578947368,11.447368421052632,2.0,3.3333333333333335,,,0.8771929824561404,1.0,1.0,0.9508771929824562,14,8,19
16,LEC,Ferrari,4,12,2021,Monaco Grand Prix,5,6,5.0,11.894736842105264,4.0,3.3333333333333335,,,0.8771929824561404,1.0,1.0,0.9508771929824562,10,2,19
55,SAI,Ferrari,5,10,2021,Monaco Grand Prix,5,7,6.055555555555555,11.894736842105264,3.0,3.0,,,0.8947368421052632,1.0,1.0,0.9578947368421054,18,2,19
63,RUS,Mercedes,6,8,2021,Monaco Grand Prix,5,8,6.473684210526316,8.921052631578947,7.0,10.0,,,0.5263157894736843,1.0,1.0,0.8105263157894738,17,6,19
14,ALO,Aston Martin,7,7,2021,Monaco Grand Prix,5,3,10.263157894736842,2.1578947368421053,6.0,7.0,,,0.6842105263157895,1.0,1.0,0.8736842105263158,1,1,19
81,PIA,McLaren,8,4,2021,Monaco Grand Prix,5,5,5.052631578947368,12.921052631578947,8.0,6.666666666666667,,,0.7017543859649122,1.0,1.0,0.880701754385965,15,5,19
44,HAM,Mercedes,9,2,2021,Monaco Grand Prix,5,18,6.684210526315789,8.921052631578947,9.0,12.0,,,0.42105263157894735,1.0,1.0,0.7684210526315789,7,6,19
27,HUL,Haas F1 Team,10,1,2021,Monaco Grand Prix,5,9,11.473684210526315,1.0789473684210527,11.0,10.0,,,0.5263157894736843,1.0,1.0,0.8105263157894738,8,3,19
31,OCO,Alpine,11,0,2021,Monaco Grand Prix,5,13,13.578947368421053,1.105263157894737,15.0,14.0,,,0.3157894736842106,1.0,1.0,0.7263157894736842,13,0,19
23,ALB,Williams,12,0,2021,Monaco Grand Prix,5,14,14.578947368421053,0.43243243243243246,20.0,14.333333333333334,,,0.29824561403508776,1.0,1.0,0.7192982456140351,0,9,19
10,GAS,Alpine,13,0,2021,Monaco Grand Prix,5,15,13.842105263157896,1.105263157894737,16.0,14.0,,,0.3157894736842106,1.0,1.0,0.7263157894736842,6,0,19
24,ZHO,Kick Sauber,14,0,2021,Monaco Grand Prix,5,16,15.789473684210526,0.0,18.0,15.666666666666666,,,0.22807017543859653,1.0,1.0,0.6912280701754385,23,4,19
18,STR,Aston Martin,15,0,2021,Monaco Grand Prix,5,11,13.105263157894736,2.1578947368421053,12.0,11.0,,,0.4736842105263157,1.0,1.0,0.7894736842105263,20,1,19
20,MAG,Haas F1 Team,16,0,2021,Monaco Grand Prix,5,17,13.352941176470589,1.0789473684210527,13.0,13.0,,,0.368421052631579,1.0,1.0,0.7473684210526316,11,3,19
2,SAR,Williams,17,0,2021,Monaco Grand Prix,5,20,16.916666666666668,0.43243243243243246,17.0,16.0,,,0.21052631578947367,1.0,1.0,0.6842105263157894,19,9,19
3,RIC,RB,18,0,2021,Monaco Grand Prix,5,12,13.5,0.9736842105263158,19.0,16.333333333333332,,,0.19298245614035103,1.0,1.0,0.6771929824561405,16,7,19
22,TSU,RB,19,0,2021,Monaco Grand Prix,5,19,12.736842105263158,0.9736842105263158,10.0,12.0,,,0.42105263157894735,1.0,1.0,0.7684210526315789,21,7,19
77,BOT,Kick Sauber,20,0,2021,Monaco Grand Prix,5,10,15.947368421052632,0.0,14.0,16.0,,,0.21052631578947367,1.0,1.0,0.6842105263157894,3,4,19
4,NOR,McLaren,1,25,2021,Azerbaijan Grand Prix,6,5,4.2631578947368425,12.921052631578947,2.0,2.6666666666666665,,,0.9122807017543859,1.0,1.0,0.9649122807017545,12,5,4
1,VER,Red Bull Racing,2,18,2021,Azerbaijan Grand Prix,6,1,3.789473684210526,11.447368421052632,1.0,1.3333333333333333,,,0.9824561403508771,1.0,1.0,0.9929824561403509,22,8,4
16,LEC,Ferrari,3,15,2021,Azerbaijan Grand Prix,6,2,5.0,11.894736842105264,4.0,3.6666666666666665,,,0.8596491228070176,1.0,1.0,0.9438596491228071,10,2,4
11,PER,Red Bull Racing,4,12,2021,Azerbaijan Grand Prix,6,4,9.052631578947368,11.447368421052632,3.0,3.0,,,0.8947368421052632,1.0,1.0,0.9578947368421054,14,8,4
55,SAI,Ferrari,5,10,2021,Azerbaijan Grand Prix,6,3,6.055555555555555,11.894736842105264,5.0,4.333333333333333,,,0.8245614035087719,1.0,1.0,0.9298245614035088,18,2,4
44,HAM,Mercedes,6,8,2021,Azerbaijan Grand Prix,6,8,6.684210526315789,8.921052631578947,9.0,8.0,,,0.631578947368421,1.0,1.0,0.8526315789473684,7,6,4
22,TSU,RB,7,6,2021,Azerbaijan Grand Prix,6,10,12.736842105263158,0.9736842105263158,19.0,12.0,,,0.42105263157894735,1.0,1.0,0.7684210526315789,21,7,4
63,RUS,Mercedes,8,4,2021,Azerbaijan Grand Prix,6,7,6.473684210526316,8.921052631578947,6.0,7.0,,,0.6842105263157895,1.0,1.0,0.8736842105263158,17,6,4
14,ALO,Aston Martin,9,2,2021,Azerbaijan Grand Prix,6,15,10.263157894736842,2.1578947368421053,7.0,7.333333333333333,,,0.6666666666666667,1.0,1.0,0.8666666666666667,1,1,4
31,OCO,Alpine,10,1,2021,Azerbaijan Grand Prix,6,13,13.578947368421053,1.105263157894737,11.0,12.0,,,0.42105263157894735,1.0,1.0,0.7684210526315789,13,0,4
27,HUL,Haas F1 Team,11,0,2021,Azerbaijan Grand Prix,6,9,11.473684210526315,1.0789473684210527,10.0,10.666666666666666,,,0.49122807017543857,1.0,1.0,0.7964912280701755,8,3,4
10,GAS,Alpine,12,0,2021,Azerbaijan Grand Prix,6,12,13.842105263157896,1.105263157894737,13.0,13.666666666666666,,,0.3333333333333335,1.0,1.0,0.7333333333333334,6,0,4
81,PIA,McLaren,13,0,2021,Azerbaijan Grand Prix,6,6,5.052631578947368,12.921052631578947,8.0,9.666666666666666,,,0.5438596491228072,1.0,1.0,0.8175438596491229,15,5,4
24,ZHO,Kick Sauber,14,0,2021,Azerbaijan Grand Prix,6,20,15.789473684210526,0.0,14.0,15.333333333333334,,,0.2456140350877194,1.0,1.0,0.6982456140350877,23,4,4
3,RIC,RB,15,0,2021,Azerbaijan Grand Prix,6,18,13.5,0.9736842105263158,18.0,17.333333333333332,,,0.14035087719298267,1.0,1.0,0.656140350877193,16,7,4
77,BOT,Kick Sauber,16,0,2021,Azerbaijan Grand Prix,6,16,15.947368421052632,0.0,20.0,16.666666666666668,,,0.17543859649122795,1.0,1.0,0.6701754385964911,3,4,4
18,STR,Aston Martin,17,0,2021,Azerbaijan Grand Prix,6,11,13.105263157894736,2.1578947368421053,15.0,14.666666666666666,,,0.2807017543859649,1.0,1.0,0.712280701754386,20,1,4
23,ALB,Williams,18,0,2021,Azerbaijan Grand Prix,6,14,14.578947368421053,0.43243243243243246,12.0,16.666666666666668,,,0.17543859649122795,1.0,1.0,0.6701754385964911,0,9,4
20,MAG,Haas F1 Team,19,0,2021,Azerbaijan Grand Prix,6,19,13.352941176470589,1.0789473684210527,16.0,16.0,,,0.21052631578947367,1.0,1.0,0.6842105263157894,11,3,4
2,SAR,Williams,20,0,2021,Azerbaijan Grand Prix,6,17,16.916666666666668,0.43243243243243246,17.0,18.0,,,0.10526315789473695,1.0,1.0,0.6421052631578947,19,9,4
1,VER,Red Bull Racing,1,25,2021,French Grand Prix,7,1,3.789473684210526,11.447368421052632,2.0,1.3333333333333333,,,0.9824561403508771,1.0,1.0,0.9929824561403509,22,8,12
4,NOR,McLaren,2,18,2021,French Grand Prix,7,3,4.2631578947368425,12.921052631578947,1.0,1.6666666666666667,,,0.9649122807017544,1.0,1.0,0.9859649122807017,12,5,12
16,LEC,Ferrari,3,15,2021,French Grand Prix,7,4,5.0,11.894736842105264,3.0,3.3333333333333335,,,0.8771929824561404,1.0,1.0,0.9508771929824562,10,2,12
81,PIA,McLaren,4,12,2021,French Grand Prix,7,2,5.052631578947368,12.921052631578947,13.0,8.333333333333334,,,0.6140350877192982,1.0,1.0,0.8456140350877193,15,5,12
55,SAI,Ferrari,5,10,2021,French Grand Prix,7,5,6.055555555555555,11.894736842105264,5.0,5.0,,,0.7894736842105263,1.0,1.0,0.9157894736842105,18,2,12
44,HAM,Mercedes,6,8,2021,French Grand Prix,7,8,6.684210526315789,8.921052631578947,6.0,7.0,,,0.6842105263157895,1.0,1.0,0.8736842105263158,7,6,12
63,RUS,Mercedes,7,7,2021,French Grand Prix,7,6,6.473684210526316,8.921052631578947,8.0,7.0,,,0.6842105263157895,1.0,1.0,0.8736842105263158,17,6,12
11,PER,Red Bull Racing,8,4,2021,French Grand Prix,7,11,9.052631578947368,11.447368421052632,4.0,5.0,,,0.7894736842105263,1.0,1.0,0.9157894736842105,14,8,12
18,STR,Aston Martin,9,2,2021,French Grand Prix,7,13,13.105263157894736,2.1578947368421053,17.0,13.666666666666666,,,0.3333333333333335,1.0,1.0,0.7333333333333334,20,1,12
22,TSU,RB,10,1,2021,French Grand Prix,7,7,12.736842105263158,0.9736842105263158,7.0,12.0,,,0.42105263157894735,1.0,1.0,0.7684210526315789,21,7,12
27,HUL,Haas F1 Team,11,0,2021,French Grand Prix,7,10,11.473684210526315,1.0789473684210527,11.0,10.666666666666666,,,0.49122807017543857,1.0,1.0,0.7964912280701755,8,3,12
20,MAG,Haas F1 Team,12,0,2021,French Grand Prix,7,18,13.352941176470589,1.0789473684210527,19.0,15.666666666666666,,,0.22807017543859653,1.0,1.0,0.6912280701754385,11,3,12
3,RIC,RB,13,0,2021,French Grand Prix,7,9,13.5,0.9736842105263158,15.0,15.333333333333334,,,0.2456140350877194,1.0,1.0,0.6982456140350877,16,7,12
31,OCO,Alpine,14,0,2021,French Grand Prix,7,12,13.578947368421053,1.105263157894737,10.0,11.666666666666666,,,0.4385964912280702,1.0,1.0,0.775438596491228,13,0,12
24,ZHO,Kick Sauber,15,0,2021,French Grand Prix,7,17,15.789473684210526,0.0,14.0,14.333333333333334,,,0.29824561403508776,1.0,1.0,0.7192982456140351,23,4,12
10,GAS,Alpine,16,0,2021,French Grand Prix,7,15,13.842105263157896,1.105263157894737,12.0,13.666666666666666,,,0.3333333333333335,1.0,1.0,0.7333333333333334,6,0,12
2,SAR,Williams,17,0,2021,French Grand Prix,7,20,16.916666666666668,0.43243243243243246,20.0,18.0,,,0.10526315789473695,1.0,1.0,0.6421052631578947,19,9,12
77,BOT,Kick Sauber,18,0,2021,French Grand Prix,7,16,15.947368421052632,0.0,16.0,18.0,,,0.10526315789473695,1.0,1.0,0.6421052631578947,3,4,12
14,ALO,Aston Martin,19,0,2021,French Grand Prix,7,19,10.263157894736842,2.1578947368421053,9.0,11.666666666666666,,,0.4385964912280702,1.0,1.0,0.775438596491228,1,1,12
23,ALB,Williams,20,0,2021,French Grand Prix,7,14,14.578947368421053,0.43243243243243246,18.0,16.666666666666668,,,0.17543859649122795,1.0,1.0,0.6701754385964911,0,9,12
16,LEC,Ferrari,1,25,2021,Styrian Grand Prix,8,1,5.0,11.894736842105264,3.0,2.3333333333333335,3.0,2.0,0.9298245614035088,0.85,0.9,0.8969298245614036,10,2,27
81,PIA,McLaren,2,18,2021,Styrian Grand Prix,8,2,5.052631578947368,12.921052631578947,4.0,6.333333333333333,4.0,5.0,0.7192982456140351,0.8,0.75,0.752719298245614,15,5,27
55,SAI,Ferrari,3,15,2021,Styrian Grand Prix,8,3,6.055555555555555,11.894736842105264,5.0,4.333333333333333,,,0.8245614035087719,1.0,1.0,0.9298245614035088,18,2,27
4,NOR,McLaren,4,12,2021,Styrian Grand Prix,8,4,4.2631578947368425,12.921052631578947,2.0,2.3333333333333335,8.0,6.0,0.9298245614035088,0.6,0.7,0.7619298245614035,12,5,27
63,RUS,Mercedes,5,10,2021,Styrian Grand Prix,8,5,6.473684210526316,8.921052631578947,7.0,6.666666666666667,6.0,7.0,0.7017543859649122,0.7,0.6499999999999999,0.6857017543859648,17,6,27
1,VER,Red Bull Racing,6,8,2021,Styrian Grand Prix,8,6,3.789473684210526,11.447368421052632,1.0,3.0,1.0,1.0,0.8947368421052632,0.95,0.95,0.9278947368421051,22,8,27
44,HAM,Mercedes,7,7,2021,Styrian Grand Prix,8,7,6.684210526315789,8.921052631578947,6.0,6.333333333333333,9.0,8.0,0.7192982456140351,0.55,0.6,0.632719298245614,7,6,27
22,TSU,RB,8,4,2021,Styrian Grand Prix,8,8,12.736842105263158,0.9736842105263158,10.0,8.333333333333334,15.0,9.0,0.6140350877192982,0.25,0.55,0.4856140350877193,21,7,27
23,ALB,Williams,9,2,2021,Styrian Grand Prix,8,9,14.578947368421053,0.43243243243243246,20.0,15.666666666666666,11.0,12.0,0.22807017543859653,0.44999999999999996,0.3999999999999999,0.34622807017543855,0,9,27
10,GAS,Alpine,10,1,2021,Styrian Grand Prix,8,10,13.842105263157896,1.105263157894737,16.0,12.666666666666666,20.0,18.0,0.38596491228070184,0.0,0.09999999999999998,0.18438596491228074,6,0,27
14,ALO,Aston Martin,11,0,2021,Styrian Grand Prix,8,14,10.263157894736842,2.1578947368421053,19.0,13.0,5.0,4.0,0.368421052631579,0.75,0.8,0.6123684210526316,1,1,27
3,RIC,RB,12,0,2021,Styrian Grand Prix,8,12,13.5,0.9736842105263158,13.0,13.333333333333334,16.0,14.0,0.3508771929824561,0.19999999999999996,0.29999999999999993,0.2903508771929824,16,7,27
77,BOT,Kick Sauber,13,0,2021,Styrian Grand Prix,8,17,15.947368421052632,0.0,18.0,15.666666666666666,17.0,16.0,0.22807017543859653,0.1499999999999999,0.19999999999999996,0.19622807017543858,3,4,27
18,STR,Aston Martin,14,0,2021,Styrian Grand Prix,8,13,13.105263157894736,2.1578947368421053,9.0,13.333333333333334,19.0,10.0,0.3508771929824561,0.04999999999999993,0.5,0.30535087719298243,20,1,27
2,SAR,Williams,15,0,2021,Styrian Grand Prix,8,15,16.916666666666668,0.43243243243243246,17.0,17.333333333333332,14.0,19.0,0.14035087719298267,0.29999999999999993,0.04999999999999993,0.16114035087719306,19,9,27
24,ZHO,Kick Sauber,16,0,2021,Styrian Grand Prix,8,18,15.789473684210526,0.0,15.0,15.0,18.0,20.0,0.26315789473684204,0.09999999999999998,0.0,0.1352631578947368,23,4,27
31,OCO,Alpine,17,0,2021,Styrian Grand Prix,8,11,13.578947368421053,1.105263157894737,14.0,13.666666666666666,13.0,17.0,0.3333333333333335,0.35,0.1499999999999999,0.2833333333333334,13,0,27
11,PER,Red Bull Racing,18,0,2021,Styrian Grand Prix,8,16,9.052631578947368,11.447368421052632,8.0,10.0,2.0,3.0,0.5263157894736843,0.9,0.85,0.7355263157894738,14,8,27
27,HUL,Haas F1 Team,19,0,2021,Styrian Grand Prix,8,14,11.473684210526315,1.0789473684210527,11.0,13.666666666666666,10.0,15.0,0.3333333333333335,0.5,0.25,0.3583333333333334,8,3,27
20,MAG,Haas F1 Team,20,0,2021,Styrian Grand Prix,8,15,13.352941176470589,1.0789473684210527,12.0,17.0,12.0,13.0,0.1578947368421053,0.3999999999999999,0.35,0.28815789473684206,11,3,27
1,VER,Red Bull Racing,1,25,2021,Austrian Grand Prix,9,2,3.789473684210526,11.447368421052632,6.0,2.6666666666666665,1.0,1.0,0.9122807017543859,0.95,0.95,0.9349122807017543,22,8,3
4,NOR,McLaren,2,18,2021,Austrian Grand Prix,9,3,4.2631578947368425,12.921052631578947,4.0,2.6666666666666665,6.0,7.0,0.9122807017543859,0.7,0.6499999999999999,0.7699122807017543,12,5,3
63,RUS,Mercedes,3,15,2021,Austrian Grand Prix,9,1,6.473684210526316,8.921052631578947,5.0,5.0,5.0,3.0,0.7894736842105263,0.75,0.85,0.7957894736842105,17,6,3
44,HAM,Mercedes,4,13,2021,Austrian Grand Prix,9,7,6.684210526315789,8.921052631578947,7.0,5.666666666666667,7.0,9.0,0.7543859649122807,0.6499999999999999,0.55,0.6617543859649123,7,6,3
81,PIA,McLaren,5,10,2021,Austrian Grand Prix,9,4,5.052631578947368,12.921052631578947,2.0,3.6666666666666665,8.0,8.0,0.8596491228070176,0.6,0.6,0.7038596491228071,15,5,3
14,ALO,Aston Martin,6,8,2021,Austrian Grand Prix,9,6,10.263157894736842,2.1578947368421053,11.0,12.0,9.0,6.0,0.42105263157894735,0.55,0.7,0.5434210526315789,1,1,3
18,STR,Aston Martin,7,6,2021,Austrian Grand Prix,9,9,13.105263157894736,2.1578947368421053,14.0,10.0,10.0,12.0,0.5263157894736843,0.5,0.3999999999999999,0.4805263157894737,20,1,3
3,RIC,RB,8,4,2021,Austrian Grand Prix,9,5,13.5,0.9736842105263158,12.0,11.0,13.0,14.0,0.4736842105263157,0.35,0.29999999999999993,0.38447368421052625,16,7,3
10,GAS,Alpine,9,2,2021,Austrian Grand Prix,9,15,13.842105263157896,1.105263157894737,10.0,11.666666666666666,18.0,20.0,0.4385964912280702,0.09999999999999998,0.0,0.2054385964912281,6,0,3
31,OCO,Alpine,10,1,2021,Austrian Grand Prix,9,18,13.578947368421053,1.105263157894737,17.0,13.666666666666666,17.0,19.0,0.3333333333333335,0.1499999999999999,0.04999999999999993,0.19333333333333333,13,0,3
27,HUL,Haas F1 Team,11,0,2021,Austrian Grand Prix,9,19,11.473684210526315,1.0789473684210527,19.0,13.666666666666666,16.0,10.0,0.3333333333333335,0.19999999999999996,0.5,0.3433333333333334,8,3,3
20,MAG,Haas F1 Team,12,0,2021,Austrian Grand Prix,9,14,13.352941176470589,1.0789473684210527,20.0,14.666666666666666,12.0,15.0,0.2807017543859649,0.3999999999999999,0.25,0.30728070175438593,11,3,3
77,BOT,Kick Sauber,13,0,2021,Austrian Grand Prix,9,17,15.947368421052632,0.0,13.0,14.666666666666666,19.0,16.0,0.2807017543859649,0.04999999999999993,0.19999999999999996,0.18728070175438594,3,4,3
22,TSU,RB,14,0,2021,Austrian Grand Prix,9,8,12.736842105263158,0.9736842105263158,8.0,10.666666666666666,14.0,11.0,0.49122807017543857,0.29999999999999993,0.44999999999999996,0.42149122807017536,21,7,3
24,ZHO,Kick Sauber,15,0,2021,Austrian Grand Prix,9,20,15.789473684210526,0.0,16.0,15.333333333333334,11.0,17.0,0.2456140350877194,0.44999999999999996,0.1499999999999999,0.27824561403508774,23,4,3
55,SAI,Ferrari,16,0,2021,Austrian Grand Prix,9,12,6.055555555555555,11.894736842105264,3.0,8.0,3.0,4.0,0.631578947368421,0.85,0.8,0.7476315789473684,18,2,3
23,ALB,Williams,17,0,2021,Austrian Grand Prix,9,10,14.578947368421053,0.43243243243243246,9.0,15.333333333333334,15.0,13.0,0.2456140350877194,0.25,0.35,0.27824561403508774,0,9,3
11,PER,Red Bull Racing,18,0,2021,Austrian Grand Prix,9,16,9.052631578947368,11.447368421052632,18.0,14.666666666666666,2.0,5.0,0.2807017543859649,0.9,0.75,0.607280701754386,14,8,3
16,LEC,Ferrari,19,0,2021,Austrian Grand Prix,9,11,5.0,11.894736842105264,1.0,7.666666666666667,4.0,2.0,0.6491228070175439,0.8,0.9,0.7696491228070176,10,2,3
2,SAR,Williams,20,0,2021,Austrian Grand Prix,9,13,16.916666666666668,0.43243243243243246,15.0,17.333333333333332,20.0,18.0,0.14035087719298267,0.0,0.09999999999999998,0.08614035087719307,19,9,3
63,RUS,Mercedes,1,25,2021,Hungarian Grand Prix,11,3,6.473684210526316,8.921052631578947,3.0,3.0,17.0,7.0,0.8947368421052632,0.1499999999999999,0.6499999999999999,0.5978947368421053,17,6,13
81,PIA,McLaren,2,18,2021,Hungarian Grand Prix,11,7,5.052631578947368,12.921052631578947,5.0,3.0,4.0,6.0,0.8947368421052632,0.8,0.7,0.8078947368421052,15,5,13
55,SAI,Ferrari,3,15,2021,Hungarian Grand Prix,11,4,6.055555555555555,11.894736842105264,16.0,7.333333333333333,1.0,2.0,0.6666666666666667,0.95,0.9,0.8216666666666668,18,2,13
44,HAM,Mercedes,4,12,2021,Hungarian Grand Prix,11,5,6.684210526315789,8.921052631578947,4.0,5.0,18.0,11.0,0.7894736842105263,0.09999999999999998,0.44999999999999996,0.48078947368421054,7,6,13
1,VER,Red Bull Racing,5,10,2021,Hungarian Grand Prix,11,1,3.789473684210526,11.447368421052632,1.0,4.0,19.0,1.0,0.8421052631578947,0.04999999999999993,0.95,0.6368421052631579,22,8,13
27,HUL,Haas F1 Team,6,8,2021,Hungarian Grand Prix,11,9,11.473684210526315,1.0789473684210527,11.0,12.0,9.0,16.0,0.42105263157894735,0.55,0.19999999999999996,0.39342105263157895,8,3,13
11,PER,Red Bull Racing,7,6,2021,Hungarian Grand Prix,11,8,9.052631578947368,11.447368421052632,18.0,14.333333333333334,5.0,3.0,0.29824561403508776,0.75,0.85,0.5992982456140351,14,8,13
20,MAG,Haas F1 Team,8,4,2021,Hungarian Grand Prix,11,12,13.352941176470589,1.0789473684210527,12.0,13.333333333333334,10.0,14.0,0.3508771929824561,0.5,0.29999999999999993,0.38035087719298244,11,3,13
3,RIC,RB,9,2,2021,Hungarian Grand Prix,11,11,13.5,0.9736842105263158,8.0,9.666666666666666,12.0,18.0,0.5438596491228072,0.3999999999999999,0.09999999999999998,0.3675438596491228,16,7,13
10,GAS,Alpine,10,1,2021,Hungarian Grand Prix,11,13,13.842105263157896,1.105263157894737,9.0,9.666666666666666,13.0,17.0,0.5438596491228072,0.35,0.1499999999999999,0.36754385964912284,6,0,13
16,LEC,Ferrari,11,0,2021,Hungarian Grand Prix,11,6,5.0,11.894736842105264,19.0,10.333333333333334,2.0,5.0,0.5087719298245614,0.9,0.75,0.6985087719298246,10,2,13
31,OCO,Alpine,12,0,2021,Hungarian Grand Prix,11,10,13.578947368421053,1.105263157894737,10.0,13.0,16.0,15.0,0.368421052631579,0.19999999999999996,0.25,0.2823684210526316,13,0,13
18,STR,Aston Martin,13,0,2021,Hungarian Grand Prix,11,17,13.105263157894736,2.1578947368421053,7.0,11.333333333333334,6.0,9.0,0.45614035087719307,0.7,0.55,0.5574561403508772,20,1,13
22,TSU,RB,14,0,2021,Hungarian Grand Prix,11,14,12.736842105263158,0.9736842105263158,14.0,12.0,7.0,8.0,0.42105263157894735,0.6499999999999999,0.6,0.5434210526315789,21,7,13
23,ALB,Williams,15,0,2021,Hungarian Grand Prix,11,16,14.578947368421053,0.43243243243243246,17.0,13.666666666666666,11.0,12.0,0.3333333333333335,0.44999999999999996,0.3999999999999999,0.3883333333333333,0,9,13
77,BOT,Kick Sauber,16,0,2021,Hungarian Grand Prix,11,18,15.947368421052632,0.0,13.0,14.0,14.0,13.0,0.3157894736842106,0.29999999999999993,0.35,0.3213157894736842,3,4,13
24,ZHO,Kick Sauber,17,0,2021,Hungarian Grand Prix,11,20,15.789473684210526,0.0,15.0,16.0,15.0,19.0,0.21052631578947367,0.25,0.04999999999999993,0.17421052631578945,23,4,13
14,ALO,Aston Martin,18,0,2021,Hungarian Grand Prix,11,15,10.263157894736842,2.1578947368421053,6.0,11.666666666666666,8.0,10.0,0.4385964912280702,0.6,0.5,0.5054385964912281,1,1,13
2,SAR,Williams,19,0,2021,Hungarian Grand Prix,11,19,16.916666666666668,0.43243243243243246,20.0,18.0,,,0.10526315789473695,1.0,1.0,0.6421052631578947,19,9,13
4,NOR,McLaren,20,0,2021,Hungarian Grand Prix,11,2,4.2631578947368425,12.921052631578947,2.0,8.666666666666666,3.0,4.0,0.5964912280701755,0.85,0.8,0.7335964912280702,12,5,13
44,HAM,Mercedes,1,25,2021,Belgian Grand Prix,12,2,6.684210526315789,8.921052631578947,4.0,3.0,6.0,8.0,0.8947368421052632,0.7,0.6,0.7478947368421052,7,6,6
1,VER,Red Bull Racing,2,18,2021,Belgian Grand Prix,12,4,3.789473684210526,11.447368421052632,5.0,2.6666666666666665,1.0,1.0,0.9122807017543859,0.95,0.95,0.9349122807017543,22,8,6
4,NOR,McLaren,3,15,2021,Belgian Grand Prix,12,3,4.2631578947368425,12.921052631578947,20.0,8.333333333333334,2.0,3.0,0.6140350877192982,0.9,0.85,0.7706140350877193,12,5,6
81,PIA,McLaren,4,12,2021,Belgian Grand Prix,12,5,5.052631578947368,12.921052631578947,2.0,3.6666666666666665,4.0,2.0,0.8596491228070176,0.8,0.9,0.853859649122807,15,5,6
55,SAI,Ferrari,5,11,2021,Belgian Grand Prix,12,7,6.055555555555555,11.894736842105264,3.0,8.0,5.0,5.0,0.631578947368421,0.75,0.75,0.7026315789473684,18,2,6
27,HUL,Haas F1 Team,6,8,2021,Belgian Grand Prix,12,6,11.473684210526315,1.0789473684210527,6.0,7.666666666666667,11.0,10.0,0.6491228070175439,0.44999999999999996,0.5,0.5446491228070176,8,3,6
18,STR,Aston Martin,7,6,2021,Belgian Grand Prix,12,8,13.105263157894736,2.1578947368421053,13.0,9.0,9.0,13.0,0.5789473684210527,0.55,0.35,0.5015789473684211,20,1,6
14,ALO,Aston Martin,8,4,2021,Belgian Grand Prix,12,10,10.263157894736842,2.1578947368421053,18.0,10.666666666666666,19.0,19.0,0.49122807017543857,0.04999999999999993,0.04999999999999993,0.2264912280701754,1,1,6
23,ALB,Williams,9,2,2021,Belgian Grand Prix,12,9,14.578947368421053,0.43243243243243246,15.0,13.666666666666666,20.0,14.0,0.3333333333333335,0.0,0.29999999999999993,0.22333333333333338,0,9,6
22,TSU,RB,10,1,2021,Belgian Grand Prix,12,13,12.736842105263158,0.9736842105263158,14.0,12.666666666666666,10.0,7.0,0.38596491228070184,0.5,0.6499999999999999,0.4993859649122807,21,7,6
2,SAR,Williams,11,0,2021,Belgian Grand Prix,12,12,16.916666666666668,0.43243243243243246,19.0,16.666666666666668,17.0,20.0,0.17543859649122795,0.1499999999999999,0.0,0.11517543859649115,19,9,6
20,MAG,Haas F1 Team,12,0,2021,Belgian Grand Prix,12,17,13.352941176470589,1.0789473684210527,8.0,10.666666666666666,12.0,18.0,0.49122807017543857,0.3999999999999999,0.09999999999999998,0.34649122807017535,11,3,6
3,RIC,RB,13,0,2021,Belgian Grand Prix,12,15,13.5,0.9736842105263158,9.0,10.0,13.0,9.0,0.5263157894736843,0.35,0.55,0.4805263157894737,16,7,6
16,LEC,Ferrari,14,0,2021,Belgian Grand Prix,12,11,5.0,11.894736842105264,11.0,14.666666666666666,3.0,4.0,0.2807017543859649,0.85,0.8,0.607280701754386,10,2,6
77,BOT,Kick Sauber,15,0,2021,Belgian Grand Prix,12,16,15.947368421052632,0.0,16.0,14.666666666666666,18.0,16.0,0.2807017543859649,0.09999999999999998,0.19999999999999996,0.20228070175438595,3,4,6
31,OCO,Alpine,16,0,2021,Belgian Grand Prix,12,18,13.578947368421053,1.105263157894737,12.0,12.666666666666666,14.0,12.0,0.38596491228070184,0.29999999999999993,0.3999999999999999,0.3643859649122807,13,0,6
11,PER,Red Bull Racing,17,0,2021,Belgian Grand Prix,12,19,9.052631578947368,11.447368421052632,7.0,14.0,8.0,11.0,0.3157894736842106,0.6,0.44999999999999996,0.4413157894736842,14,8,6
24,ZHO,Kick Sauber,18,0,2021,Belgian Grand Prix,12,14,15.789473684210526,0.0,17.0,16.666666666666668,15.0,17.0,0.17543859649122795,0.25,0.1499999999999999,0.19017543859649116,23,4,6
63,RUS,Mercedes,19,0,2021,Belgian Grand Prix,12,1,6.473684210526316,8.921052631578947,1.0,7.666666666666667,7.0,6.0,0.6491228070175439,0.6499999999999999,0.7,0.6646491228070175,17,6,6
10,GAS,Alpine,20,0,2021,Belgian Grand Prix,12,20,13.842105263157896,1.105263157894737,10.0,13.0,16.0,15.0,0.368421052631579,0.19999999999999996,0.25,0.2823684210526316,6,0,6
81,PIA,McLaren,1,25,2021,Dutch Grand Prix,13,2,5.052631578947368,12.921052631578947,4.0,2.3333333333333335,,,0.9298245614035088,1.0,1.0,0.9719298245614036,15,5,9
4,NOR,McLaren,2,18,2021,Dutch Grand Prix,13,1,4.2631578947368425,12.921052631578947,3.0,8.333333333333334,,,0.6140350877192982,1.0,1.0,0.8456140350877193,12,5,9
44,HAM,Mercedes,3,15,2021,Dutch Grand Prix,13,5,6.684210526315789,8.921052631578947,1.0,2.6666666666666665,,,0.9122807017543859,1.0,1.0,0.9649122807017545,7,6,9
16,LEC,Ferrari,4,12,2021,Dutch Grand Prix,13,6,5.0,11.894736842105264,14.0,9.666666666666666,,,0.5438596491228072,1.0,1.0,0.8175438596491229,10,2,9
1,VER,Red Bull Racing,5,10,2021,Dutch Grand Prix,13,3,3.789473684210526,11.447368421052632,2.0,4.0,,,0.8421052631578947,1.0,1.0,0.9368421052631579,22,8,9
55,SAI,Ferrari,6,8,2021,Dutch Grand Prix,13,4,6.055555555555555,11.894736842105264,5.0,4.666666666666667,,,0.8070175438596491,1.0,1.0,0.9228070175438596,18,2,9
11,PER,Red Bull Racing,7,6,2021,Dutch Grand Prix,13,16,9.052631578947368,11.447368421052632,17.0,10.333333333333334,,,0.5087719298245614,1.0,1.0,0.8035087719298246,14,8,9
63,RUS,Mercedes,8,5,2021,Dutch Grand Prix,13,17,6.473684210526316,8.921052631578947,19.0,9.333333333333334,,,0.5614035087719298,1.0,1.0,0.8245614035087718,17,6,9
22,TSU,RB,9,2,2021,Dutch Grand Prix,13,10,12.736842105263158,0.9736842105263158,10.0,11.0,,,0.4736842105263157,1.0,1.0,0.7894736842105263,21,7,9
18,STR,Aston Martin,10,1,2021,Dutch Grand Prix,13,8,13.105263157894736,2.1578947368421053,7.0,10.0,,,0.5263157894736843,1.0,1.0,0.8105263157894738,20,1,9
14,ALO,Aston Martin,11,0,2021,Dutch Grand Prix,13,7,10.263157894736842,2.1578947368421053,8.0,12.333333333333334,,,0.4035087719298245,1.0,1.0,0.7614035087719297,1,1,9
3,RIC,RB,12,0,2021,Dutch Grand Prix,13,9,13.5,0.9736842105263158,13.0,11.333333333333334,,,0.45614035087719307,1.0,1.0,0.7824561403508772,16,7,9
27,HUL,Haas F1 Team,13,0,2021,Dutch Grand Prix,13,11,11.473684210526315,1.0789473684210527,6.0,8.333333333333334,,,0.6140350877192982,1.0,1.0,0.8456140350877193,8,3,9
23,ALB,Williams,14,0,2021,Dutch Grand Prix,13,13,14.578947368421053,0.43243243243243246,9.0,12.666666666666666,,,0.38596491228070184,1.0,1.0,0.7543859649122807,0,9,9
20,MAG,Haas F1 Team,15,0,2021,Dutch Grand Prix,13,15,13.352941176470589,1.0789473684210527,12.0,11.666666666666666,,,0.4385964912280702,1.0,1.0,0.775438596491228,11,3,9
77,BOT,Kick Sauber,16,0,2021,Dutch Grand Prix,13,12,15.947368421052632,0.0,15.0,15.666666666666666,,,0.22807017543859653,1.0,1.0,0.6912280701754385,3,4,9
2,SAR,Williams,17,0,2021,Dutch Grand Prix,13,14,16.916666666666668,0.43243243243243246,11.0,15.666666666666666,,,0.22807017543859653,1.0,1.0,0.6912280701754385,19,9,9
31,OCO,Alpine,18,0,2021,Dutch Grand Prix,13,19,13.578947368421053,1.105263157894737,16.0,15.333333333333334,,,0.2456140350877194,1.0,1.0,0.6982456140350877,13,0,9
24,ZHO,Kick Sauber,19,0,2021,Dutch Grand Prix,13,18,15.789473684210526,0.0,18.0,18.0,,,0.10526315789473695,1.0,1.0,0.6421052631578947,23,4,9
10,GAS,Alpine,20,0,2021,Dutch Grand Prix,13,20,13.842105263157896,1.105263157894737,20.0,16.666666666666668,,,0.17543859649122795,1.0,1.0,0.6701754385964911,6,0,9
4,NOR,McLaren,1,26,2021,Russian Grand Prix,15,1,4.2631578947368425,12.921052631578947,2.0,2.0,2.0,1.0,0.9473684210526316,0.9,0.95,0.9339473684210526,12,5,22
1,VER,Red Bull Racing,2,18,2021,Russian Grand Prix,15,2,3.789473684210526,11.447368421052632,5.0,3.0,1.0,2.0,0.8947368421052632,0.95,0.9,0.9128947368421052,22,8,22
16,LEC,Ferrari,3,15,2021,Russian Grand Prix,15,6,5.0,11.894736842105264,4.0,7.0,5.0,5.0,0.6842105263157895,0.75,0.75,0.7236842105263157,10,2,22
81,PIA,McLaren,4,12,2021,Russian Grand Prix,15,3,5.052631578947368,12.921052631578947,1.0,3.0,7.0,10.0,0.8947368421052632,0.6499999999999999,0.5,0.7028947368421052,15,5,22
55,SAI,Ferrari,5,10,2021,Russian Grand Prix,15,10,6.055555555555555,11.894736842105264,6.0,5.333333333333333,6.0,6.0,0.7719298245614035,0.7,0.7,0.7287719298245614,18,2,22
11,PER,Red Bull Racing,6,8,2021,Russian Grand Prix,15,5,9.052631578947368,11.447368421052632,7.0,10.0,8.0,8.0,0.5263157894736843,0.6,0.6,0.5705263157894738,14,8,22
63,RUS,Mercedes,7,6,2021,Russian Grand Prix,15,4,6.473684210526316,8.921052631578947,8.0,11.333333333333334,4.0,4.0,0.45614035087719307,0.8,0.8,0.6624561403508772,17,6,22
44,HAM,Mercedes,8,4,2021,Russian Grand Prix,15,11,6.684210526315789,8.921052631578947,3.0,4.0,3.0,3.0,0.8421052631578947,0.85,0.85,0.846842105263158,7,6,22
10,GAS,Alpine,9,2,2021,Russian Grand Prix,15,9,13.842105263157896,1.105263157894737,20.0,16.333333333333332,9.0,7.0,0.19298245614035103,0.55,0.6499999999999999,0.4371929824561404,6,0,22
14,ALO,Aston Martin,10,1,2021,Russian Grand Prix,15,7,10.263157894736842,2.1578947368421053,11.0,9.666666666666666,12.0,11.0,0.5438596491228072,0.3999999999999999,0.44999999999999996,0.4725438596491228,1,1,22
27,HUL,Haas F1 Team,11,0,2021,Russian Grand Prix,15,13,11.473684210526315,1.0789473684210527,13.0,10.0,11.0,13.0,0.5263157894736843,0.44999999999999996,0.35,0.45052631578947366,8,3,22
3,RIC,RB,12,0,2021,Russian Grand Prix,15,15,13.5,0.9736842105263158,12.0,12.333333333333334,15.0,18.0,0.4035087719298245,0.25,0.09999999999999998,0.26640350877192975,16,7,22
18,STR,Aston Martin,13,0,2021,Russian Grand Prix,15,8,13.105263157894736,2.1578947368421053,10.0,10.0,14.0,14.0,0.5263157894736843,0.29999999999999993,0.29999999999999993,0.39052631578947367,20,1,22
23,ALB,Williams,14,0,2021,Russian Grand Prix,15,10,14.578947368421053,0.43243243243243246,14.0,12.333333333333334,18.0,19.0,0.4035087719298245,0.09999999999999998,0.04999999999999993,0.20640350877192978,0,9,22
31,OCO,Alpine,15,0,2021,Russian Grand Prix,15,16,13.578947368421053,1.105263157894737,18.0,16.333333333333332,10.0,9.0,0.19298245614035103,0.5,0.55,0.3921929824561404,13,0,22
2,SAR,Williams,16,0,2021,Russian Grand Prix,15,20,16.916666666666668,0.43243243243243246,17.0,14.666666666666666,20.0,20.0,0.2807017543859649,0.0,0.0,0.11228070175438597,19,9,22
22,TSU,RB,17,0,2021,Russian Grand Prix,15,12,12.736842105263158,0.9736842105263158,9.0,12.0,19.0,17.0,0.42105263157894735,0.04999999999999993,0.1499999999999999,0.2284210526315789,21,7,22
20,MAG,Haas F1 Team,18,0,2021,Russian Grand Prix,15,14,13.352941176470589,1.0789473684210527,15.0,15.0,17.0,16.0,0.26315789473684204,0.1499999999999999,0.19999999999999996,0.21026315789473676,11,3,22
77,BOT,Kick Sauber,19,0,2021,Russian Grand Prix,15,17,15.947368421052632,0.0,16.0,16.666666666666668,16.0,12.0,0.17543859649122795,0.19999999999999996,0.3999999999999999,0.25017543859649116,3,4,22
24,ZHO,Kick Sauber,20,0,2021,Russian Grand Prix,15,18,15.789473684210526,0.0,19.0,19.0,13.0,15.0,0.05263157894736836,0.35,0.25,0.20105263157894732,23,4,22
16,LEC,Ferrari,1,25,2021,Turkish Grand Prix,16,4,5.0,11.894736842105264,3.0,2.6666666666666665,3.0,2.0,0.9122807017543859,0.85,0.9,0.8899122807017544,10,2,28
81,PIA,McLaren,2,18,2021,Turkish Grand Prix,16,2,5.052631578947368,12.921052631578947,4.0,2.3333333333333335,2.0,6.0,0.9298245614035088,0.9,0.7,0.8519298245614035,15,5,28
4,NOR,McLaren,3,16,2021,Turkish Grand Prix,16,1,4.2631578947368425,12.921052631578947,1.0,2.0,5.0,5.0,0.9473684210526316,0.75,0.75,0.8289473684210527,12,5,28
55,SAI,Ferrari,4,12,2021,Turkish Grand Prix,16,5,6.055555555555555,11.894736842105264,5.0,5.0,6.0,8.0,0.7894736842105263,0.7,0.6,0.7057894736842105,18,2,28
44,HAM,Mercedes,5,10,2021,Turkish Grand Prix,16,6,6.684210526315789,8.921052631578947,8.0,5.333333333333333,1.0,4.0,0.7719298245614035,0.95,0.8,0.8337719298245614,7,6,28
1,VER,Red Bull Racing,6,8,2021,Turkish Grand Prix,16,7,3.789473684210526,11.447368421052632,2.0,4.333333333333333,4.0,1.0,0.8245614035087719,0.8,0.95,0.8548245614035088,22,8,28
63,RUS,Mercedes,7,6,2021,Turkish Grand Prix,16,3,6.473684210526316,8.921052631578947,7.0,7.333333333333333,20.0,7.0,0.6666666666666667,0.0,0.6499999999999999,0.46166666666666667,17,6,28
11,PER,Red Bull Racing,8,4,2021,Turkish Grand Prix,16,8,9.052631578947368,11.447368421052632,6.0,7.0,7.0,3.0,0.6842105263157895,0.6499999999999999,0.85,0.7236842105263158,14,8,28
23,ALB,Williams,9,2,2021,Turkish Grand Prix,16,9,14.578947368421053,0.43243243243243246,14.0,12.333333333333334,12.0,11.0,0.4035087719298245,0.3999999999999999,0.44999999999999996,0.4164035087719298,0,9,28
20,MAG,Haas F1 Team,10,1,2021,Turkish Grand Prix,16,13,13.352941176470589,1.0789473684210527,18.0,14.333333333333334,14.0,17.0,0.29824561403508776,0.29999999999999993,0.1499999999999999,0.2542982456140351,11,3,28
14,ALO,Aston Martin,11,0,2021,Turkish Grand Prix,16,11,10.263157894736842,2.1578947368421053,10.0,10.666666666666666,8.0,9.0,0.49122807017543857,0.6,0.55,0.5414912280701755,1,1,28
43,COL,Williams,12,0,2021,Turkish Grand Prix,16,18,12.333333333333334,0.43243243243243246,8.0,10.666666666666666,,,0.49122807017543857,1.0,1.0,0.7964912280701755,4,9,28
3,RIC,RB,13,0,2021,Turkish Grand Prix,16,12,13.5,0.9736842105263158,12.0,12.333333333333334,10.0,13.0,0.4035087719298245,0.5,0.35,0.4164035087719298,16,7,28
31,OCO,Alpine,14,0,2021,Turkish Grand Prix,16,15,13.578947368421053,1.105263157894737,15.0,15.666666666666666,9.0,10.0,0.22807017543859653,0.55,0.5,0.4062280701754386,13,0,28
10,GAS,Alpine,15,0,2021,Turkish Grand Prix,16,14,13.842105263157896,1.105263157894737,9.0,14.666666666666666,13.0,12.0,0.2807017543859649,0.35,0.3999999999999999,0.33728070175438596,6,0,28
77,BOT,Kick Sauber,16,0,2021,Turkish Grand Prix,16,19,15.947368421052632,0.0,19.0,17.0,15.0,14.0,0.1578947368421053,0.25,0.29999999999999993,0.22815789473684212,3,4,28
27,HUL,Haas F1 Team,17,0,2021,Turkish Grand Prix,16,10,11.473684210526315,1.0789473684210527,11.0,13.666666666666666,18.0,16.0,0.3333333333333335,0.09999999999999998,0.19999999999999996,0.22333333333333338,8,3,28
24,ZHO,Kick Sauber,18,0,2021,Turkish Grand Prix,16,20,15.789473684210526,0.0,20.0,19.0,19.0,20.0,0.05263157894736836,0.04999999999999993,0.0,0.03605263157894732,23,4,28
18,STR,Aston Martin,19,0,2021,Turkish Grand Prix,16,17,13.105263157894736,2.1578947368421053,13.0,14.0,11.0,15.0,0.3157894736842106,0.44999999999999996,0.25,0.33631578947368423,20,1,28
22,TSU,RB,20,0,2021,Turkish Grand Prix,16,16,12.736842105263158,0.9736842105263158,17.0,15.333333333333334,16.0,18.0,0.2456140350877194,0.19999999999999996,0.09999999999999998,0.18824561403508774,21,7,28
81,PIA,McLaren,1,25,2021,United States Grand Prix,17,2,5.052631578947368,12.921052631578947,2.0,2.3333333333333335,,,0.9298245614035088,1.0,1.0,0.9719298245614036,15,5,30
16,LEC,Ferrari,2,18,2021,United States Grand Prix,17,1,5.0,11.894736842105264,1.0,2.0,,,0.9473684210526316,1.0,1.0,0.9789473684210528,10,2,30
63,RUS,Mercedes,3,15,2021,United States Grand Prix,17,5,6.473684210526316,8.921052631578947,7.0,5.666666666666667,,,0.7543859649122807,1.0,1.0,0.9017543859649124,17,6,30
4,NOR,McLaren,4,13,2021,United States Grand Prix,17,16,4.2631578947368425,12.921052631578947,3.0,2.6666666666666665,,,0.9122807017543859,1.0,1.0,0.9649122807017545,12,5,30
1,VER,Red Bull Racing,5,10,2021,United States Grand Prix,17,6,3.789473684210526,11.447368421052632,6.0,4.333333333333333,,,0.8245614035087719,1.0,1.0,0.9298245614035088,22,8,30
14,ALO,Aston Martin,6,8,2021,United States Grand Prix,17,8,10.263157894736842,2.1578947368421053,11.0,9.0,,,0.5789473684210527,1.0,1.0,0.831578947368421,1,1,30
23,ALB,Williams,7,6,2021,United States Grand Prix,17,10,14.578947368421053,0.43243243243243246,9.0,10.0,,,0.5263157894736843,1.0,1.0,0.8105263157894738,0,9,30
43,COL,Williams,8,4,2021,United States Grand Prix,17,9,12.333333333333334,0.43243243243243246,12.0,9.333333333333334,,,0.5614035087719298,1.0,1.0,0.8245614035087718,4,9,30
44,HAM,Mercedes,9,2,2021,United States Grand Prix,17,7,6.684210526315789,8.921052631578947,5.0,7.333333333333333,,,0.6666666666666667,1.0,1.0,0.8666666666666667,7,6,30
50,BEA,Haas F1 Team,10,1,2021,United States Grand Prix,17,11,9.666666666666666,1.0789473684210527,7.0,9.0,,,0.5789473684210527,1.0,1.0,0.831578947368421,2,3,30
27,HUL,Haas F1 Team,11,0,2021,United States Grand Prix,17,13,11.473684210526315,1.0789473684210527,17.0,13.0,,,0.368421052631579,1.0,1.0,0.7473684210526316,8,3,30
10,GAS,Alpine,12,0,2021,United States Grand Prix,17,15,13.842105263157896,1.105263157894737,15.0,12.0,,,0.42105263157894735,1.0,1.0,0.7684210526315789,6,0,30
3,RIC,RB,13,0,2021,United States Grand Prix,17,15,13.5,0.9736842105263158,13.0,12.666666666666666,,,0.38596491228070184,1.0,1.0,0.7543859649122807,16,7,30
24,ZHO,Kick Sauber,14,0,2021,United States Grand Prix,17,18,15.789473684210526,0.0,18.0,17.333333333333332,,,0.14035087719298267,1.0,1.0,0.656140350877193,23,4,30
31,OCO,Alpine,15,0,2021,United States Grand Prix,17,19,13.578947368421053,1.105263157894737,14.0,14.666666666666666,,,0.2807017543859649,1.0,1.0,0.712280701754386,13,0,30
77,BOT,Kick Sauber,16,0,2021,United States Grand Prix,17,17,15.947368421052632,0.0,16.0,17.0,,,0.1578947368421053,1.0,1.0,0.6631578947368422,3,4,30
11,PER,Red Bull Racing,17,0,2021,United States Grand Prix,17,4,9.052631578947368,11.447368421052632,8.0,10.333333333333334,,,0.5087719298245614,1.0,1.0,0.8035087719298246,14,8,30
55,SAI,Ferrari,18,0,2021,United States Grand Prix,17,3,6.055555555555555,11.894736842105264,4.0,9.0,,,0.5789473684210527,1.0,1.0,0.831578947368421,18,2,30
18,STR,Aston Martin,19,0,2021,United States Grand Prix,17,14,13.105263157894736,2.1578947368421053,19.0,17.0,,,0.1578947368421053,1.0,1.0,0.6631578947368422,20,1,30
22,TSU,RB,20,0,2021,United States Grand Prix,17,12,12.736842105263158,0.9736842105263158,20.0,19.0,,,0.05263157894736836,1.0,1.0,0.6210526315789473,21,7,30
4,NOR,McLaren,1,25,2021,Mexico City Grand Prix,18,1,4.2631578947368425,12.921052631578947,4.0,2.6666666666666665,,,0.9122807017543859,1.0,1.0,0.9649122807017545,12,5,17
1,VER,Red Bull Racing,2,18,2021,Mexico City Grand Prix,18,2,3.789473684210526,11.447368421052632,5.0,4.333333333333333,,,0.8245614035087719,1.0,1.0,0.9298245614035088,22,8,17
81,PIA,McLaren,3,15,2021,Mexico City Grand Prix,18,5,5.052631578947368,12.921052631578947,1.0,2.0,,,0.9473684210526316,1.0,1.0,0.9789473684210528,15,5,17
63,RUS,Mercedes,4,12,2021,Mexico City Grand Prix,18,4,6.473684210526316,8.921052631578947,3.0,4.666666666666667,,,0.8070175438596491,1.0,1.0,0.9228070175438596,17,6,17
16,LEC,Ferrari,5,10,2021,Mexico City Grand Prix,18,9,5.0,11.894736842105264,2.0,2.6666666666666665,,,0.9122807017543859,1.0,1.0,0.9649122807017545,10,2,17
44,HAM,Mercedes,6,8,2021,Mexico City Grand Prix,18,3,6.684210526315789,8.921052631578947,9.0,6.666666666666667,,,0.7017543859649122,1.0,1.0,0.880701754385965,7,6,17
55,SAI,Ferrari,7,6,2021,Mexico City Grand Prix,18,10,6.055555555555555,11.894736842105264,18.0,9.666666666666666,,,0.5438596491228072,1.0,1.0,0.8175438596491229,18,2,17
14,ALO,Aston Martin,8,4,2021,Mexico City Grand Prix,18,7,10.263157894736842,2.1578947368421053,6.0,8.333333333333334,,,0.6140350877192982,1.0,1.0,0.8456140350877193,1,1,17
27,HUL,Haas F1 Team,9,2,2021,Mexico City Grand Prix,18,6,11.473684210526315,1.0789473684210527,11.0,12.333333333333334,,,0.4035087719298245,1.0,1.0,0.7614035087719297,8,3,17
11,PER,Red Bull Racing,10,1,2021,Mexico City Grand Prix,18,13,9.052631578947368,11.447368421052632,17.0,11.666666666666666,,,0.4385964912280702,1.0,1.0,0.775438596491228,14,8,17
43,COL,Williams,11,0,2021,Mexico City Grand Prix,18,12,12.333333333333334,0.43243243243243246,8.0,10.333333333333334,,,0.5087719298245614,1.0,1.0,0.8035087719298246,4,9,17
22,TSU,RB,12,0,2021,Mexico City Grand Prix,18,8,12.736842105263158,0.9736842105263158,20.0,17.333333333333332,,,0.14035087719298267,1.0,1.0,0.656140350877193,21,7,17
31,OCO,Alpine,13,0,2021,Mexico City Grand Prix,18,15,13.578947368421053,1.105263157894737,15.0,14.0,,,0.3157894736842106,1.0,1.0,0.7263157894736842,13,0,17
18,STR,Aston Martin,14,0,2021,Mexico City Grand Prix,18,17,13.105263157894736,2.1578947368421053,19.0,17.333333333333332,,,0.14035087719298267,1.0,1.0,0.656140350877193,20,1,17
24,ZHO,Kick Sauber,15,0,2021,Mexico City Grand Prix,18,20,15.789473684210526,0.0,14.0,15.666666666666666,,,0.22807017543859653,1.0,1.0,0.6912280701754385,23,4,17
77,BOT,Kick Sauber,16,0,2021,Mexico City Grand Prix,18,19,15.947368421052632,0.0,16.0,16.0,,,0.21052631578947367,1.0,1.0,0.6842105263157894,3,4,17
10,GAS,Alpine,17,0,2021,Mexico City Grand Prix,18,18,13.842105263157896,1.105263157894737,12.0,14.666666666666666,,,0.2807017543859649,1.0,1.0,0.712280701754386,6,0,17
3,RIC,RB,18,0,2021,Mexico City Grand Prix,18,16,13.5,0.9736842105263158,13.0,14.666666666666666,,,0.2807017543859649,1.0,1.0,0.712280701754386,16,7,17
20,MAG,Haas F1 Team,19,0,2021,Mexico City Grand Prix,18,14,13.352941176470589,1.0789473684210527,10.0,15.666666666666666,,,0.22807017543859653,1.0,1.0,0.6912280701754385,11,3,17
23,ALB,Williams,20,0,2021,Mexico City Grand Prix,18,11,14.578947368421053,0.43243243243243246,7.0,12.0,,,0.42105263157894735,1.0,1.0,0.7684210526315789,0,9,17
55,SAI,Ferrari,1,25,2021,Qatar Grand Prix,20,1,6.055555555555555,11.894736842105264,7.0,8.666666666666666,,,0.5964912280701755,1.0,1.0,0.8385964912280701,18,2,21
4,NOR,McLaren,2,18,2021,Qatar Grand Prix,20,3,4.2631578947368425,12.921052631578947,1.0,2.3333333333333335,,,0.9298245614035088,1.0,1.0,0.9719298245614036,12,5,21
16,LEC,Ferrari,3,16,2021,Qatar Grand Prix,20,4,5.0,11.894736842105264,5.0,3.3333333333333335,,,0.8771929824561404,1.0,1.0,0.9508771929824562,10,2,21
44,HAM,Mercedes,4,12,2021,Qatar Grand Prix,20,6,6.684210526315789,8.921052631578947,6.0,6.333333333333333,,,0.7192982456140351,1.0,1.0,0.8877192982456141,7,6,21
63,RUS,Mercedes,5,10,2021,Qatar Grand Prix,20,5,6.473684210526316,8.921052631578947,4.0,4.0,,,0.8421052631578947,1.0,1.0,0.9368421052631579,17,6,21
1,VER,Red Bull Racing,6,8,2021,Qatar Grand Prix,20,2,3.789473684210526,11.447368421052632,2.0,4.333333333333333,,,0.8245614035087719,1.0,1.0,0.9298245614035088,22,8,21
20,MAG,Haas F1 Team,7,6,2021,Qatar Grand Prix,20,7,13.352941176470589,1.0789473684210527,19.0,12.0,,,0.42105263157894735,1.0,1.0,0.7684210526315789,11,3,21
81,PIA,McLaren,8,4,2021,Qatar Grand Prix,20,17,5.052631578947368,12.921052631578947,3.0,4.0,,,0.8421052631578947,1.0,1.0,0.9368421052631579,15,5,21
27,HUL,Haas F1 Team,9,2,2021,Qatar Grand Prix,20,10,11.473684210526315,1.0789473684210527,9.0,9.666666666666666,,,0.5438596491228072,1.0,1.0,0.8175438596491229,8,3,21
10,GAS,Alpine,10,1,2021,Qatar Grand Prix,20,8,13.842105263157896,1.105263157894737,17.0,13.0,,,0.368421052631579,1.0,1.0,0.7473684210526316,6,0,21
18,STR,Aston Martin,11,0,2021,Qatar Grand Prix,20,14,13.105263157894736,2.1578947368421053,14.0,14.666666666666666,,,0.2807017543859649,1.0,1.0,0.712280701754386,20,1,21
43,COL,Williams,12,0,2021,Qatar Grand Prix,20,16,12.333333333333334,0.43243243243243246,11.0,10.333333333333334,,,0.5087719298245614,1.0,1.0,0.8035087719298246,4,9,21
31,OCO,Alpine,13,0,2021,Qatar Grand Prix,20,19,13.578947368421053,1.105263157894737,13.0,13.666666666666666,,,0.3333333333333335,1.0,1.0,0.7333333333333334,13,0,21
77,BOT,Kick Sauber,14,0,2021,Qatar Grand Prix,20,15,15.947368421052632,0.0,16.0,15.333333333333334,,,0.2456140350877194,1.0,1.0,0.6982456140350877,3,4,21
24,ZHO,Kick Sauber,15,0,2021,Qatar Grand Prix,20,20,15.789473684210526,0.0,15.0,14.666666666666666,,,0.2807017543859649,1.0,1.0,0.712280701754386,23,4,21
30,LAW,RB,16,0,2021,Qatar Grand Prix,20,12,13.666666666666666,0.9736842105263158,10.0,16.0,,,0.21052631578947367,1.0,1.0,0.6842105263157894,9,7,21
11,PER,Red Bull Racing,17,0,2021,Qatar Grand Prix,20,18,9.052631578947368,11.447368421052632,10.0,14.666666666666666,,,0.2807017543859649,1.0,1.0,0.712280701754386,14,8,21
14,ALO,Aston Martin,18,0,2021,Qatar Grand Prix,20,13,10.263157894736842,2.1578947368421053,8.0,10.666666666666666,,,0.49122807017543857,1.0,1.0,0.7964912280701755,1,1,21
23,ALB,Williams,19,0,2021,Qatar Grand Prix,20,9,14.578947368421053,0.43243243243243246,20.0,15.333333333333334,,,0.2456140350877194,1.0,1.0,0.6982456140350877,0,9,21
22,TSU,RB,20,0,2021,Qatar Grand Prix,20,11,12.736842105263158,0.9736842105263158,12.0,17.333333333333332,,,0.14035087719298267,1.0,1.0,0.656140350877193,21,7,21
1,VER,Red Bull Racing,1,26,2021,Saudi Arabian Grand Prix,21,12,3.789473684210526,11.447368421052632,6.0,3.0,,,0.8947368421052632,1.0,1.0,0.9578947368421054,22,8,24
31,OCO,Alpine,2,18,2021,Saudi Arabian Grand Prix,21,4,13.578947368421053,1.105263157894737,13.0,9.333333333333334,,,0.5614035087719298,1.0,1.0,0.8245614035087718,13,0,24
10,GAS,Alpine,3,15,2021,Saudi Arabian Grand Prix,21,15,13.842105263157896,1.105263157894737,10.0,10.0,,,0.5263157894736843,1.0,1.0,0.8105263157894738,6,0,24
63,RUS,Mercedes,4,12,2021,Saudi Arabian Grand Prix,21,2,6.473684210526316,8.921052631578947,5.0,4.333333333333333,,,0.8245614035087719,1.0,1.0,0.9298245614035088,17,6,24
16,LEC,Ferrari,5,10,2021,Saudi Arabian Grand Prix,21,6,5.0,11.894736842105264,3.0,4.333333333333333,,,0.8245614035087719,1.0,1.0,0.9298245614035088,10,2,24
4,NOR,McLaren,6,8,2021,Saudi Arabian Grand Prix,21,1,4.2631578947368425,12.921052631578947,2.0,3.0,,,0.8947368421052632,1.0,1.0,0.9578947368421054,12,5,24
22,TSU,RB,7,6,2021,Saudi Arabian Grand Prix,21,3,12.736842105263158,0.9736842105263158,20.0,13.0,,,0.368421052631579,1.0,1.0,0.7473684210526316,21,7,24
81,PIA,McLaren,8,4,2021,Saudi Arabian Grand Prix,21,8,5.052631578947368,12.921052631578947,8.0,6.333333333333333,,,0.7192982456140351,1.0,1.0,0.8877192982456141,15,5,24
30,LAW,RB,9,2,2021,Saudi Arabian Grand Prix,21,5,13.666666666666666,0.9736842105263158,16.0,12.5,,,0.3947368421052633,1.0,1.0,0.7578947368421053,9,7,24
44,HAM,Mercedes,10,1,2021,Saudi Arabian Grand Prix,21,16,6.684210526315789,8.921052631578947,4.0,6.666666666666667,,,0.7017543859649122,1.0,1.0,0.880701754385965,7,6,24
11,PER,Red Bull Racing,11,0,2021,Saudi Arabian Grand Prix,21,13,9.052631578947368,11.447368421052632,17.0,12.666666666666666,,,0.38596491228070184,1.0,1.0,0.7543859649122807,14,8,24
50,BEA,Haas F1 Team,12,0,2021,Saudi Arabian Grand Prix,21,17,9.666666666666666,1.0789473684210527,10.0,9.666666666666666,,,0.5438596491228072,1.0,1.0,0.8175438596491229,2,3,24
77,BOT,Kick Sauber,13,0,2021,Saudi Arabian Grand Prix,21,11,15.947368421052632,0.0,14.0,14.333333333333334,,,0.29824561403508776,1.0,1.0,0.7192982456140351,3,4,24
14,ALO,Aston Martin,14,0,2021,Saudi Arabian Grand Prix,21,9,10.263157894736842,2.1578947368421053,18.0,13.333333333333334,,,0.3508771929824561,1.0,1.0,0.7403508771929824,1,1,24
24,ZHO,Kick Sauber,15,0,2021,Saudi Arabian Grand Prix,21,20,15.789473684210526,0.0,15.0,15.0,,,0.26315789473684204,1.0,1.0,0.7052631578947368,23,4,24
55,SAI,Ferrari,16,0,2021,Saudi Arabian Grand Prix,21,14,6.055555555555555,11.894736842105264,1.0,8.0,,,0.631578947368421,1.0,1.0,0.8526315789473684,18,2,24
43,COL,Williams,17,0,2021,Saudi Arabian Grand Prix,21,18,12.333333333333334,0.43243243243243246,12.0,13.333333333333334,,,0.3508771929824561,1.0,1.0,0.7403508771929824,4,9,24
23,ALB,Williams,18,0,2021,Saudi Arabian Grand Prix,21,7,14.578947368421053,0.43243243243243246,19.0,19.0,,,0.05263157894736836,1.0,1.0,0.6210526315789473,0,9,24
18,STR,Aston Martin,19,0,2021,Saudi Arabian Grand Prix,21,10,13.105263157894736,2.1578947368421053,11.0,14.666666666666666,,,0.2807017543859649,1.0,1.0,0.712280701754386,20,1,24
27,HUL,Haas F1 Team,20,0,2021,Saudi Arabian Grand Prix,21,19,11.473684210526315,1.0789473684210527,9.0,12.666666666666666,,,0.38596491228070184,1.0,1.0,0.7543859649122807,8,3,24
63,RUS,Mercedes,1,25,2021,Abu Dhabi Grand Prix,22,1,6.473684210526316,8.921052631578947,4.0,3.3333333333333335,3.0,5.0,0.8771929824561404,0.85,0.75,0.8308771929824562,17,6,1
44,HAM,Mercedes,2,18,2021,Abu Dhabi Grand Prix,22,10,6.684210526315789,8.921052631578947,10.0,5.333333333333333,9.0,7.0,0.7719298245614035,0.55,0.6499999999999999,0.6687719298245614,7,6,1
55,SAI,Ferrari,3,15,2021,Abu Dhabi Grand Prix,22,2,6.055555555555555,11.894736842105264,16.0,6.666666666666667,18.0,3.0,0.7017543859649122,0.09999999999999998,0.85,0.5657017543859648,18,2,1
16,LEC,Ferrari,4,12,2021,Abu Dhabi Grand Prix,22,4,5.0,11.894736842105264,5.0,4.0,2.0,1.0,0.8421052631578947,0.9,0.95,0.8918421052631578,10,2,1
1,VER,Red Bull Racing,5,10,2021,Abu Dhabi Grand Prix,22,5,3.789473684210526,11.447368421052632,1.0,4.0,5.0,6.0,0.8421052631578947,0.75,0.7,0.7718421052631579,22,8,1
4,NOR,McLaren,6,9,2021,Abu Dhabi Grand Prix,22,6,4.2631578947368425,12.921052631578947,6.0,4.666666666666667,4.0,16.0,0.8070175438596491,0.8,0.19999999999999996,0.6228070175438596,12,5,1
81,PIA,McLaren,7,6,2021,Abu Dhabi Grand Prix,22,8,5.052631578947368,12.921052631578947,8.0,7.666666666666667,1.0,2.0,0.6491228070175439,0.95,0.9,0.8146491228070176,15,5,1
27,HUL,Haas F1 Team,8,4,2021,Abu Dhabi Grand Prix,22,9,11.473684210526315,1.0789473684210527,20.0,12.333333333333334,11.0,13.0,0.4035087719298245,0.44999999999999996,0.35,0.40140350877192976,8,3,1
22,TSU,RB,9,2,2021,Abu Dhabi Grand Prix,22,7,12.736842105263158,0.9736842105263158,7.0,12.0,20.0,12.0,0.42105263157894735,0.0,0.3999999999999999,0.2884210526315789,21,7,1
11,PER,Red Bull Racing,10,1,2021,Abu Dhabi Grand Prix,22,16,9.052631578947368,11.447368421052632,11.0,12.666666666666666,17.0,4.0,0.38596491228070184,0.1499999999999999,0.8,0.4393859649122807,14,8,1
14,ALO,Aston Martin,11,0,2021,Abu Dhabi Grand Prix,22,17,10.263157894736842,2.1578947368421053,14.0,14.333333333333334,6.0,8.0,0.29824561403508776,0.7,0.6,0.5092982456140351,1,1,1
20,MAG,Haas F1 Team,12,0,2021,Abu Dhabi Grand Prix,22,12,13.352941176470589,1.0789473684210527,7.0,12.666666666666666,,,0.38596491228070184,1.0,1.0,0.7543859649122807,11,3,1
24,ZHO,Kick Sauber,13,0,2021,Abu Dhabi Grand Prix,22,13,15.789473684210526,0.0,15.0,14.333333333333334,14.0,18.0,0.29824561403508776,0.29999999999999993,0.09999999999999998,0.2392982456140351,23,4,1
43,COL,Williams,14,0,2021,Abu Dhabi Grand Prix,22,14,12.333333333333334,0.43243243243243246,17.0,14.333333333333334,8.0,9.0,0.29824561403508776,0.6,0.55,0.4642982456140351,4,9,1
18,STR,Aston Martin,15,0,2021,Abu Dhabi Grand Prix,22,20,13.105263157894736,2.1578947368421053,19.0,15.0,19.0,14.0,0.26315789473684204,0.04999999999999993,0.29999999999999993,0.21026315789473676,20,1,1
30,LAW,RB,16,0,2021,Abu Dhabi Grand Prix,22,15,13.666666666666666,0.9736842105263158,9.0,13.666666666666666,,,0.3333333333333335,1.0,1.0,0.7333333333333334,9,7,1
31,OCO,Alpine,17,0,2021,Abu Dhabi Grand Prix,22,11,13.578947368421053,1.105263157894737,2.0,10.666666666666666,15.0,19.0,0.49122807017543857,0.25,0.04999999999999993,0.2864912280701754,13,0,1
77,BOT,Kick Sauber,18,0,2021,Abu Dhabi Grand Prix,22,19,15.947368421052632,0.0,13.0,15.0,16.0,17.0,0.26315789473684204,0.19999999999999996,0.1499999999999999,0.21026315789473676,3,4,1
23,ALB,Williams,19,0,2021,Abu Dhabi Grand Prix,22,18,14.578947368421053,0.43243243243243246,18.0,18.666666666666668,7.0,10.0,0.07017543859649122,0.6499999999999999,0.5,0.37307017543859644,0,9,1
10,GAS,Alpine,20,0,2021,Abu Dhabi Grand Prix,22,3,13.842105263157896,1.105263157894737,3.0,11.0,12.0,15.0,0.4736842105263157,0.3999999999999999,0.25,0.38447368421052625,6,0,1
1,VER,Red Bull Racing,1,26,2022,Bahrain Grand Prix,1,1,3.8421052631578947,11.0,5.0,2.3333333333333335,1.5,1.5,0.9298245614035088,0.925,0.925,0.9269298245614037,22,8,5
11,PER,Red Bull Racing,2,18,2022,Bahrain Grand Prix,1,5,9.157894736842104,11.0,10.0,7.666666666666667,4.0,5.0,0.6491228070175439,0.8,0.75,0.7246491228070175,14,8,5
55,SAI,Ferrari,3,15,2022,Bahrain Grand Prix,1,4,5.611111111111111,12.736842105263158,3.0,7.333333333333333,4.0,7.0,0.6666666666666667,0.8,0.6499999999999999,0.7016666666666667,18,2,5
16,LEC,Ferrari,4,12,2022,Bahrain Grand Prix,1,2,4.421052631578948,12.736842105263158,4.0,4.333333333333333,3.5,4.0,0.8245614035087719,0.825,0.8,0.8173245614035087,10,2,5
63,RUS,Mercedes,5,10,2022,Bahrain Grand Prix,1,3,7.421052631578948,8.973684210526315,1.0,3.3333333333333335,6.0,3.5,0.8771929824561404,0.7,0.825,0.8083771929824561,17,6,5
4,NOR,McLaren,6,8,2022,Bahrain Grand Prix,1,7,3.210526315789474,13.736842105263158,6.0,6.0,3.5,4.0,0.736842105263158,0.825,0.8,0.7822368421052631,12,5,5
44,HAM,Mercedes,7,6,2022,Bahrain Grand Prix,1,9,6.7368421052631575,8.973684210526315,2.0,6.333333333333333,7.5,10.0,0.7192982456140351,0.625,0.5,0.6252192982456141,7,6,5
81,PIA,McLaren,8,4,2022,Bahrain Grand Prix,1,8,4.842105263157895,13.736842105263158,7.0,7.666666666666667,6.0,5.5,0.6491228070175439,0.7,0.725,0.6871491228070176,15,5,5
14,ALO,Aston Martin,9,2,2022,Bahrain Grand Prix,1,6,10.0,2.0526315789473686,11.0,11.333333333333334,9.5,6.5,0.45614035087719307,0.5249999999999999,0.675,0.5424561403508772,1,1,5
18,STR,Aston Martin,10,1,2022,Bahrain Grand Prix,1,12,12.894736842105264,2.0526315789473686,15.0,14.666666666666666,11.5,10.0,0.2807017543859649,0.42499999999999993,0.5,0.38978070175438595,20,1,5
24,ZHO,Kick Sauber,11,0,2022,Bahrain Grand Prix,1,17,15.842105263157896,0.0,13.0,13.0,15.5,17.5,0.368421052631579,0.22499999999999998,0.125,0.2523684210526316,23,4,5
20,MAG,Haas F1 Team,12,0,2022,Bahrain Grand Prix,1,15,13.777777777777779,0.868421052631579,12.0,10.333333333333334,15.0,14.5,0.5087719298245614,0.25,0.2749999999999999,0.36100877192982456,11,3,5
3,RIC,RB,13,0,2022,Bahrain Grand Prix,1,14,13.3125,0.7631578947368421,18.0,14.666666666666666,12.5,14.5,0.2807017543859649,0.375,0.2749999999999999,0.30728070175438593,16,7,5
22,TSU,RB,14,0,2022,Bahrain Grand Prix,1,11,13.68421052631579,0.7631578947368421,9.0,10.0,15.5,11.5,0.5263157894736843,0.22499999999999998,0.42499999999999993,0.40552631578947373,21,7,5
23,ALB,Williams,15,0,2022,Bahrain Grand Prix,1,13,14.210526315789474,0.4594594594594595,19.0,17.333333333333332,14.5,11.5,0.14035087719298267,0.2749999999999999,0.42499999999999993,0.266140350877193,0,9,5
27,HUL,Haas F1 Team,16,0,2022,Bahrain Grand Prix,1,10,11.473684210526315,0.868421052631579,8.0,14.666666666666666,13.5,11.5,0.2807017543859649,0.32499999999999996,0.42499999999999993,0.33728070175438596,8,3,5
31,OCO,Alpine,17,0,2022,Bahrain Grand Prix,1,19,14.0,0.34210526315789475,17.0,12.0,16.0,17.5,0.42105263157894735,0.19999999999999996,0.125,0.2659210526315789,13,0,5
10,GAS,Alpine,18,0,2022,Bahrain Grand Prix,1,20,14.105263157894736,0.34210526315789475,20.0,13.666666666666666,13.5,14.5,0.3333333333333335,0.32499999999999996,0.2749999999999999,0.31333333333333335,6,0,5
77,BOT,Kick Sauber,19,0,2022,Bahrain Grand Prix,1,16,16.210526315789473,0.0,18.0,16.666666666666668,19.0,16.5,0.17543859649122795,0.04999999999999993,0.17499999999999993,0.13767543859649112,3,4,5
2,SAR,Williams,20,0,2022,Bahrain Grand Prix,1,18,17.0,0.4594594594594595,16.0,17.666666666666668,18.0,19.0,0.12280701754385959,0.09999999999999998,0.04999999999999993,0.0941228070175438,19,9,5
1,VER,Red Bull Racing,1,25,2022,Saudi Arabian Grand Prix,2,1,3.8421052631578947,11.0,1.0,2.3333333333333335,1.0,12.0,0.9298245614035088,0.95,0.3999999999999999,0.7769298245614035,22,8,24
11,PER,Red Bull Racing,2,18,2022,Saudi Arabian Grand Prix,2,3,9.157894736842104,11.0,2.0,4.666666666666667,11.0,13.0,0.8070175438596491,0.44999999999999996,0.35,0.5628070175438596,14,8,24
16,LEC,Ferrari,3,16,2022,Saudi Arabian Grand Prix,2,2,4.421052631578948,12.736842105263158,4.0,3.6666666666666665,5.0,6.0,0.8596491228070176,0.75,0.7,0.778859649122807,10,2,24
81,PIA,McLaren,4,12,2022,Saudi Arabian Grand Prix,2,5,4.842105263157895,13.736842105263158,8.0,6.333333333333333,8.0,8.0,0.7192982456140351,0.6,0.6,0.647719298245614,15,5,24
14,ALO,Aston Martin,5,10,2022,Saudi Arabian Grand Prix,2,4,10.0,2.0526315789473686,9.0,8.333333333333334,14.0,9.0,0.6140350877192982,0.29999999999999993,0.55,0.5006140350877193,1,1,24
63,RUS,Mercedes,6,8,2022,Saudi Arabian Grand Prix,2,7,7.421052631578948,8.973684210526315,5.0,4.0,4.0,2.0,0.8421052631578947,0.8,0.9,0.8468421052631578,17,6,24
38,BEA,Ferrari,7,6,2022,Saudi Arabian Grand Prix,2,11,8.5,12.736842105263158,12.0,9.666666666666666,12.0,17.0,0.5438596491228072,0.3999999999999999,0.1499999999999999,0.3825438596491228,2,2,24
4,NOR,McLaren,8,4,2022,Saudi Arabian Grand Prix,2,6,3.210526315789474,13.736842105263158,6.0,6.666666666666667,6.0,1.0,0.7017543859649122,0.7,0.95,0.7757017543859648,12,5,24
44,HAM,Mercedes,9,2,2022,Saudi Arabian Grand Prix,2,8,6.7368421052631575,8.973684210526315,7.0,6.0,10.0,16.0,0.736842105263158,0.5,0.19999999999999996,0.5047368421052632,7,6,24
27,HUL,Haas F1 Team,10,1,2022,Saudi Arabian Grand Prix,2,15,11.473684210526315,0.868421052631579,16.0,11.333333333333334,20.0,19.0,0.45614035087719307,0.0,0.04999999999999993,0.19745614035087722,8,3,24
23,ALB,Williams,11,0,2022,Saudi Arabian Grand Prix,2,12,14.210526315789474,0.4594594594594595,15.0,15.0,18.0,7.0,0.26315789473684204,0.09999999999999998,0.6499999999999999,0.3302631578947368,0,9,24
20,MAG,Haas F1 Team,12,0,2022,Saudi Arabian Grand Prix,2,13,13.777777777777779,0.868421052631579,12.0,12.0,,,0.42105263157894735,1.0,1.0,0.7684210526315789,11,3,24
31,OCO,Alpine,13,0,2022,Saudi Arabian Grand Prix,2,17,14.0,0.34210526315789475,17.0,15.666666666666666,2.0,4.0,0.22807017543859653,0.9,0.8,0.6012280701754387,13,0,24
2,SAR,Williams,14,0,2022,Saudi Arabian Grand Prix,2,19,17.0,0.4594594594594595,20.0,16.666666666666668,,,0.17543859649122795,1.0,1.0,0.6701754385964911,19,9,24
22,TSU,RB,15,0,2022,Saudi Arabian Grand Prix,2,9,13.68421052631579,0.7631578947368421,14.0,12.666666666666666,7.0,3.0,0.38596491228070184,0.6499999999999999,0.85,0.6043859649122807,21,7,24
3,RIC,RB,16,0,2022,Saudi Arabian Grand Prix,2,14,13.3125,0.7631578947368421,13.0,15.666666666666666,,,0.22807017543859653,1.0,1.0,0.6912280701754385,16,7,24
77,BOT,Kick Sauber,17,0,2022,Saudi Arabian Grand Prix,2,16,16.210526315789473,0.0,19.0,18.0,13.0,11.0,0.10526315789473695,0.35,0.44999999999999996,0.28210526315789475,3,4,24
24,ZHO,Kick Sauber,18,0,2022,Saudi Arabian Grand Prix,2,20,15.842105263157896,0.0,11.0,14.0,15.0,20.0,0.3157894736842106,0.25,0.0,0.20131578947368423,23,4,24
18,STR,Aston Martin,19,0,2022,Saudi Arabian Grand Prix,2,10,12.894736842105264,2.0526315789473686,10.0,14.666666666666666,19.0,10.0,0.2807017543859649,0.04999999999999993,0.5,0.2772807017543859,20,1,24
10,GAS,Alpine,20,0,2022,Saudi Arabian Grand Prix,2,18,14.105263157894736,0.34210526315789475,18.0,19.333333333333332,3.0,15.0,0.03508771929824572,0.85,0.25,0.3440350877192983,6,0,24
55,SAI,Ferrari,1,25,2022,Australian Grand Prix,3,2,5.611111111111111,12.736842105263158,3.0,2.3333333333333335,,,0.9298245614035088,1.0,1.0,0.9719298245614036,18,2,2
16,LEC,Ferrari,2,19,2022,Australian Grand Prix,3,5,4.421052631578948,12.736842105263158,3.0,3.0,,,0.8947368421052632,1.0,1.0,0.9578947368421054,10,2,2
4,NOR,McLaren,3,15,2022,Australian Grand Prix,3,4,3.210526315789474,13.736842105263158,8.0,5.666666666666667,,,0.7543859649122807,1.0,1.0,0.9017543859649124,12,5,2
81,PIA,McLaren,4,12,2022,Australian Grand Prix,3,6,4.842105263157895,13.736842105263158,4.0,5.333333333333333,,,0.7719298245614035,1.0,1.0,0.9087719298245613,15,5,2
11,PER,Red Bull Racing,5,10,2022,Australian Grand Prix,3,3,9.157894736842104,11.0,2.0,3.0,,,0.8947368421052632,1.0,1.0,0.9578947368421054,14,8,2
18,STR,Aston Martin,6,8,2022,Australian Grand Prix,3,9,12.894736842105264,2.0526315789473686,19.0,11.666666666666666,,,0.4385964912280702,1.0,1.0,0.775438596491228,20,1,2
22,TSU,RB,7,6,2022,Australian Grand Prix,3,8,13.68421052631579,0.7631578947368421,15.0,12.0,,,0.42105263157894735,1.0,1.0,0.7684210526315789,21,7,2
14,ALO,Aston Martin,8,4,2022,Australian Grand Prix,3,10,10.0,2.0526315789473686,5.0,7.333333333333333,,,0.6666666666666667,1.0,1.0,0.8666666666666667,1,1,2
27,HUL,Haas F1 Team,9,2,2022,Australian Grand Prix,3,16,11.473684210526315,0.868421052631579,10.0,11.666666666666666,,,0.4385964912280702,1.0,1.0,0.775438596491228,8,3,2
20,MAG,Haas F1 Team,10,1,2022,Australian Grand Prix,3,14,13.777777777777779,0.868421052631579,12.0,11.333333333333334,,,0.45614035087719307,1.0,1.0,0.7824561403508772,11,3,2
23,ALB,Williams,11,0,2022,Australian Grand Prix,3,12,14.210526315789474,0.4594594594594595,11.0,12.333333333333334,,,0.4035087719298245,1.0,1.0,0.7614035087719297,0,9,2
3,RIC,RB,12,0,2022,Australian Grand Prix,3,18,13.3125,0.7631578947368421,16.0,13.666666666666666,,,0.3333333333333335,1.0,1.0,0.7333333333333334,16,7,2
10,GAS,Alpine,13,0,2022,Australian Grand Prix,3,17,14.105263157894736,0.34210526315789475,20.0,17.0,,,0.1578947368421053,1.0,1.0,0.6631578947368422,6,0,2
77,BOT,Kick Sauber,14,0,2022,Australian Grand Prix,3,13,16.210526315789473,0.0,17.0,16.666666666666668,,,0.17543859649122795,1.0,1.0,0.6701754385964911,3,4,2
24,ZHO,Kick Sauber,15,0,2022,Australian Grand Prix,3,19,15.842105263157896,0.0,18.0,14.666666666666666,,,0.2807017543859649,1.0,1.0,0.712280701754386,23,4,2
31,OCO,Alpine,16,0,2022,Australian Grand Prix,3,15,14.0,0.34210526315789475,13.0,15.333333333333334,,,0.2456140350877194,1.0,1.0,0.6982456140350877,13,0,2
63,RUS,Mercedes,17,0,2022,Australian Grand Prix,3,7,7.421052631578948,8.973684210526315,6.0,9.333333333333334,,,0.5614035087719298,1.0,1.0,0.8245614035087718,17,6,2
44,HAM,Mercedes,18,0,2022,Australian Grand Prix,3,11,6.7368421052631575,8.973684210526315,9.0,11.333333333333334,,,0.45614035087719307,1.0,1.0,0.7824561403508772,7,6,2
1,VER,Red Bull Racing,19,0,2022,Australian Grand Prix,3,1,3.8421052631578947,11.0,1.0,7.0,,,0.6842105263157895,1.0,1.0,0.8736842105263158,22,8,2
1,VER,Red Bull Racing,1,25,2022,Miami Grand Prix,5,1,3.8421052631578947,11.0,19.0,7.0,,,0.6842105263157895,1.0,1.0,0.8736842105263158,22,8,18
4,NOR,McLaren,2,18,2022,Miami Grand Prix,5,4,3.210526315789474,13.736842105263158,3.0,4.333333333333333,,,0.8245614035087719,1.0,1.0,0.9298245614035088,12,5,18
11,PER,Red Bull Racing,3,15,2022,Miami Grand Prix,5,2,9.157894736842104,11.0,5.0,3.3333333333333335,,,0.8771929824561404,1.0,1.0,0.9508771929824562,14,8,18
16,LEC,Ferrari,4,12,2022,Miami Grand Prix,5,6,4.421052631578948,12.736842105263158,2.0,3.0,,,0.8947368421052632,1.0,1.0,0.9578947368421054,10,2,18
55,SAI,Ferrari,5,10,2022,Miami Grand Prix,5,7,5.611111111111111,12.736842105263158,1.0,3.0,,,0.8947368421052632,1.0,1.0,0.9578947368421054,18,2,18
63,RUS,Mercedes,6,8,2022,Miami Grand Prix,5,8,7.421052631578948,8.973684210526315,17.0,9.666666666666666,,,0.5438596491228072,1.0,1.0,0.8175438596491229,17,6,18
14,ALO,Aston Martin,7,7,2022,Miami Grand Prix,5,3,10.0,2.0526315789473686,8.0,6.666666666666667,,,0.7017543859649122,1.0,1.0,0.880701754385965,1,1,18
81,PIA,McLaren,8,4,2022,Miami Grand Prix,5,5,4.842105263157895,13.736842105263158,4.0,5.333333333333333,,,0.7719298245614035,1.0,1.0,0.9087719298245613,15,5,18
44,HAM,Mercedes,9,2,2022,Miami Grand Prix,5,18,6.7368421052631575,8.973684210526315,18.0,12.0,,,0.42105263157894735,1.0,1.0,0.7684210526315789,7,6,18
27,HUL,Haas F1 Team,10,1,2022,Miami Grand Prix,5,9,11.473684210526315,0.868421052631579,9.0,9.666666666666666,,,0.5438596491228072,1.0,1.0,0.8175438596491229,8,3,18
31,OCO,Alpine,11,0,2022,Miami Grand Prix,5,13,14.0,0.34210526315789475,16.0,13.333333333333334,,,0.3508771929824561,1.0,1.0,0.7403508771929824,13,0,18
23,ALB,Williams,12,0,2022,Miami Grand Prix,5,14,14.210526315789474,0.4594594594594595,11.0,11.333333333333334,,,0.45614035087719307,1.0,1.0,0.7824561403508772,0,9,18
10,GAS,Alpine,13,0,2022,Miami Grand Prix,5,15,14.105263157894736,0.34210526315789475,13.0,15.333333333333334,,,0.2456140350877194,1.0,1.0,0.6982456140350877,6,0,18
24,ZHO,Kick Sauber,14,0,2022,Miami Grand Prix,5,16,15.842105263157896,0.0,15.0,15.666666666666666,,,0.22807017543859653,1.0,1.0,0.6912280701754385,23,4,18
18,STR,Aston Martin,15,0,2022,Miami Grand Prix,5,11,12.894736842105264,2.0526315789473686,6.0,13.333333333333334,,,0.3508771929824561,1.0,1.0,0.7403508771929824,20,1,18
20,MAG,Haas F1 Team,16,0,2022,Miami Grand Prix,5,17,13.777777777777779,0.868421052631579,10.0,12.666666666666666,,,0.38596491228070184,1.0,1.0,0.7543859649122807,11,3,18
2,SAR,Williams,17,0,2022,Miami Grand Prix,5,20,17.0,0.4594594594594595,14.0,17.0,,,0.1578947368421053,1.0,1.0,0.6631578947368422,19,9,18
3,RIC,RB,18,0,2022,Miami Grand Prix,5,12,13.3125,0.7631578947368421,12.0,15.333333333333334,,,0.2456140350877194,1.0,1.0,0.6982456140350877,16,7,18
22,TSU,RB,19,0,2022,Miami Grand Prix,5,19,13.68421052631579,0.7631578947368421,7.0,13.666666666666666,,,0.3333333333333335,1.0,1.0,0.7333333333333334,21,7,18
77,BOT,Kick Sauber,20,0,2022,Miami Grand Prix,5,10,16.210526315789473,0.0,14.0,17.0,,,0.1578947368421053,1.0,1.0,0.6631578947368422,3,4,18
4,NOR,McLaren,1,25,2022,Spanish Grand Prix,6,5,3.210526315789474,13.736842105263158,2.0,2.0,3.0,4.0,0.9473684210526316,0.85,0.8,0.8739473684210527,12,5,26
1,VER,Red Bull Racing,2,18,2022,Spanish Grand Prix,6,1,3.8421052631578947,11.0,1.0,7.333333333333333,1.5,1.0,0.6666666666666667,0.925,0.95,0.8291666666666666,22,8,26
16,LEC,Ferrari,3,15,2022,Spanish Grand Prix,6,2,4.421052631578948,12.736842105263158,4.0,3.0,3.5,5.0,0.8947368421052632,0.825,0.75,0.8303947368421052,10,2,26
11,PER,Red Bull Racing,4,12,2022,Spanish Grand Prix,6,4,9.157894736842104,11.0,3.0,4.0,3.0,3.0,0.8421052631578947,0.85,0.85,0.846842105263158,14,8,26
55,SAI,Ferrari,5,10,2022,Spanish Grand Prix,6,3,5.611111111111111,12.736842105263158,5.0,3.6666666666666665,4.0,3.5,0.8596491228070176,0.8,0.825,0.8313596491228069,18,2,26
44,HAM,Mercedes,6,8,2022,Spanish Grand Prix,6,8,6.7368421052631575,8.973684210526315,9.0,11.0,7.5,7.5,0.4736842105263157,0.625,0.625,0.5644736842105262,7,6,26
22,TSU,RB,7,6,2022,Spanish Grand Prix,6,10,13.68421052631579,0.7631578947368421,19.0,11.0,8.5,10.0,0.4736842105263157,0.575,0.5,0.5119736842105262,21,7,26
63,RUS,Mercedes,8,4,2022,Spanish Grand Prix,6,7,7.421052631578948,8.973684210526315,6.0,10.333333333333334,7.5,8.0,0.5087719298245614,0.625,0.6,0.5710087719298246,17,6,26
14,ALO,Aston Martin,9,2,2022,Spanish Grand Prix,6,15,10.0,2.0526315789473686,7.0,8.0,7.5,10.0,0.631578947368421,0.625,0.5,0.5901315789473685,1,1,26
31,OCO,Alpine,10,1,2022,Spanish Grand Prix,6,13,14.0,0.34210526315789475,11.0,12.333333333333334,12.5,14.0,0.4035087719298245,0.375,0.29999999999999993,0.3639035087719298,13,0,26
27,HUL,Haas F1 Team,11,0,2022,Spanish Grand Prix,6,9,11.473684210526315,0.868421052631579,10.0,10.0,11.0,10.5,0.5263157894736843,0.44999999999999996,0.475,0.48802631578947364,8,3,26
10,GAS,Alpine,12,0,2022,Spanish Grand Prix,6,12,14.105263157894736,0.34210526315789475,13.0,12.666666666666666,14.0,14.5,0.38596491228070184,0.29999999999999993,0.2749999999999999,0.32688596491228067,6,0,26
81,PIA,McLaren,13,0,2022,Spanish Grand Prix,6,6,4.842105263157895,13.736842105263158,8.0,8.333333333333334,10.5,6.0,0.6140350877192982,0.475,0.7,0.5981140350877192,15,5,26
24,ZHO,Kick Sauber,14,0,2022,Spanish Grand Prix,6,20,15.842105263157896,0.0,14.0,14.333333333333334,16.0,20.0,0.29824561403508776,0.19999999999999996,0.0,0.1792982456140351,23,4,26
3,RIC,RB,15,0,2022,Spanish Grand Prix,6,18,13.3125,0.7631578947368421,18.0,15.0,17.0,14.5,0.26315789473684204,0.1499999999999999,0.2749999999999999,0.23276315789473678,16,7,26
77,BOT,Kick Sauber,16,0,2022,Spanish Grand Prix,6,16,16.210526315789473,0.0,20.0,16.666666666666668,15.0,14.5,0.17543859649122795,0.25,0.2749999999999999,0.22767543859649114,3,4,26
18,STR,Aston Martin,17,0,2022,Spanish Grand Prix,6,11,12.894736842105264,2.0526315789473686,15.0,12.666666666666666,14.5,13.5,0.38596491228070184,0.2749999999999999,0.32499999999999996,0.3343859649122807,20,1,26
23,ALB,Williams,18,0,2022,Spanish Grand Prix,6,14,14.210526315789474,0.4594594594594595,12.0,13.666666666666666,19.0,14.0,0.3333333333333335,0.04999999999999993,0.29999999999999993,0.23833333333333334,0,9,26
20,MAG,Haas F1 Team,19,0,2022,Spanish Grand Prix,6,19,13.777777777777779,0.868421052631579,16.0,15.0,16.0,18.5,0.26315789473684204,0.19999999999999996,0.07499999999999996,0.1877631578947368,11,3,26
2,SAR,Williams,20,0,2022,Spanish Grand Prix,6,17,17.0,0.4594594594594595,17.0,17.0,18.5,18.0,0.1578947368421053,0.07499999999999996,0.09999999999999998,0.1156578947368421,19,9,26
1,VER,Red Bull Racing,1,25,2022,Monaco Grand Prix,7,1,3.8421052631578947,11.0,2.0,1.3333333333333333,1.0,1.0,0.9824561403508771,0.95,0.95,0.9629824561403508,22,8,19
4,NOR,McLaren,2,18,2022,Monaco Grand Prix,7,3,3.210526315789474,13.736842105263158,1.0,1.6666666666666667,2.0,4.0,0.9649122807017544,0.9,0.8,0.8959649122807019,12,5,19
16,LEC,Ferrari,3,15,2022,Monaco Grand Prix,7,4,4.421052631578948,12.736842105263158,3.0,3.3333333333333335,4.0,6.0,0.8771929824561404,0.8,0.7,0.8008771929824561,10,2,19
81,PIA,McLaren,4,12,2022,Monaco Grand Prix,7,2,4.842105263157895,13.736842105263158,13.0,8.333333333333334,8.0,5.0,0.6140350877192982,0.6,0.75,0.6506140350877192,15,5,19
55,SAI,Ferrari,5,10,2022,Monaco Grand Prix,7,5,5.611111111111111,12.736842105263158,5.0,5.0,5.0,7.0,0.7894736842105263,0.75,0.6499999999999999,0.7357894736842104,18,2,19
44,HAM,Mercedes,6,8,2022,Monaco Grand Prix,7,8,6.7368421052631575,8.973684210526315,6.0,7.0,9.0,18.0,0.6842105263157895,0.55,0.09999999999999998,0.46868421052631576,7,6,19
63,RUS,Mercedes,7,7,2022,Monaco Grand Prix,7,6,7.421052631578948,8.973684210526315,8.0,7.0,6.0,8.0,0.6842105263157895,0.7,0.6,0.6636842105263159,17,6,19
11,PER,Red Bull Racing,8,4,2022,Monaco Grand Prix,7,11,9.157894736842104,11.0,4.0,5.0,3.0,2.0,0.7894736842105263,0.85,0.9,0.8407894736842105,14,8,19
18,STR,Aston Martin,9,2,2022,Monaco Grand Prix,7,13,12.894736842105264,2.0526315789473686,17.0,13.666666666666666,15.0,11.0,0.3333333333333335,0.25,0.44999999999999996,0.3433333333333334,20,1,19
22,TSU,RB,10,1,2022,Monaco Grand Prix,7,7,13.68421052631579,0.7631578947368421,7.0,12.0,19.0,19.0,0.42105263157894735,0.04999999999999993,0.04999999999999993,0.19842105263157891,21,7,19
27,HUL,Haas F1 Team,11,0,2022,Monaco Grand Prix,7,10,11.473684210526315,0.868421052631579,11.0,10.666666666666666,10.0,9.0,0.49122807017543857,0.5,0.55,0.5114912280701754,8,3,19
20,MAG,Haas F1 Team,12,0,2022,Monaco Grand Prix,7,18,13.777777777777779,0.868421052631579,19.0,15.666666666666666,16.0,17.0,0.22807017543859653,0.19999999999999996,0.1499999999999999,0.19622807017543858,11,3,19
3,RIC,RB,13,0,2022,Monaco Grand Prix,7,9,13.3125,0.7631578947368421,15.0,15.333333333333334,18.0,12.0,0.2456140350877194,0.09999999999999998,0.3999999999999999,0.2482456140350877,16,7,19
31,OCO,Alpine,14,0,2022,Monaco Grand Prix,7,12,14.0,0.34210526315789475,10.0,11.666666666666666,11.0,13.0,0.4385964912280702,0.44999999999999996,0.35,0.41543859649122805,13,0,19
24,ZHO,Kick Sauber,15,0,2022,Monaco Grand Prix,7,17,15.842105263157896,0.0,14.0,14.333333333333334,14.0,16.0,0.29824561403508776,0.29999999999999993,0.19999999999999996,0.2692982456140351,23,4,19
10,GAS,Alpine,16,0,2022,Monaco Grand Prix,7,15,14.105263157894736,0.34210526315789475,12.0,13.666666666666666,13.0,15.0,0.3333333333333335,0.35,0.25,0.3133333333333334,6,0,19
2,SAR,Williams,17,0,2022,Monaco Grand Prix,7,20,17.0,0.4594594594594595,20.0,18.0,17.0,20.0,0.10526315789473695,0.1499999999999999,0.0,0.08710526315789476,19,9,19
77,BOT,Kick Sauber,18,0,2022,Monaco Grand Prix,7,16,16.210526315789473,0.0,16.0,18.0,20.0,10.0,0.10526315789473695,0.0,0.5,0.19210526315789478,3,4,19
14,ALO,Aston Martin,19,0,2022,Monaco Grand Prix,7,19,10.0,2.0526315789473686,9.0,11.666666666666666,7.0,3.0,0.4385964912280702,0.6499999999999999,0.85,0.6254385964912281,1,1,19
23,ALB,Williams,20,0,2022,Monaco Grand Prix,7,14,14.210526315789474,0.4594594594594595,18.0,16.666666666666668,12.0,14.0,0.17543859649122795,0.3999999999999999,0.29999999999999993,0.28017543859649113,0,9,19
16,LEC,Ferrari,1,25,2022,Azerbaijan Grand Prix,8,1,4.421052631578948,12.736842105263158,3.0,2.3333333333333335,3.0,2.0,0.9298245614035088,0.85,0.9,0.8969298245614036,10,2,4
81,PIA,McLaren,2,18,2022,Azerbaijan Grand Prix,8,2,4.842105263157895,13.736842105263158,4.0,6.333333333333333,13.0,6.0,0.7192982456140351,0.35,0.7,0.602719298245614,15,5,4
55,SAI,Ferrari,3,15,2022,Azerbaijan Grand Prix,8,3,5.611111111111111,12.736842105263158,5.0,4.333333333333333,5.0,3.0,0.8245614035087719,0.75,0.85,0.8098245614035088,18,2,4
4,NOR,McLaren,4,12,2022,Azerbaijan Grand Prix,8,4,3.210526315789474,13.736842105263158,2.0,2.3333333333333335,1.0,5.0,0.9298245614035088,0.95,0.75,0.8819298245614035,12,5,4
63,RUS,Mercedes,5,10,2022,Azerbaijan Grand Prix,8,5,7.421052631578948,8.973684210526315,7.0,6.666666666666667,8.0,7.0,0.7017543859649122,0.6,0.6499999999999999,0.6557017543859649,17,6,4
1,VER,Red Bull Racing,6,8,2022,Azerbaijan Grand Prix,8,6,3.8421052631578947,11.0,1.0,3.0,2.0,1.0,0.8947368421052632,0.9,0.95,0.9128947368421052,22,8,4
44,HAM,Mercedes,7,7,2022,Azerbaijan Grand Prix,8,7,6.7368421052631575,8.973684210526315,6.0,6.333333333333333,6.0,8.0,0.7192982456140351,0.7,0.6,0.6777192982456139,7,6,4
22,TSU,RB,8,4,2022,Azerbaijan Grand Prix,8,8,13.68421052631579,0.7631578947368421,10.0,8.333333333333334,7.0,10.0,0.6140350877192982,0.6499999999999999,0.5,0.5906140350877193,21,7,4
23,ALB,Williams,9,2,2022,Azerbaijan Grand Prix,8,9,14.210526315789474,0.4594594594594595,20.0,15.666666666666666,18.0,14.0,0.22807017543859653,0.09999999999999998,0.29999999999999993,0.2112280701754386,0,9,4
10,GAS,Alpine,10,1,2022,Azerbaijan Grand Prix,8,10,14.105263157894736,0.34210526315789475,16.0,12.666666666666666,12.0,12.0,0.38596491228070184,0.3999999999999999,0.3999999999999999,0.39438596491228073,6,0,4
14,ALO,Aston Martin,11,0,2022,Azerbaijan Grand Prix,8,14,10.0,2.0526315789473686,19.0,13.0,9.0,15.0,0.368421052631579,0.55,0.25,0.38736842105263164,1,1,4
3,RIC,RB,12,0,2022,Azerbaijan Grand Prix,8,12,13.3125,0.7631578947368421,13.0,13.333333333333334,15.0,18.0,0.3508771929824561,0.25,0.09999999999999998,0.24535087719298246,16,7,4
77,BOT,Kick Sauber,13,0,2022,Azerbaijan Grand Prix,8,17,16.210526315789473,0.0,18.0,15.666666666666666,16.0,16.0,0.22807017543859653,0.19999999999999996,0.19999999999999996,0.2112280701754386,3,4,4
18,STR,Aston Martin,14,0,2022,Azerbaijan Grand Prix,8,13,12.894736842105264,2.0526315789473686,9.0,13.333333333333334,17.0,11.0,0.3508771929824561,0.1499999999999999,0.44999999999999996,0.3203508771929824,20,1,4
2,SAR,Williams,15,0,2022,Azerbaijan Grand Prix,8,15,17.0,0.4594594594594595,17.0,17.333333333333332,20.0,17.0,0.14035087719298267,0.0,0.1499999999999999,0.10114035087719304,19,9,4
24,ZHO,Kick Sauber,16,0,2022,Azerbaijan Grand Prix,8,18,15.842105263157896,0.0,15.0,15.0,14.0,20.0,0.26315789473684204,0.29999999999999993,0.0,0.1952631578947368,23,4,4
31,OCO,Alpine,17,0,2022,Azerbaijan Grand Prix,8,11,14.0,0.34210526315789475,14.0,13.666666666666666,10.0,13.0,0.3333333333333335,0.5,0.35,0.38833333333333336,13,0,4
11,PER,Red Bull Racing,18,0,2022,Azerbaijan Grand Prix,8,16,9.157894736842104,11.0,8.0,10.0,4.0,4.0,0.5263157894736843,0.8,0.8,0.6905263157894737,14,8,4
27,HUL,Haas F1 Team,19,0,2022,Azerbaijan Grand Prix,8,14,11.473684210526315,0.868421052631579,11.0,13.666666666666666,11.0,9.0,0.3333333333333335,0.44999999999999996,0.55,0.43333333333333335,8,3,4
20,MAG,Haas F1 Team,20,0,2022,Azerbaijan Grand Prix,8,15,13.777777777777779,0.868421052631579,12.0,17.0,19.0,19.0,0.1578947368421053,0.04999999999999993,0.04999999999999993,0.09315789473684208,11,3,4
1,VER,Red Bull Racing,1,25,2022,Canadian Grand Prix,9,2,3.8421052631578947,11.0,6.0,2.6666666666666665,,,0.9122807017543859,1.0,1.0,0.9649122807017545,22,8,8
4,NOR,McLaren,2,18,2022,Canadian Grand Prix,9,3,3.210526315789474,13.736842105263158,4.0,2.6666666666666665,,,0.9122807017543859,1.0,1.0,0.9649122807017545,12,5,8
63,RUS,Mercedes,3,15,2022,Canadian Grand Prix,9,1,7.421052631578948,8.973684210526315,5.0,5.0,,,0.7894736842105263,1.0,1.0,0.9157894736842105,17,6,8
44,HAM,Mercedes,4,13,2022,Canadian Grand Prix,9,7,6.7368421052631575,8.973684210526315,7.0,5.666666666666667,,,0.7543859649122807,1.0,1.0,0.9017543859649124,7,6,8
81,PIA,McLaren,5,10,2022,Canadian Grand Prix,9,4,4.842105263157895,13.736842105263158,2.0,3.6666666666666665,,,0.8596491228070176,1.0,1.0,0.9438596491228071,15,5,8
14,ALO,Aston Martin,6,8,2022,Canadian Grand Prix,9,6,10.0,2.0526315789473686,11.0,12.0,,,0.42105263157894735,1.0,1.0,0.7684210526315789,1,1,8
18,STR,Aston Martin,7,6,2022,Canadian Grand Prix,9,9,12.894736842105264,2.0526315789473686,14.0,10.0,,,0.5263157894736843,1.0,1.0,0.8105263157894738,20,1,8
3,RIC,RB,8,4,2022,Canadian Grand Prix,9,5,13.3125,0.7631578947368421,12.0,11.0,,,0.4736842105263157,1.0,1.0,0.7894736842105263,16,7,8
10,GAS,Alpine,9,2,2022,Canadian Grand Prix,9,15,14.105263157894736,0.34210526315789475,10.0,11.666666666666666,,,0.4385964912280702,1.0,1.0,0.775438596491228,6,0,8
31,OCO,Alpine,10,1,2022,Canadian Grand Prix,9,18,14.0,0.34210526315789475,17.0,13.666666666666666,,,0.3333333333333335,1.0,1.0,0.7333333333333334,13,0,8
27,HUL,Haas F1 Team,11,0,2022,Canadian Grand Prix,9,19,11.473684210526315,0.868421052631579,19.0,13.666666666666666,,,0.3333333333333335,1.0,1.0,0.7333333333333334,8,3,8
20,MAG,Haas F1 Team,12,0,2022,Canadian Grand Prix,9,14,13.777777777777779,0.868421052631579,20.0,14.666666666666666,,,0.2807017543859649,1.0,1.0,0.712280701754386,11,3,8
77,BOT,Kick Sauber,13,0,2022,Canadian Grand Prix,9,17,16.210526315789473,0.0,13.0,14.666666666666666,,,0.2807017543859649,1.0,1.0,0.712280701754386,3,4,8
22,TSU,RB,14,0,2022,Canadian Grand Prix,9,8,13.68421052631579,0.7631578947368421,8.0,10.666666666666666,,,0.49122807017543857,1.0,1.0,0.7964912280701755,21,7,8
24,ZHO,Kick Sauber,15,0,2022,Canadian Grand Prix,9,20,15.842105263157896,0.0,16.0,15.333333333333334,,,0.2456140350877194,1.0,1.0,0.6982456140350877,23,4,8
55,SAI,Ferrari,16,0,2022,Canadian Grand Prix,9,12,5.611111111111111,12.736842105263158,3.0,8.0,,,0.631578947368421,1.0,1.0,0.8526315789473684,18,2,8
23,ALB,Williams,17,0,2022,Canadian Grand Prix,9,10,14.210526315789474,0.4594594594594595,9.0,15.333333333333334,,,0.2456140350877194,1.0,1.0,0.6982456140350877,0,9,8
11,PER,Red Bull Racing,18,0,2022,Canadian Grand Prix,9,16,9.157894736842104,11.0,18.0,14.666666666666666,,,0.2807017543859649,1.0,1.0,0.712280701754386,14,8,8
16,LEC,Ferrari,19,0,2022,Canadian Grand Prix,9,11,4.421052631578948,12.736842105263158,1.0,7.666666666666667,,,0.6491228070175439,1.0,1.0,0.8596491228070176,10,2,8
2,SAR,Williams,20,0,2022,Canadian Grand Prix,9,13,17.0,0.4594594594594595,15.0,17.333333333333332,,,0.14035087719298267,1.0,1.0,0.656140350877193,19,9,8
1,VER,Red Bull Racing,1,25,2022,British Grand Prix,10,2,3.8421052631578947,11.0,1.0,2.6666666666666665,1.0,1.0,0.9122807017543859,0.95,0.95,0.9349122807017543,22,8,7
4,NOR,McLaren,2,19,2022,British Grand Prix,10,1,3.210526315789474,13.736842105263158,2.0,2.6666666666666665,5.0,3.0,0.9122807017543859,0.75,0.85,0.8449122807017544,12,5,7
44,HAM,Mercedes,3,15,2022,British Grand Prix,10,3,6.7368421052631575,8.973684210526315,4.0,4.666666666666667,9.0,7.0,0.8070175438596491,0.55,0.6499999999999999,0.6828070175438596,7,6,7
63,RUS,Mercedes,4,12,2022,British Grand Prix,10,4,7.421052631578948,8.973684210526315,3.0,4.0,7.0,9.0,0.8421052631578947,0.6499999999999999,0.55,0.6968421052631579,17,6,7
16,LEC,Ferrari,5,10,2022,British Grand Prix,10,5,4.421052631578948,12.736842105263158,19.0,8.333333333333334,4.0,8.0,0.6140350877192982,0.8,0.6,0.6656140350877193,10,2,7
55,SAI,Ferrari,6,8,2022,British Grand Prix,10,6,5.611111111111111,12.736842105263158,16.0,8.333333333333334,3.0,4.0,0.6140350877192982,0.85,0.8,0.7406140350877193,18,2,7
81,PIA,McLaren,7,6,2022,British Grand Prix,10,10,4.842105263157895,13.736842105263158,5.0,4.666666666666667,8.0,6.0,0.8070175438596491,0.6,0.7,0.7128070175438597,15,5,7
11,PER,Red Bull Racing,8,4,2022,British Grand Prix,10,8,9.157894736842104,11.0,18.0,14.666666666666666,2.0,2.0,0.2807017543859649,0.9,0.9,0.652280701754386,14,8,7
10,GAS,Alpine,9,2,2022,British Grand Prix,10,7,14.105263157894736,0.34210526315789475,9.0,9.333333333333334,16.0,17.0,0.5614035087719298,0.19999999999999996,0.1499999999999999,0.3295614035087719,6,0,7
31,OCO,Alpine,10,1,2022,British Grand Prix,10,9,14.0,0.34210526315789475,10.0,12.333333333333334,15.0,15.0,0.4035087719298245,0.25,0.25,0.3114035087719298,13,0,7
27,HUL,Haas F1 Team,11,0,2022,British Grand Prix,10,13,11.473684210526315,0.868421052631579,11.0,13.666666666666666,11.0,12.0,0.3333333333333335,0.44999999999999996,0.3999999999999999,0.3883333333333333,8,3,7
14,ALO,Aston Martin,12,0,2022,British Grand Prix,10,11,10.0,2.0526315789473686,6.0,9.666666666666666,6.0,5.0,0.5438596491228072,0.7,0.75,0.6525438596491229,1,1,7
24,ZHO,Kick Sauber,13,0,2022,British Grand Prix,10,15,15.842105263157896,0.0,15.0,14.666666666666666,18.0,20.0,0.2807017543859649,0.09999999999999998,0.0,0.14228070175438595,23,4,7
18,STR,Aston Martin,14,0,2022,British Grand Prix,10,14,12.894736842105264,2.0526315789473686,7.0,11.666666666666666,12.0,16.0,0.4385964912280702,0.3999999999999999,0.19999999999999996,0.35543859649122805,20,1,7
3,RIC,RB,15,0,2022,British Grand Prix,10,18,13.3125,0.7631578947368421,8.0,11.666666666666666,19.0,11.0,0.4385964912280702,0.04999999999999993,0.44999999999999996,0.3254385964912281,16,7,7
77,BOT,Kick Sauber,16,0,2022,British Grand Prix,10,12,16.210526315789473,0.0,13.0,14.0,14.0,13.0,0.3157894736842106,0.29999999999999993,0.35,0.3213157894736842,3,4,7
20,MAG,Haas F1 Team,17,0,2022,British Grand Prix,10,16,13.777777777777779,0.868421052631579,12.0,16.333333333333332,13.0,18.0,0.19298245614035103,0.35,0.09999999999999998,0.2121929824561404,11,3,7
23,ALB,Williams,18,0,2022,British Grand Prix,10,19,14.210526315789474,0.4594594594594595,17.0,14.666666666666666,20.0,14.0,0.2807017543859649,0.0,0.29999999999999993,0.20228070175438595,0,9,7
22,TSU,RB,19,0,2022,British Grand Prix,10,17,13.68421052631579,0.7631578947368421,14.0,13.666666666666666,10.0,10.0,0.3333333333333335,0.5,0.5,0.43333333333333335,21,7,7
2,SAR,Williams,20,0,2022,British Grand Prix,10,20,17.0,0.4594594594594595,20.0,18.333333333333332,17.0,19.0,0.08771929824561409,0.1499999999999999,0.04999999999999993,0.09508771929824558,19,9,7
44,HAM,Mercedes,1,25,2022,French Grand Prix,12,2,6.7368421052631575,8.973684210526315,3.0,2.6666666666666665,6.0,8.0,0.9122807017543859,0.7,0.6,0.7549122807017543,7,6,12
1,VER,Red Bull Racing,2,18,2022,French Grand Prix,12,4,3.8421052631578947,11.0,1.0,1.3333333333333333,1.0,1.0,0.9824561403508771,0.95,0.95,0.9629824561403508,22,8,12
4,NOR,McLaren,3,15,2022,French Grand Prix,12,3,3.210526315789474,13.736842105263158,2.0,2.3333333333333335,2.0,3.0,0.9298245614035088,0.9,0.85,0.8969298245614036,12,5,12
81,PIA,McLaren,4,12,2022,French Grand Prix,12,5,4.842105263157895,13.736842105263158,7.0,5.333333333333333,4.0,2.0,0.7719298245614035,0.8,0.9,0.8187719298245615,15,5,12
55,SAI,Ferrari,5,11,2022,French Grand Prix,12,7,5.611111111111111,12.736842105263158,6.0,9.0,5.0,5.0,0.5789473684210527,0.75,0.75,0.6815789473684211,18,2,12
27,HUL,Haas F1 Team,6,8,2022,French Grand Prix,12,6,11.473684210526315,0.868421052631579,11.0,9.333333333333334,11.0,10.0,0.5614035087719298,0.44999999999999996,0.5,0.5095614035087719,8,3,12
18,STR,Aston Martin,7,6,2022,French Grand Prix,12,8,12.894736842105264,2.0526315789473686,14.0,9.333333333333334,9.0,13.0,0.5614035087719298,0.55,0.35,0.4945614035087719,20,1,12
14,ALO,Aston Martin,8,4,2022,French Grand Prix,12,10,10.0,2.0526315789473686,12.0,8.666666666666666,19.0,19.0,0.5964912280701755,0.04999999999999993,0.04999999999999993,0.26859649122807017,1,1,12
23,ALB,Williams,9,2,2022,French Grand Prix,12,9,14.210526315789474,0.4594594594594595,18.0,14.666666666666666,20.0,14.0,0.2807017543859649,0.0,0.29999999999999993,0.20228070175438595,0,9,12
22,TSU,RB,10,1,2022,French Grand Prix,12,13,13.68421052631579,0.7631578947368421,19.0,14.333333333333334,10.0,7.0,0.29824561403508776,0.5,0.6499999999999999,0.4642982456140351,21,7,12
2,SAR,Williams,11,0,2022,French Grand Prix,12,12,17.0,0.4594594594594595,20.0,17.0,17.0,20.0,0.1578947368421053,0.1499999999999999,0.0,0.10815789473684209,19,9,12
20,MAG,Haas F1 Team,12,0,2022,French Grand Prix,12,17,13.777777777777779,0.868421052631579,17.0,13.666666666666666,12.0,18.0,0.3333333333333335,0.3999999999999999,0.09999999999999998,0.2833333333333333,11,3,12
3,RIC,RB,13,0,2022,French Grand Prix,12,15,13.3125,0.7631578947368421,15.0,12.0,13.0,9.0,0.42105263157894735,0.35,0.55,0.43842105263157893,16,7,12
16,LEC,Ferrari,14,0,2022,French Grand Prix,12,11,4.421052631578948,12.736842105263158,5.0,12.666666666666666,3.0,4.0,0.38596491228070184,0.85,0.8,0.6493859649122807,10,2,12
77,BOT,Kick Sauber,15,0,2022,French Grand Prix,12,16,16.210526315789473,0.0,16.0,14.666666666666666,18.0,16.0,0.2807017543859649,0.09999999999999998,0.19999999999999996,0.20228070175438595,3,4,12
31,OCO,Alpine,16,0,2022,French Grand Prix,12,18,14.0,0.34210526315789475,10.0,12.0,14.0,12.0,0.42105263157894735,0.29999999999999993,0.3999999999999999,0.3784210526315789,13,0,12
11,PER,Red Bull Racing,17,0,2022,French Grand Prix,12,19,9.157894736842104,11.0,8.0,14.333333333333334,8.0,11.0,0.29824561403508776,0.6,0.44999999999999996,0.43429824561403507,14,8,12
24,ZHO,Kick Sauber,18,0,2022,French Grand Prix,12,14,15.842105263157896,0.0,13.0,15.333333333333334,15.0,17.0,0.2456140350877194,0.25,0.1499999999999999,0.21824561403508774,23,4,12
63,RUS,Mercedes,19,0,2022,French Grand Prix,12,1,7.421052631578948,8.973684210526315,4.0,8.666666666666666,7.0,6.0,0.5964912280701755,0.6499999999999999,0.7,0.6435964912280702,17,6,12
10,GAS,Alpine,20,0,2022,French Grand Prix,12,20,14.105263157894736,0.34210526315789475,9.0,12.666666666666666,16.0,15.0,0.38596491228070184,0.19999999999999996,0.25,0.28938596491228075,6,0,12
81,PIA,McLaren,1,25,2022,Hungarian Grand Prix,13,2,4.842105263157895,13.736842105263158,4.0,4.0,3.0,6.5,0.8421052631578947,0.85,0.675,0.794342105263158,15,5,13
4,NOR,McLaren,2,18,2022,Hungarian Grand Prix,13,1,3.210526315789474,13.736842105263158,3.0,2.3333333333333335,11.5,3.0,0.9298245614035088,0.42499999999999993,0.85,0.7544298245614035,12,5,13
44,HAM,Mercedes,3,15,2022,Hungarian Grand Prix,13,5,6.7368421052631575,8.973684210526315,1.0,2.3333333333333335,11.0,8.0,0.9298245614035088,0.44999999999999996,0.6,0.6869298245614035,7,6,13
16,LEC,Ferrari,4,12,2022,Hungarian Grand Prix,13,6,4.421052631578948,12.736842105263158,14.0,7.666666666666667,6.5,5.5,0.6491228070175439,0.675,0.725,0.6796491228070176,10,2,13
1,VER,Red Bull Racing,5,10,2022,Hungarian Grand Prix,13,3,3.8421052631578947,11.0,2.0,2.6666666666666665,12.0,1.0,0.9122807017543859,0.3999999999999999,0.95,0.7699122807017544,22,8,13
55,SAI,Ferrari,6,8,2022,Hungarian Grand Prix,13,4,5.611111111111111,12.736842105263158,5.0,5.666666666666667,2.0,3.0,0.7543859649122807,0.9,0.85,0.8267543859649124,18,2,13
11,PER,Red Bull Racing,7,6,2022,Hungarian Grand Prix,13,16,9.157894736842104,11.0,17.0,10.666666666666666,6.0,5.5,0.49122807017543857,0.7,0.725,0.6239912280701755,14,8,13
63,RUS,Mercedes,8,5,2022,Hungarian Grand Prix,13,17,7.421052631578948,8.973684210526315,19.0,10.333333333333334,9.0,5.0,0.5087719298245614,0.55,0.75,0.5935087719298245,17,6,13
22,TSU,RB,9,2,2022,Hungarian Grand Prix,13,10,13.68421052631579,0.7631578947368421,10.0,12.666666666666666,10.5,11.0,0.38596491228070184,0.475,0.44999999999999996,0.4318859649122807,21,7,13
18,STR,Aston Martin,10,1,2022,Hungarian Grand Prix,13,8,12.894736842105264,2.0526315789473686,7.0,10.333333333333334,9.5,13.0,0.5087719298245614,0.5249999999999999,0.35,0.46600877192982454,20,1,13
14,ALO,Aston Martin,11,0,2022,Hungarian Grand Prix,13,7,10.0,2.0526315789473686,8.0,10.333333333333334,13.0,12.5,0.5087719298245614,0.35,0.375,0.42100877192982455,1,1,13
3,RIC,RB,12,0,2022,Hungarian Grand Prix,13,9,13.3125,0.7631578947368421,13.0,13.333333333333334,10.5,14.5,0.3508771929824561,0.475,0.2749999999999999,0.36535087719298237,16,7,13
27,HUL,Haas F1 Team,13,0,2022,Hungarian Grand Prix,13,11,11.473684210526315,0.868421052631579,6.0,10.0,7.5,12.5,0.5263157894736843,0.625,0.375,0.5105263157894737,8,3,13
23,ALB,Williams,14,0,2022,Hungarian Grand Prix,13,13,14.210526315789474,0.4594594594594595,9.0,13.666666666666666,13.0,14.0,0.3333333333333335,0.35,0.29999999999999993,0.32833333333333337,0,9,13
20,MAG,Haas F1 Team,15,0,2022,Hungarian Grand Prix,13,15,13.777777777777779,0.868421052631579,12.0,14.666666666666666,9.0,13.0,0.2807017543859649,0.55,0.35,0.38228070175438594,11,3,13
77,BOT,Kick Sauber,16,0,2022,Hungarian Grand Prix,13,12,16.210526315789473,0.0,15.0,15.666666666666666,15.0,15.5,0.22807017543859653,0.25,0.22499999999999998,0.23372807017543862,3,4,13
2,SAR,Williams,17,0,2022,Hungarian Grand Prix,13,14,17.0,0.4594594594594595,11.0,16.0,19.0,19.0,0.21052631578947367,0.04999999999999993,0.04999999999999993,0.11421052631578943,19,9,13
31,OCO,Alpine,18,0,2022,Hungarian Grand Prix,13,19,14.0,0.34210526315789475,16.0,14.666666666666666,14.0,12.5,0.2807017543859649,0.29999999999999993,0.375,0.31478070175438594,13,0,13
24,ZHO,Kick Sauber,19,0,2022,Hungarian Grand Prix,13,18,15.842105263157896,0.0,18.0,16.666666666666668,16.0,19.5,0.17543859649122795,0.19999999999999996,0.02499999999999991,0.13767543859649115,23,4,13
10,GAS,Alpine,20,0,2022,Hungarian Grand Prix,13,20,14.105263157894736,0.34210526315789475,20.0,16.333333333333332,11.5,15.0,0.19298245614035103,0.42499999999999993,0.25,0.2796929824561404,6,0,13
44,HAM,Mercedes,1,25,2022,Belgian Grand Prix,14,4,6.7368421052631575,8.973684210526315,3.0,1.6666666666666667,3.5,5.0,0.9649122807017544,0.825,0.75,0.8584649122807018,7,6,6
81,PIA,McLaren,2,18,2022,Belgian Grand Prix,14,6,4.842105263157895,13.736842105263158,1.0,2.3333333333333335,4.0,3.5,0.9298245614035088,0.8,0.825,0.8594298245614035,15,5,6
16,LEC,Ferrari,3,15,2022,Belgian Grand Prix,14,2,4.421052631578948,12.736842105263158,4.0,7.0,8.5,7.5,0.6842105263157895,0.575,0.625,0.6336842105263158,10,2,6
1,VER,Red Bull Racing,4,12,2022,Belgian Grand Prix,14,1,3.8421052631578947,11.0,5.0,3.6666666666666665,1.5,2.5,0.8596491228070176,0.925,0.875,0.883859649122807,22,8,6
4,NOR,McLaren,5,10,2022,Belgian Grand Prix,14,5,3.210526315789474,13.736842105263158,2.0,3.3333333333333335,2.5,3.0,0.8771929824561404,0.875,0.85,0.8683771929824562,12,5,6
55,SAI,Ferrari,6,8,2022,Belgian Grand Prix,14,8,5.611111111111111,12.736842105263158,6.0,5.666666666666667,5.0,6.0,0.7543859649122807,0.75,0.7,0.7367543859649123,18,2,6
11,PER,Red Bull Racing,7,7,2022,Belgian Grand Prix,14,3,9.157894736842104,11.0,7.0,10.333333333333334,12.5,15.0,0.5087719298245614,0.375,0.25,0.3910087719298246,14,8,6
14,ALO,Aston Martin,8,4,2022,Belgian Grand Prix,14,9,10.0,2.0526315789473686,11.0,9.0,13.5,14.5,0.5789473684210527,0.32499999999999996,0.2749999999999999,0.41157894736842104,1,1,6
31,OCO,Alpine,9,2,2022,Belgian Grand Prix,14,10,14.0,0.34210526315789475,18.0,14.333333333333334,15.0,15.0,0.29824561403508776,0.25,0.25,0.2692982456140351,13,0,6
3,RIC,RB,10,1,2022,Belgian Grand Prix,14,13,13.3125,0.7631578947368421,12.0,11.666666666666666,13.0,12.0,0.4385964912280702,0.35,0.3999999999999999,0.40043859649122804,16,7,6
18,STR,Aston Martin,11,0,2022,Belgian Grand Prix,14,15,12.894736842105264,2.0526315789473686,10.0,9.333333333333334,8.0,10.5,0.5614035087719298,0.6,0.475,0.5470614035087719,20,1,6
23,ALB,Williams,12,0,2022,Belgian Grand Prix,14,11,14.210526315789474,0.4594594594594595,14.0,11.666666666666666,14.5,11.5,0.4385964912280702,0.2749999999999999,0.42499999999999993,0.385438596491228,0,9,6
10,GAS,Alpine,13,0,2022,Belgian Grand Prix,14,12,14.105263157894736,0.34210526315789475,20.0,17.666666666666668,18.0,17.5,0.12280701754385959,0.09999999999999998,0.125,0.11662280701754382,6,0,6
20,MAG,Haas F1 Team,14,0,2022,Belgian Grand Prix,14,17,13.777777777777779,0.868421052631579,15.0,13.666666666666666,12.0,17.5,0.3333333333333335,0.3999999999999999,0.125,0.29083333333333333,11,3,6
77,BOT,Kick Sauber,15,0,2022,Belgian Grand Prix,14,14,16.210526315789473,0.0,16.0,15.333333333333334,16.5,16.0,0.2456140350877194,0.17499999999999993,0.19999999999999996,0.21074561403508774,3,4,6
22,TSU,RB,16,0,2022,Belgian Grand Prix,14,18,13.68421052631579,0.7631578947368421,9.0,11.666666666666666,10.0,10.0,0.4385964912280702,0.5,0.5,0.4754385964912281,21,7,6
2,SAR,Williams,17,0,2022,Belgian Grand Prix,14,19,17.0,0.4594594594594595,17.0,15.0,14.0,16.0,0.26315789473684204,0.29999999999999993,0.19999999999999996,0.2552631578947368,19,9,6
27,HUL,Haas F1 Team,18,0,2022,Belgian Grand Prix,14,16,11.473684210526315,0.868421052631579,13.0,12.333333333333334,8.5,8.0,0.4035087719298245,0.575,0.6,0.5139035087719297,8,3,6
24,ZHO,Kick Sauber,19,0,2022,Belgian Grand Prix,14,20,15.842105263157896,0.0,19.0,18.666666666666668,16.5,15.5,0.07017543859649122,0.17499999999999993,0.22499999999999998,0.14807017543859646,23,4,6
63,RUS,Mercedes,20,0,2022,Belgian Grand Prix,14,7,7.421052631578948,8.973684210526315,8.0,15.666666666666666,13.0,3.5,0.22807017543859653,0.35,0.825,0.4437280701754386,17,6,6
4,NOR,McLaren,1,26,2022,Dutch Grand Prix,15,1,3.210526315789474,13.736842105263158,5.0,2.6666666666666665,2.0,1.0,0.9122807017543859,0.9,0.95,0.9199122807017543,12,5,9
1,VER,Red Bull Racing,2,18,2022,Dutch Grand Prix,15,2,3.8421052631578947,11.0,4.0,3.6666666666666665,5.0,3.0,0.8596491228070176,0.75,0.85,0.8238596491228071,22,8,9
16,LEC,Ferrari,3,15,2022,Dutch Grand Prix,15,6,4.421052631578948,12.736842105263158,3.0,3.3333333333333335,4.0,6.0,0.8771929824561404,0.8,0.7,0.8008771929824561,10,2,9
81,PIA,McLaren,4,12,2022,Dutch Grand Prix,15,3,4.842105263157895,13.736842105263158,2.0,2.3333333333333335,1.0,2.0,0.9298245614035088,0.95,0.9,0.9269298245614035,15,5,9
55,SAI,Ferrari,5,10,2022,Dutch Grand Prix,15,10,5.611111111111111,12.736842105263158,6.0,5.666666666666667,6.0,4.0,0.7543859649122807,0.7,0.8,0.7517543859649123,18,2,9
11,PER,Red Bull Racing,6,8,2022,Dutch Grand Prix,15,5,9.157894736842104,11.0,7.0,6.666666666666667,7.0,16.0,0.7017543859649122,0.6499999999999999,0.19999999999999996,0.5357017543859648,14,8,9
63,RUS,Mercedes,7,6,2022,Dutch Grand Prix,15,4,7.421052631578948,8.973684210526315,20.0,11.666666666666666,8.0,17.0,0.4385964912280702,0.6,0.1499999999999999,0.4004385964912281,17,6,9
44,HAM,Mercedes,8,4,2022,Dutch Grand Prix,15,11,6.7368421052631575,8.973684210526315,1.0,4.0,3.0,5.0,0.8421052631578947,0.85,0.75,0.8168421052631579,7,6,9
10,GAS,Alpine,9,2,2022,Dutch Grand Prix,15,9,14.105263157894736,0.34210526315789475,13.0,14.0,20.0,20.0,0.3157894736842106,0.0,0.0,0.12631578947368424,6,0,9
14,ALO,Aston Martin,10,1,2022,Dutch Grand Prix,15,7,10.0,2.0526315789473686,8.0,9.666666666666666,11.0,7.0,0.5438596491228072,0.44999999999999996,0.6499999999999999,0.5475438596491228,1,1,9
27,HUL,Haas F1 Team,11,0,2022,Dutch Grand Prix,15,13,11.473684210526315,0.868421052631579,18.0,14.0,13.0,11.0,0.3157894736842106,0.35,0.44999999999999996,0.36631578947368426,8,3,9
3,RIC,RB,12,0,2022,Dutch Grand Prix,15,15,13.3125,0.7631578947368421,10.0,11.333333333333334,12.0,9.0,0.45614035087719307,0.3999999999999999,0.55,0.46745614035087724,16,7,9
18,STR,Aston Martin,13,0,2022,Dutch Grand Prix,15,8,12.894736842105264,2.0526315789473686,11.0,11.333333333333334,10.0,8.0,0.45614035087719307,0.5,0.6,0.5124561403508772,20,1,9
23,ALB,Williams,14,0,2022,Dutch Grand Prix,15,10,14.210526315789474,0.4594594594594595,12.0,13.333333333333334,14.0,13.0,0.3508771929824561,0.29999999999999993,0.35,0.3353508771929824,0,9,9
31,OCO,Alpine,15,0,2022,Dutch Grand Prix,15,16,14.0,0.34210526315789475,9.0,14.0,18.0,19.0,0.3157894736842106,0.09999999999999998,0.04999999999999993,0.17131578947368423,13,0,9
2,SAR,Williams,16,0,2022,Dutch Grand Prix,15,20,17.0,0.4594594594594595,17.0,16.666666666666668,17.0,14.0,0.17543859649122795,0.1499999999999999,0.29999999999999993,0.20517543859649112,19,9,9
22,TSU,RB,17,0,2022,Dutch Grand Prix,15,12,13.68421052631579,0.7631578947368421,16.0,14.0,9.0,10.0,0.3157894736842106,0.55,0.5,0.4413157894736842,21,7,9
20,MAG,Haas F1 Team,18,0,2022,Dutch Grand Prix,15,14,13.777777777777779,0.868421052631579,14.0,15.666666666666666,15.0,15.0,0.22807017543859653,0.25,0.25,0.24122807017543862,11,3,9
77,BOT,Kick Sauber,19,0,2022,Dutch Grand Prix,15,17,16.210526315789473,0.0,15.0,16.666666666666668,16.0,12.0,0.17543859649122795,0.19999999999999996,0.3999999999999999,0.25017543859649116,3,4,9
24,ZHO,Kick Sauber,20,0,2022,Dutch Grand Prix,15,18,15.842105263157896,0.0,19.0,19.333333333333332,19.0,18.0,0.03508771929824572,0.04999999999999993,0.09999999999999998,0.05903508771929826,23,4,9
16,LEC,Ferrari,1,25,2022,Italian Grand Prix,16,4,4.421052631578948,12.736842105263158,3.0,2.3333333333333335,1.0,1.0,0.9298245614035088,0.95,0.95,0.9419298245614034,10,2,14
81,PIA,McLaren,2,18,2022,Italian Grand Prix,16,2,4.842105263157895,13.736842105263158,4.0,2.6666666666666665,2.0,2.0,0.9122807017543859,0.9,0.9,0.9049122807017544,15,5,14
4,NOR,McLaren,3,16,2022,Italian Grand Prix,16,1,3.210526315789474,13.736842105263158,1.0,3.0,4.0,4.0,0.8947368421052632,0.8,0.8,0.8378947368421052,12,5,14
55,SAI,Ferrari,4,12,2022,Italian Grand Prix,16,5,5.611111111111111,12.736842105263158,5.0,5.0,3.0,3.0,0.7894736842105263,0.85,0.85,0.8257894736842105,18,2,14
44,HAM,Mercedes,5,10,2022,Italian Grand Prix,16,6,6.7368421052631575,8.973684210526315,8.0,4.666666666666667,7.0,7.0,0.8070175438596491,0.6499999999999999,0.6499999999999999,0.7128070175438596,7,6,14
1,VER,Red Bull Racing,6,8,2022,Italian Grand Prix,16,7,3.8421052631578947,11.0,2.0,4.0,6.0,6.0,0.8421052631578947,0.7,0.7,0.7568421052631579,22,8,14
63,RUS,Mercedes,7,6,2022,Italian Grand Prix,16,3,7.421052631578948,8.973684210526315,7.0,11.333333333333334,5.0,5.0,0.45614035087719307,0.75,0.75,0.6324561403508772,17,6,14
11,PER,Red Bull Racing,8,4,2022,Italian Grand Prix,16,8,9.157894736842104,11.0,6.0,7.0,18.0,16.0,0.6842105263157895,0.09999999999999998,0.19999999999999996,0.3636842105263158,14,8,14
23,ALB,Williams,9,2,2022,Italian Grand Prix,16,9,14.210526315789474,0.4594594594594595,14.0,11.666666666666666,9.0,9.0,0.4385964912280702,0.55,0.55,0.5054385964912281,0,9,14
20,MAG,Haas F1 Team,10,1,2022,Italian Grand Prix,16,13,13.777777777777779,0.868421052631579,18.0,14.0,20.0,15.0,0.3157894736842106,0.0,0.25,0.20131578947368423,11,3,14
14,ALO,Aston Martin,11,0,2022,Italian Grand Prix,16,11,10.0,2.0526315789473686,10.0,9.666666666666666,11.0,14.0,0.5438596491228072,0.44999999999999996,0.29999999999999993,0.4425438596491228,1,1,14
43,COL,Williams,12,0,2022,Italian Grand Prix,16,18,11.166666666666666,0.4594594594594595,14.0,14.333333333333334,,,0.29824561403508776,1.0,1.0,0.7192982456140351,4,9,14
3,RIC,RB,13,0,2022,Italian Grand Prix,16,12,13.3125,0.7631578947368421,12.0,11.666666666666666,12.0,12.0,0.4385964912280702,0.3999999999999999,0.3999999999999999,0.41543859649122805,16,7,14
31,OCO,Alpine,14,0,2022,Italian Grand Prix,16,15,14.0,0.34210526315789475,15.0,12.666666666666666,17.0,11.0,0.38596491228070184,0.1499999999999999,0.44999999999999996,0.3343859649122807,13,0,14
10,GAS,Alpine,15,0,2022,Italian Grand Prix,16,14,14.105263157894736,0.34210526315789475,9.0,12.333333333333334,10.0,10.0,0.4035087719298245,0.5,0.5,0.4614035087719298,6,0,14
77,BOT,Kick Sauber,16,0,2022,Italian Grand Prix,16,19,16.210526315789473,0.0,19.0,16.666666666666668,13.0,17.0,0.17543859649122795,0.35,0.1499999999999999,0.22017543859649114,3,4,14
27,HUL,Haas F1 Team,17,0,2022,Italian Grand Prix,16,10,11.473684210526315,0.868421052631579,11.0,15.333333333333334,19.0,14.0,0.2456140350877194,0.04999999999999993,0.29999999999999993,0.20324561403508773,8,3,14
24,ZHO,Kick Sauber,18,0,2022,Italian Grand Prix,16,20,15.842105263157896,0.0,20.0,19.0,16.0,18.0,0.05263157894736836,0.19999999999999996,0.09999999999999998,0.11105263157894732,23,4,14
18,STR,Aston Martin,19,0,2022,Italian Grand Prix,16,17,12.894736842105264,2.0526315789473686,13.0,14.333333333333334,14.0,13.0,0.29824561403508776,0.29999999999999993,0.35,0.3142982456140351,20,1,14
22,TSU,RB,20,0,2022,Italian Grand Prix,16,16,13.68421052631579,0.7631578947368421,17.0,17.666666666666668,8.0,8.0,0.12280701754385959,0.6,0.6,0.40912280701754383,21,7,14
81,PIA,McLaren,1,25,2022,Singapore Grand Prix,17,2,4.842105263157895,13.736842105263158,2.0,2.3333333333333335,,,0.9298245614035088,1.0,1.0,0.9719298245614036,15,5,25
16,LEC,Ferrari,2,18,2022,Singapore Grand Prix,17,1,4.421052631578948,12.736842105263158,1.0,2.0,,,0.9473684210526316,1.0,1.0,0.9789473684210528,10,2,25
63,RUS,Mercedes,3,15,2022,Singapore Grand Prix,17,5,7.421052631578948,8.973684210526315,7.0,5.666666666666667,,,0.7543859649122807,1.0,1.0,0.9017543859649124,17,6,25
4,NOR,McLaren,4,13,2022,Singapore Grand Prix,17,16,3.210526315789474,13.736842105263158,3.0,2.6666666666666665,,,0.9122807017543859,1.0,1.0,0.9649122807017545,12,5,25
1,VER,Red Bull Racing,5,10,2022,Singapore Grand Prix,17,6,3.8421052631578947,11.0,6.0,4.333333333333333,,,0.8245614035087719,1.0,1.0,0.9298245614035088,22,8,25
14,ALO,Aston Martin,6,8,2022,Singapore Grand Prix,17,8,10.0,2.0526315789473686,11.0,9.0,,,0.5789473684210527,1.0,1.0,0.831578947368421,1,1,25
23,ALB,Williams,7,6,2022,Singapore Grand Prix,17,10,14.210526315789474,0.4594594594594595,9.0,10.0,,,0.5263157894736843,1.0,1.0,0.8105263157894738,0,9,25
43,COL,Williams,8,4,2022,Singapore Grand Prix,17,9,11.166666666666666,0.4594594594594595,12.0,11.333333333333334,,,0.45614035087719307,1.0,1.0,0.7824561403508772,4,9,25
44,HAM,Mercedes,9,2,2022,Singapore Grand Prix,17,7,6.7368421052631575,8.973684210526315,5.0,7.333333333333333,,,0.6666666666666667,1.0,1.0,0.8666666666666667,7,6,25
50,BEA,Haas F1 Team,10,1,2022,Singapore Grand Prix,17,11,8.5,0.868421052631579,7.0,9.666666666666666,,,0.5438596491228072,1.0,1.0,0.8175438596491229,2,3,25
27,HUL,Haas F1 Team,11,0,2022,Singapore Grand Prix,17,13,11.473684210526315,0.868421052631579,17.0,13.0,,,0.368421052631579,1.0,1.0,0.7473684210526316,8,3,25
10,GAS,Alpine,12,0,2022,Singapore Grand Prix,17,15,14.105263157894736,0.34210526315789475,15.0,12.0,,,0.42105263157894735,1.0,1.0,0.7684210526315789,6,0,25
3,RIC,RB,13,0,2022,Singapore Grand Prix,17,15,13.3125,0.7631578947368421,13.0,12.666666666666666,,,0.38596491228070184,1.0,1.0,0.7543859649122807,16,7,25
24,ZHO,Kick Sauber,14,0,2022,Singapore Grand Prix,17,18,15.842105263157896,0.0,18.0,17.333333333333332,,,0.14035087719298267,1.0,1.0,0.656140350877193,23,4,25
31,OCO,Alpine,15,0,2022,Singapore Grand Prix,17,19,14.0,0.34210526315789475,14.0,14.666666666666666,,,0.2807017543859649,1.0,1.0,0.712280701754386,13,0,25
77,BOT,Kick Sauber,16,0,2022,Singapore Grand Prix,17,17,16.210526315789473,0.0,16.0,17.0,,,0.1578947368421053,1.0,1.0,0.6631578947368422,3,4,25
11,PER,Red Bull Racing,17,0,2022,Singapore Grand Prix,17,4,9.157894736842104,11.0,8.0,10.333333333333334,,,0.5087719298245614,1.0,1.0,0.8035087719298246,14,8,25
55,SAI,Ferrari,18,0,2022,Singapore Grand Prix,17,3,5.611111111111111,12.736842105263158,4.0,9.0,,,0.5789473684210527,1.0,1.0,0.831578947368421,18,2,25
18,STR,Aston Martin,19,0,2022,Singapore Grand Prix,17,14,12.894736842105264,2.0526315789473686,19.0,17.0,,,0.1578947368421053,1.0,1.0,0.6631578947368422,20,1,25
22,TSU,RB,20,0,2022,Singapore Grand Prix,17,12,13.68421052631579,0.7631578947368421,20.0,19.0,,,0.05263157894736836,1.0,1.0,0.6210526315789473,21,7,25
4,NOR,McLaren,1,25,2022,Japanese Grand Prix,18,1,3.210526315789474,13.736842105263158,4.0,2.6666666666666665,,,0.9122807017543859,1.0,1.0,0.9649122807017545,12,5,15
1,VER,Red Bull Racing,2,18,2022,Japanese Grand Prix,18,2,3.8421052631578947,11.0,5.0,4.333333333333333,,,0.8245614035087719,1.0,1.0,0.9298245614035088,22,8,15
81,PIA,McLaren,3,15,2022,Japanese Grand Prix,18,5,4.842105263157895,13.736842105263158,1.0,2.0,,,0.9473684210526316,1.0,1.0,0.9789473684210528,15,5,15
63,RUS,Mercedes,4,12,2022,Japanese Grand Prix,18,4,7.421052631578948,8.973684210526315,3.0,4.666666666666667,,,0.8070175438596491,1.0,1.0,0.9228070175438596,17,6,15
16,LEC,Ferrari,5,10,2022,Japanese Grand Prix,18,9,4.421052631578948,12.736842105263158,2.0,2.6666666666666665,,,0.9122807017543859,1.0,1.0,0.9649122807017545,10,2,15
44,HAM,Mercedes,6,8,2022,Japanese Grand Prix,18,3,6.7368421052631575,8.973684210526315,9.0,6.666666666666667,,,0.7017543859649122,1.0,1.0,0.880701754385965,7,6,15
55,SAI,Ferrari,7,6,2022,Japanese Grand Prix,18,10,5.611111111111111,12.736842105263158,18.0,9.666666666666666,,,0.5438596491228072,1.0,1.0,0.8175438596491229,18,2,15
14,ALO,Aston Martin,8,4,2022,Japanese Grand Prix,18,7,10.0,2.0526315789473686,6.0,8.333333333333334,,,0.6140350877192982,1.0,1.0,0.8456140350877193,1,1,15
27,HUL,Haas F1 Team,9,2,2022,Japanese Grand Prix,18,6,11.473684210526315,0.868421052631579,11.0,12.333333333333334,,,0.4035087719298245,1.0,1.0,0.7614035087719297,8,3,15
11,PER,Red Bull Racing,10,1,2022,Japanese Grand Prix,18,13,9.157894736842104,11.0,17.0,11.666666666666666,,,0.4385964912280702,1.0,1.0,0.775438596491228,14,8,15
43,COL,Williams,11,0,2022,Japanese Grand Prix,18,12,11.166666666666666,0.4594594594594595,8.0,10.333333333333334,,,0.5087719298245614,1.0,1.0,0.8035087719298246,4,9,15
22,TSU,RB,12,0,2022,Japanese Grand Prix,18,8,13.68421052631579,0.7631578947368421,20.0,17.333333333333332,,,0.14035087719298267,1.0,1.0,0.656140350877193,21,7,15
31,OCO,Alpine,13,0,2022,Japanese Grand Prix,18,15,14.0,0.34210526315789475,15.0,14.0,,,0.3157894736842106,1.0,1.0,0.7263157894736842,13,0,15
18,STR,Aston Martin,14,0,2022,Japanese Grand Prix,18,17,12.894736842105264,2.0526315789473686,19.0,17.333333333333332,,,0.14035087719298267,1.0,1.0,0.656140350877193,20,1,15
24,ZHO,Kick Sauber,15,0,2022,Japanese Grand Prix,18,20,15.842105263157896,0.0,14.0,15.666666666666666,,,0.22807017543859653,1.0,1.0,0.6912280701754385,23,4,15
77,BOT,Kick Sauber,16,0,2022,Japanese Grand Prix,18,19,16.210526315789473,0.0,16.0,16.0,,,0.21052631578947367,1.0,1.0,0.6842105263157894,3,4,15
10,GAS,Alpine,17,0,2022,Japanese Grand Prix,18,18,14.105263157894736,0.34210526315789475,12.0,14.666666666666666,,,0.2807017543859649,1.0,1.0,0.712280701754386,6,0,15
3,RIC,RB,18,0,2022,Japanese Grand Prix,18,16,13.3125,0.7631578947368421,13.0,14.666666666666666,,,0.2807017543859649,1.0,1.0,0.712280701754386,16,7,15
20,MAG,Haas F1 Team,19,0,2022,Japanese Grand Prix,18,14,13.777777777777779,0.868421052631579,10.0,15.666666666666666,,,0.22807017543859653,1.0,1.0,0.6912280701754385,11,3,15
23,ALB,Williams,20,0,2022,Japanese Grand Prix,18,11,14.210526315789474,0.4594594594594595,7.0,12.0,,,0.42105263157894735,1.0,1.0,0.7684210526315789,0,9,15
16,LEC,Ferrari,1,25,2022,United States Grand Prix,19,4,4.421052631578948,12.736842105263158,5.0,2.6666666666666665,2.0,1.0,0.9122807017543859,0.9,0.95,0.9199122807017543,10,2,30
55,SAI,Ferrari,2,18,2022,United States Grand Prix,19,3,5.611111111111111,12.736842105263158,7.0,9.0,18.0,3.0,0.5789473684210527,0.09999999999999998,0.85,0.516578947368421,18,2,30
1,VER,Red Bull Racing,3,15,2022,United States Grand Prix,19,2,3.8421052631578947,11.0,2.0,3.3333333333333335,5.0,6.0,0.8771929824561404,0.75,0.7,0.7858771929824562,22,8,30
4,NOR,McLaren,4,12,2022,United States Grand Prix,19,1,3.210526315789474,13.736842105263158,1.0,3.0,4.0,16.0,0.8947368421052632,0.8,0.19999999999999996,0.6578947368421052,12,5,30
81,PIA,McLaren,5,10,2022,United States Grand Prix,19,5,4.842105263157895,13.736842105263158,3.0,3.0,1.0,2.0,0.8947368421052632,0.95,0.9,0.9128947368421052,15,5,30
63,RUS,Mercedes,6,8,2022,United States Grand Prix,19,6,7.421052631578948,8.973684210526315,4.0,4.333333333333333,3.0,5.0,0.8245614035087719,0.85,0.75,0.8098245614035088,17,6,30
11,PER,Red Bull Racing,7,6,2022,United States Grand Prix,19,10,9.157894736842104,11.0,10.0,11.333333333333334,17.0,4.0,0.45614035087719307,0.1499999999999999,0.8,0.4674561403508772,14,8,30
27,HUL,Haas F1 Team,8,4,2022,United States Grand Prix,19,12,11.473684210526315,0.868421052631579,9.0,9.333333333333334,11.0,13.0,0.5614035087719298,0.44999999999999996,0.35,0.4645614035087719,8,3,30
30,LAW,RB,9,2,2022,United States Grand Prix,19,15,13.666666666666666,0.7631578947368421,16.0,11.333333333333334,,,0.45614035087719307,1.0,1.0,0.7824561403508772,9,7,30
43,COL,Williams,10,1,2022,United States Grand Prix,19,17,11.166666666666666,0.4594594594594595,11.0,9.666666666666666,8.0,9.0,0.5438596491228072,0.6,0.55,0.5625438596491229,4,9,30
20,MAG,Haas F1 Team,11,0,2022,United States Grand Prix,19,9,13.777777777777779,0.868421052631579,19.0,13.333333333333334,,,0.3508771929824561,1.0,1.0,0.7403508771929824,11,3,30
10,GAS,Alpine,12,0,2022,United States Grand Prix,19,7,14.105263157894736,0.34210526315789475,17.0,13.666666666666666,12.0,15.0,0.3333333333333335,0.3999999999999999,0.25,0.32833333333333337,6,0,30
14,ALO,Aston Martin,13,0,2022,United States Grand Prix,19,8,10.0,2.0526315789473686,8.0,9.0,6.0,8.0,0.5789473684210527,0.7,0.6,0.621578947368421,1,1,30
22,TSU,RB,14,0,2022,United States Grand Prix,19,11,13.68421052631579,0.7631578947368421,12.0,15.333333333333334,20.0,12.0,0.2456140350877194,0.0,0.3999999999999999,0.21824561403508774,21,7,30
18,STR,Aston Martin,15,0,2022,United States Grand Prix,19,14,12.894736842105264,2.0526315789473686,14.0,16.0,19.0,14.0,0.21052631578947367,0.04999999999999993,0.29999999999999993,0.18921052631578944,20,1,30
23,ALB,Williams,16,0,2022,United States Grand Prix,19,16,14.210526315789474,0.4594594594594595,20.0,14.333333333333334,7.0,10.0,0.29824561403508776,0.6499999999999999,0.5,0.4642982456140351,0,9,30
77,BOT,Kick Sauber,17,0,2022,United States Grand Prix,19,18,16.210526315789473,0.0,16.0,16.333333333333332,16.0,17.0,0.19298245614035103,0.19999999999999996,0.1499999999999999,0.1821929824561404,3,4,30
31,OCO,Alpine,18,0,2022,United States Grand Prix,19,13,14.0,0.34210526315789475,13.0,15.333333333333334,15.0,19.0,0.2456140350877194,0.25,0.04999999999999993,0.18824561403508774,13,0,30
24,ZHO,Kick Sauber,19,0,2022,United States Grand Prix,19,20,15.842105263157896,0.0,15.0,16.0,14.0,18.0,0.21052631578947367,0.29999999999999993,0.09999999999999998,0.20421052631578945,23,4,30
44,HAM,Mercedes,20,0,2022,United States Grand Prix,19,19,6.7368421052631575,8.973684210526315,6.0,11.666666666666666,9.0,7.0,0.4385964912280702,0.55,0.6499999999999999,0.535438596491228,7,6,30
55,SAI,Ferrari,1,25,2022,Mexico City Grand Prix,20,1,5.611111111111111,12.736842105263158,2.0,3.3333333333333335,7.0,10.0,0.8771929824561404,0.6499999999999999,0.5,0.6958771929824562,18,2,17
4,NOR,McLaren,2,18,2022,Mexico City Grand Prix,20,3,3.210526315789474,13.736842105263158,4.0,2.3333333333333335,1.0,1.0,0.9298245614035088,0.95,0.95,0.9419298245614034,12,5,17
16,LEC,Ferrari,3,16,2022,Mexico City Grand Prix,20,4,4.421052631578948,12.736842105263158,1.0,3.0,5.0,9.0,0.8947368421052632,0.75,0.55,0.7478947368421053,10,2,17
44,HAM,Mercedes,4,12,2022,Mexico City Grand Prix,20,6,6.7368421052631575,8.973684210526315,20.0,10.0,6.0,3.0,0.5263157894736843,0.7,0.85,0.6755263157894738,7,6,17
63,RUS,Mercedes,5,10,2022,Mexico City Grand Prix,20,5,7.421052631578948,8.973684210526315,6.0,5.0,4.0,4.0,0.7894736842105263,0.8,0.8,0.7957894736842106,17,6,17
1,VER,Red Bull Racing,6,8,2022,Mexico City Grand Prix,20,2,3.8421052631578947,11.0,3.0,3.6666666666666665,2.0,2.0,0.8596491228070176,0.9,0.9,0.883859649122807,22,8,17
20,MAG,Haas F1 Team,7,6,2022,Mexico City Grand Prix,20,7,13.777777777777779,0.868421052631579,11.0,12.333333333333334,19.0,14.0,0.4035087719298245,0.04999999999999993,0.29999999999999993,0.26640350877192975,11,3,17
81,PIA,McLaren,8,4,2022,Mexico City Grand Prix,20,17,4.842105263157895,13.736842105263158,5.0,5.333333333333333,3.0,5.0,0.7719298245614035,0.85,0.75,0.7887719298245613,15,5,17
27,HUL,Haas F1 Team,9,2,2022,Mexico City Grand Prix,20,10,11.473684210526315,0.868421052631579,8.0,8.666666666666666,9.0,6.0,0.5964912280701755,0.55,0.7,0.6135964912280703,8,3,17
10,GAS,Alpine,10,1,2022,Mexico City Grand Prix,20,8,14.105263157894736,0.34210526315789475,12.0,13.0,17.0,18.0,0.368421052631579,0.1499999999999999,0.09999999999999998,0.22236842105263158,6,0,17
18,STR,Aston Martin,11,0,2022,Mexico City Grand Prix,20,14,12.894736842105264,2.0526315789473686,15.0,13.333333333333334,14.0,17.0,0.3508771929824561,0.29999999999999993,0.1499999999999999,0.2753508771929824,20,1,17
43,COL,Williams,12,0,2022,Mexico City Grand Prix,20,16,11.166666666666666,0.4594594594594595,10.0,11.0,11.0,12.0,0.4736842105263157,0.44999999999999996,0.3999999999999999,0.44447368421052624,4,9,17
31,OCO,Alpine,13,0,2022,Mexico City Grand Prix,20,19,14.0,0.34210526315789475,18.0,14.666666666666666,13.0,15.0,0.2807017543859649,0.35,0.25,0.292280701754386,13,0,17
77,BOT,Kick Sauber,14,0,2022,Mexico City Grand Prix,20,15,16.210526315789473,0.0,17.0,15.666666666666666,16.0,19.0,0.22807017543859653,0.19999999999999996,0.04999999999999993,0.16622807017543859,3,4,17
24,ZHO,Kick Sauber,15,0,2022,Mexico City Grand Prix,20,20,15.842105263157896,0.0,19.0,16.333333333333332,15.0,20.0,0.19298245614035103,0.25,0.0,0.15219298245614044,23,4,17
30,LAW,RB,16,0,2022,Mexico City Grand Prix,20,12,13.666666666666666,0.7631578947368421,9.0,13.666666666666666,,,0.3333333333333335,1.0,1.0,0.7333333333333334,9,7,17
11,PER,Red Bull Racing,17,0,2022,Mexico City Grand Prix,20,18,9.157894736842104,11.0,7.0,11.333333333333334,10.0,13.0,0.45614035087719307,0.5,0.35,0.4374561403508772,14,8,17
14,ALO,Aston Martin,18,0,2022,Mexico City Grand Prix,20,13,10.0,2.0526315789473686,13.0,13.0,8.0,7.0,0.368421052631579,0.6,0.6499999999999999,0.5223684210526316,1,1,17
23,ALB,Williams,19,0,2022,Mexico City Grand Prix,20,9,14.210526315789474,0.4594594594594595,16.0,18.333333333333332,20.0,11.0,0.08771929824561409,0.0,0.44999999999999996,0.17008771929824562,0,9,17
22,TSU,RB,20,0,2022,Mexico City Grand Prix,20,11,13.68421052631579,0.7631578947368421,14.0,15.333333333333334,12.0,8.0,0.2456140350877194,0.3999999999999999,0.6,0.39824561403508774,21,7,17
63,RUS,Mercedes,1,25,2022,Abu Dhabi Grand Prix,22,1,7.421052631578948,8.973684210526315,5.0,4.0,2.0,3.0,0.8421052631578947,0.9,0.85,0.8618421052631579,17,6,1
44,HAM,Mercedes,2,18,2022,Abu Dhabi Grand Prix,22,10,6.7368421052631575,8.973684210526315,4.0,8.666666666666666,5.5,8.5,0.5964912280701755,0.725,0.575,0.6285964912280702,7,6,1
55,SAI,Ferrari,3,15,2022,Abu Dhabi Grand Prix,22,2,5.611111111111111,12.736842105263158,1.0,2.0,10.5,2.5,0.9473684210526316,0.475,0.875,0.7839473684210527,18,2,1
16,LEC,Ferrari,4,12,2022,Abu Dhabi Grand Prix,22,4,4.421052631578948,12.736842105263158,3.0,2.6666666666666665,3.0,2.5,0.9122807017543859,0.85,0.875,0.8824122807017545,10,2,1
1,VER,Red Bull Racing,5,10,2022,Abu Dhabi Grand Prix,22,5,3.8421052631578947,11.0,6.0,4.666666666666667,5.0,5.5,0.8070175438596491,0.75,0.725,0.7653070175438597,22,8,1
4,NOR,McLaren,6,9,2022,Abu Dhabi Grand Prix,22,6,3.210526315789474,13.736842105263158,2.0,4.0,5.0,11.0,0.8421052631578947,0.75,0.44999999999999996,0.6968421052631579,12,5,1
81,PIA,McLaren,7,6,2022,Abu Dhabi Grand Prix,22,8,4.842105263157895,13.736842105263158,8.0,6.666666666666667,4.0,5.0,0.7017543859649122,0.8,0.75,0.7457017543859649,15,5,1
27,HUL,Haas F1 Team,8,4,2022,Abu Dhabi Grand Prix,22,9,11.473684210526315,0.868421052631579,9.0,8.333333333333334,9.5,11.0,0.6140350877192982,0.5249999999999999,0.44999999999999996,0.5381140350877193,8,3,1
22,TSU,RB,9,2,2022,Abu Dhabi Grand Prix,22,7,13.68421052631579,0.7631578947368421,20.0,14.333333333333334,14.5,9.5,0.29824561403508776,0.2749999999999999,0.5249999999999999,0.35929824561403506,21,7,1
11,PER,Red Bull Racing,10,1,2022,Abu Dhabi Grand Prix,22,16,9.157894736842104,11.0,17.0,11.333333333333334,13.5,10.0,0.45614035087719307,0.32499999999999996,0.5,0.42995614035087726,14,8,1
14,ALO,Aston Martin,11,0,2022,Abu Dhabi Grand Prix,22,17,10.0,2.0526315789473686,18.0,14.0,8.5,12.5,0.3157894736842106,0.575,0.375,0.41131578947368425,1,1,1
20,MAG,Haas F1 Team,12,0,2022,Abu Dhabi Grand Prix,22,12,13.777777777777779,0.868421052631579,7.0,10.0,12.0,12.0,0.5263157894736843,0.3999999999999999,0.3999999999999999,0.45052631578947366,11,3,1
24,ZHO,Kick Sauber,13,0,2022,Abu Dhabi Grand Prix,22,13,15.842105263157896,0.0,15.0,15.666666666666666,13.5,15.5,0.22807017543859653,0.32499999999999996,0.22499999999999998,0.2562280701754386,23,4,1
43,COL,Williams,14,0,2022,Abu Dhabi Grand Prix,22,14,11.166666666666666,0.4594594594594595,12.0,12.0,11.0,11.5,0.42105263157894735,0.44999999999999996,0.42499999999999993,0.43092105263157887,4,9,1
18,STR,Aston Martin,15,0,2022,Abu Dhabi Grand Prix,22,20,12.894736842105264,2.0526315789473686,11.0,13.666666666666666,17.0,17.0,0.3333333333333335,0.1499999999999999,0.1499999999999999,0.22333333333333333,20,1,1
30,LAW,RB,16,0,2022,Abu Dhabi Grand Prix,22,15,13.666666666666666,0.7631578947368421,16.0,13.666666666666666,16.0,15.0,0.3333333333333335,0.19999999999999996,0.25,0.26833333333333337,9,7,1
31,OCO,Alpine,17,0,2022,Abu Dhabi Grand Prix,22,11,14.0,0.34210526315789475,13.0,16.0,16.0,15.0,0.21052631578947367,0.19999999999999996,0.25,0.21921052631578947,13,0,1
77,BOT,Kick Sauber,18,0,2022,Abu Dhabi Grand Prix,22,19,16.210526315789473,0.0,14.0,16.333333333333332,17.0,18.0,0.19298245614035103,0.1499999999999999,0.09999999999999998,0.15219298245614038,3,4,1
23,ALB,Williams,19,0,2022,Abu Dhabi Grand Prix,22,18,14.210526315789474,0.4594594594594595,19.0,18.0,13.0,14.0,0.10526315789473695,0.35,0.29999999999999993,0.23710526315789476,0,9,1
10,GAS,Alpine,20,0,2022,Abu Dhabi Grand Prix,22,3,14.105263157894736,0.34210526315789475,10.0,14.0,16.0,9.0,0.3157894736842106,0.19999999999999996,0.55,0.35131578947368425,6,0,1
1,VER,Red Bull Racing,1,26,2023,Bahrain Grand Prix,1,1,3.9375,11.875,5.0,4.0,1.3333333333333333,1.3333333333333333,0.8421052631578947,0.9333333333333333,0.9333333333333333,0.8968421052631579,22,8,5
11,PER,Red Bull Racing,2,18,2023,Bahrain Grand Prix,1,5,7.0625,11.875,10.0,9.666666666666666,3.3333333333333335,5.0,0.5438596491228072,0.8333333333333333,0.75,0.6925438596491228,14,8,5
55,SAI,Ferrari,3,15,2023,Bahrain Grand Prix,1,4,4.866666666666666,13.21875,3.0,2.3333333333333335,3.6666666666666665,6.0,0.9298245614035088,0.8166666666666667,0.7,0.8269298245614035,18,2,5
16,LEC,Ferrari,4,12,2023,Bahrain Grand Prix,1,2,3.5625,13.21875,4.0,3.6666666666666665,3.6666666666666665,3.3333333333333335,0.8596491228070176,0.8166666666666667,0.8333333333333333,0.8388596491228071,10,2,5
63,RUS,Mercedes,5,10,2023,Bahrain Grand Prix,1,3,7.0,8.71875,1.0,3.6666666666666665,5.666666666666667,3.3333333333333335,0.8596491228070176,0.7166666666666666,0.8333333333333333,0.8088596491228071,17,6,5
4,NOR,McLaren,6,8,2023,Bahrain Grand Prix,1,7,4.6875,12.40625,6.0,4.666666666666667,4.333333333333333,5.0,0.8070175438596491,0.7833333333333333,0.75,0.7828070175438596,12,5,5
44,HAM,Mercedes,7,6,2023,Bahrain Grand Prix,1,9,7.375,8.71875,2.0,4.333333333333333,7.333333333333333,9.666666666666666,0.8245614035087719,0.6333333333333333,0.5166666666666666,0.6748245614035087,7,6,5
81,PIA,McLaren,8,4,2023,Bahrain Grand Prix,1,8,5.0625,12.40625,7.0,7.666666666666667,6.666666666666667,6.333333333333333,0.6491228070175439,0.6666666666666666,0.6833333333333333,0.6646491228070175,15,5,5
14,ALO,Aston Martin,9,2,2023,Bahrain Grand Prix,1,6,11.0,1.3125,11.0,12.666666666666666,9.333333333333334,6.333333333333333,0.38596491228070184,0.5333333333333332,0.6833333333333333,0.5193859649122806,1,1,5
18,STR,Aston Martin,10,1,2023,Bahrain Grand Prix,1,12,13.6875,1.3125,15.0,12.0,11.0,10.666666666666666,0.42105263157894735,0.44999999999999996,0.4666666666666667,0.44342105263157894,20,1,5
24,ZHO,Kick Sauber,11,0,2023,Bahrain Grand Prix,1,17,16.0,0.0,13.0,13.0,14.0,17.333333333333332,0.368421052631579,0.29999999999999993,0.1333333333333333,0.27736842105263154,23,4,5
20,MAG,Haas F1 Team,12,0,2023,Bahrain Grand Prix,1,15,13.733333333333333,0.8125,12.0,10.333333333333334,14.0,14.666666666666666,0.5087719298245614,0.29999999999999993,0.2666666666666666,0.3735087719298245,11,3,5
3,RIC,RB,13,0,2023,Bahrain Grand Prix,1,14,13.076923076923077,1.0625,18.0,14.666666666666666,12.666666666666666,14.333333333333334,0.2807017543859649,0.3666666666666667,0.2833333333333332,0.30728070175438593,16,7,5
22,TSU,RB,14,0,2023,Bahrain Grand Prix,1,11,12.8125,1.0625,9.0,14.333333333333334,15.0,11.333333333333334,0.29824561403508776,0.25,0.43333333333333324,0.3242982456140351,21,7,5
23,ALB,Williams,15,0,2023,Bahrain Grand Prix,1,13,14.4375,0.16129032258064516,19.0,17.666666666666668,14.666666666666666,12.0,0.12280701754385959,0.2666666666666666,0.3999999999999999,0.24912280701754377,0,9,5
27,HUL,Haas F1 Team,16,0,2023,Bahrain Grand Prix,1,10,12.375,0.8125,8.0,11.0,14.333333333333334,11.0,0.4736842105263157,0.2833333333333332,0.44999999999999996,0.4094736842105262,8,3,5
31,OCO,Alpine,17,0,2023,Bahrain Grand Prix,1,19,13.3125,1.34375,17.0,15.666666666666666,16.333333333333332,18.0,0.22807017543859653,0.18333333333333335,0.09999999999999998,0.17622807017543862,13,0,5
10,GAS,Alpine,18,0,2023,Bahrain Grand Prix,1,20,13.3125,1.34375,20.0,16.0,15.0,16.333333333333332,0.21052631578947367,0.25,0.18333333333333335,0.21421052631578946,6,0,5
77,BOT,Kick Sauber,19,0,2023,Bahrain Grand Prix,1,16,16.4375,0.0,18.0,17.0,19.0,16.333333333333332,0.1578947368421053,0.04999999999999993,0.18333333333333335,0.1331578947368421,3,4,5
2,SAR,Williams,20,0,2023,Bahrain Grand Prix,1,18,17.454545454545453,0.16129032258064516,16.0,17.666666666666668,18.666666666666668,18.666666666666668,0.12280701754385959,0.06666666666666654,0.06666666666666654,0.08912280701754377,19,9,5
1,VER,Red Bull Racing,1,25,2023,Saudi Arabian Grand Prix,2,1,3.9375,11.875,1.0,2.3333333333333335,1.0,6.5,0.9298245614035088,0.95,0.675,0.8594298245614035,22,8,24
11,PER,Red Bull Racing,2,18,2023,Saudi Arabian Grand Prix,2,3,7.0625,11.875,2.0,4.666666666666667,6.5,8.0,0.8070175438596491,0.675,0.6,0.7053070175438596,14,8,24
16,LEC,Ferrari,3,16,2023,Saudi Arabian Grand Prix,2,2,3.5625,13.21875,4.0,3.6666666666666665,4.0,4.0,0.8596491228070176,0.8,0.8,0.823859649122807,10,2,24
81,PIA,McLaren,4,12,2023,Saudi Arabian Grand Prix,2,5,5.0625,12.40625,8.0,6.333333333333333,6.0,6.5,0.7192982456140351,0.7,0.675,0.700219298245614,15,5,24
14,ALO,Aston Martin,5,10,2023,Saudi Arabian Grand Prix,2,4,11.0,1.3125,9.0,8.333333333333334,9.5,6.5,0.6140350877192982,0.5249999999999999,0.675,0.6056140350877193,1,1,24
63,RUS,Mercedes,6,8,2023,Saudi Arabian Grand Prix,2,7,7.0,8.71875,5.0,4.0,5.0,4.5,0.8421052631578947,0.75,0.775,0.7943421052631578,17,6,24
38,BEA,Ferrari,7,6,2023,Saudi Arabian Grand Prix,2,11,9.5,13.21875,10.0,8.0,9.5,14.0,0.631578947368421,0.5249999999999999,0.29999999999999993,0.5001315789473684,2,2,24
4,NOR,McLaren,8,4,2023,Saudi Arabian Grand Prix,2,6,4.6875,12.40625,6.0,6.666666666666667,7.0,3.5,0.7017543859649122,0.6499999999999999,0.825,0.7232017543859648,12,5,24
44,HAM,Mercedes,9,2,2023,Saudi Arabian Grand Prix,2,8,7.375,8.71875,7.0,6.0,9.5,12.0,0.736842105263158,0.5249999999999999,0.3999999999999999,0.5722368421052632,7,6,24
27,HUL,Haas F1 Team,10,1,2023,Saudi Arabian Grand Prix,2,15,12.375,0.8125,16.0,11.333333333333334,15.0,17.0,0.45614035087719307,0.25,0.1499999999999999,0.3024561403508772,8,3,24
23,ALB,Williams,11,0,2023,Saudi Arabian Grand Prix,2,12,14.4375,0.16129032258064516,15.0,15.0,14.5,9.5,0.26315789473684204,0.2749999999999999,0.5249999999999999,0.34526315789473677,0,9,24
20,MAG,Haas F1 Team,12,0,2023,Saudi Arabian Grand Prix,2,13,13.733333333333333,0.8125,12.0,12.0,12.0,13.0,0.42105263157894735,0.3999999999999999,0.35,0.3934210526315789,11,3,24
31,OCO,Alpine,13,0,2023,Saudi Arabian Grand Prix,2,17,13.3125,1.34375,17.0,15.666666666666666,7.5,10.5,0.22807017543859653,0.625,0.475,0.4212280701754386,13,0,24
2,SAR,Williams,14,0,2023,Saudi Arabian Grand Prix,2,19,17.454545454545453,0.16129032258064516,20.0,16.666666666666668,14.0,19.0,0.17543859649122795,0.29999999999999993,0.04999999999999993,0.17517543859649115,19,9,24
22,TSU,RB,15,0,2023,Saudi Arabian Grand Prix,2,9,12.8125,1.0625,14.0,12.666666666666666,11.0,6.0,0.38596491228070184,0.44999999999999996,0.7,0.4993859649122807,21,7,24
3,RIC,RB,16,0,2023,Saudi Arabian Grand Prix,2,14,13.076923076923077,1.0625,13.0,15.666666666666666,16.0,14.0,0.22807017543859653,0.19999999999999996,0.29999999999999993,0.24122807017543857,16,7,24
77,BOT,Kick Sauber,17,0,2023,Saudi Arabian Grand Prix,2,16,16.4375,0.0,19.0,18.0,15.0,13.5,0.10526315789473695,0.25,0.32499999999999996,0.21460526315789477,3,4,24
24,ZHO,Kick Sauber,18,0,2023,Saudi Arabian Grand Prix,2,20,16.0,0.0,11.0,14.0,16.5,20.0,0.3157894736842106,0.17499999999999993,0.0,0.1788157894736842,23,4,24
18,STR,Aston Martin,19,0,2023,Saudi Arabian Grand Prix,2,10,13.6875,1.3125,10.0,14.666666666666666,19.0,10.0,0.2807017543859649,0.04999999999999993,0.5,0.2772807017543859,20,1,24
10,GAS,Alpine,20,0,2023,Saudi Arabian Grand Prix,2,18,13.3125,1.34375,18.0,19.333333333333332,11.5,16.5,0.03508771929824572,0.42499999999999993,0.17499999999999993,0.19403508771929823,6,0,24
55,SAI,Ferrari,1,25,2023,Australian Grand Prix,3,2,4.866666666666666,13.21875,3.0,2.3333333333333335,1.0,2.0,0.9298245614035088,0.95,0.9,0.9269298245614035,18,2,2
16,LEC,Ferrari,2,19,2023,Australian Grand Prix,3,5,3.5625,13.21875,3.0,3.0,2.0,5.0,0.8947368421052632,0.9,0.75,0.8528947368421053,10,2,2
4,NOR,McLaren,3,15,2023,Australian Grand Prix,3,4,4.6875,12.40625,8.0,5.666666666666667,3.0,4.0,0.7543859649122807,0.85,0.8,0.7967543859649123,12,5,2
81,PIA,McLaren,4,12,2023,Australian Grand Prix,3,6,5.0625,12.40625,4.0,5.333333333333333,4.0,6.0,0.7719298245614035,0.8,0.7,0.7587719298245614,15,5,2
11,PER,Red Bull Racing,5,10,2023,Australian Grand Prix,3,3,7.0625,11.875,2.0,3.0,5.0,3.0,0.8947368421052632,0.75,0.85,0.8378947368421052,14,8,2
18,STR,Aston Martin,6,8,2023,Australian Grand Prix,3,9,13.6875,1.3125,19.0,11.666666666666666,6.0,9.0,0.4385964912280702,0.7,0.55,0.5504385964912281,20,1,2
22,TSU,RB,7,6,2023,Australian Grand Prix,3,8,12.8125,1.0625,15.0,12.0,7.0,8.0,0.42105263157894735,0.6499999999999999,0.6,0.5434210526315789,21,7,2
14,ALO,Aston Martin,8,4,2023,Australian Grand Prix,3,10,11.0,1.3125,5.0,7.333333333333333,8.0,10.0,0.6666666666666667,0.6,0.5,0.5966666666666667,1,1,2
27,HUL,Haas F1 Team,9,2,2023,Australian Grand Prix,3,16,12.375,0.8125,10.0,11.666666666666666,9.0,16.0,0.4385964912280702,0.55,0.19999999999999996,0.4004385964912281,8,3,2
20,MAG,Haas F1 Team,10,1,2023,Australian Grand Prix,3,14,13.733333333333333,0.8125,12.0,11.333333333333334,10.0,14.0,0.45614035087719307,0.5,0.29999999999999993,0.4224561403508772,11,3,2
23,ALB,Williams,11,0,2023,Australian Grand Prix,3,12,14.4375,0.16129032258064516,11.0,12.333333333333334,11.0,12.0,0.4035087719298245,0.44999999999999996,0.3999999999999999,0.4164035087719298,0,9,2
3,RIC,RB,12,0,2023,Australian Grand Prix,3,18,13.076923076923077,1.0625,16.0,13.666666666666666,12.0,18.0,0.3333333333333335,0.3999999999999999,0.09999999999999998,0.2833333333333333,16,7,2
10,GAS,Alpine,13,0,2023,Australian Grand Prix,3,17,13.3125,1.34375,20.0,17.0,13.0,17.0,0.1578947368421053,0.35,0.1499999999999999,0.2131578947368421,6,0,2
77,BOT,Kick Sauber,14,0,2023,Australian Grand Prix,3,13,16.4375,0.0,17.0,16.666666666666668,14.0,13.0,0.17543859649122795,0.29999999999999993,0.35,0.2651754385964912,3,4,2
24,ZHO,Kick Sauber,15,0,2023,Australian Grand Prix,3,19,16.0,0.0,18.0,14.666666666666666,15.0,19.0,0.2807017543859649,0.25,0.04999999999999993,0.20228070175438595,23,4,2
31,OCO,Alpine,16,0,2023,Australian Grand Prix,3,15,13.3125,1.34375,13.0,15.333333333333334,16.0,15.0,0.2456140350877194,0.19999999999999996,0.25,0.23324561403508776,13,0,2
63,RUS,Mercedes,17,0,2023,Australian Grand Prix,3,7,7.0,8.71875,6.0,9.333333333333334,17.0,7.0,0.5614035087719298,0.1499999999999999,0.6499999999999999,0.46456140350877184,17,6,2
44,HAM,Mercedes,18,0,2023,Australian Grand Prix,3,11,7.375,8.71875,9.0,11.333333333333334,18.0,11.0,0.45614035087719307,0.09999999999999998,0.44999999999999996,0.34745614035087724,7,6,2
1,VER,Red Bull Racing,19,0,2023,Australian Grand Prix,3,1,3.9375,11.875,1.0,7.0,19.0,1.0,0.6842105263157895,0.04999999999999993,0.95,0.5736842105263158,22,8,2
1,VER,Red Bull Racing,1,25,2023,Miami Grand Prix,5,1,3.9375,11.875,19.0,7.0,1.0,1.0,0.6842105263157895,0.95,0.95,0.8436842105263158,22,8,18
4,NOR,McLaren,2,18,2023,Miami Grand Prix,5,4,4.6875,12.40625,3.0,4.333333333333333,2.0,4.0,0.8245614035087719,0.9,0.8,0.8398245614035088,12,5,18
11,PER,Red Bull Racing,3,15,2023,Miami Grand Prix,5,2,7.0625,11.875,5.0,3.3333333333333335,3.0,2.0,0.8771929824561404,0.85,0.9,0.8758771929824563,14,8,18
16,LEC,Ferrari,4,12,2023,Miami Grand Prix,5,6,3.5625,13.21875,2.0,3.0,4.0,6.0,0.8947368421052632,0.8,0.7,0.8078947368421052,10,2,18
55,SAI,Ferrari,5,10,2023,Miami Grand Prix,5,7,4.866666666666666,13.21875,1.0,3.0,5.0,7.0,0.8947368421052632,0.75,0.6499999999999999,0.7778947368421052,18,2,18
63,RUS,Mercedes,6,8,2023,Miami Grand Prix,5,8,7.0,8.71875,17.0,9.666666666666666,6.0,8.0,0.5438596491228072,0.7,0.6,0.6075438596491229,17,6,18
14,ALO,Aston Martin,7,7,2023,Miami Grand Prix,5,3,11.0,1.3125,8.0,6.666666666666667,7.0,3.0,0.7017543859649122,0.6499999999999999,0.85,0.7307017543859649,1,1,18
81,PIA,McLaren,8,4,2023,Miami Grand Prix,5,5,5.0625,12.40625,4.0,5.333333333333333,8.0,5.0,0.7719298245614035,0.6,0.75,0.7137719298245614,15,5,18
44,HAM,Mercedes,9,2,2023,Miami Grand Prix,5,18,7.375,8.71875,18.0,12.0,9.0,18.0,0.42105263157894735,0.55,0.09999999999999998,0.3634210526315789,7,6,18
27,HUL,Haas F1 Team,10,1,2023,Miami Grand Prix,5,9,12.375,0.8125,9.0,9.666666666666666,10.0,9.0,0.5438596491228072,0.5,0.55,0.5325438596491229,8,3,18
31,OCO,Alpine,11,0,2023,Miami Grand Prix,5,13,13.3125,1.34375,16.0,13.333333333333334,11.0,13.0,0.3508771929824561,0.44999999999999996,0.35,0.38035087719298244,13,0,18
23,ALB,Williams,12,0,2023,Miami Grand Prix,5,14,14.4375,0.16129032258064516,11.0,11.333333333333334,12.0,14.0,0.45614035087719307,0.3999999999999999,0.29999999999999993,0.39245614035087717,0,9,18
10,GAS,Alpine,13,0,2023,Miami Grand Prix,5,15,13.3125,1.34375,13.0,15.333333333333334,13.0,15.0,0.2456140350877194,0.35,0.25,0.27824561403508774,6,0,18
24,ZHO,Kick Sauber,14,0,2023,Miami Grand Prix,5,16,16.0,0.0,15.0,15.666666666666666,14.0,16.0,0.22807017543859653,0.29999999999999993,0.19999999999999996,0.24122807017543857,23,4,18
18,STR,Aston Martin,15,0,2023,Miami Grand Prix,5,11,13.6875,1.3125,6.0,13.333333333333334,15.0,11.0,0.3508771929824561,0.25,0.44999999999999996,0.3503508771929824,20,1,18
20,MAG,Haas F1 Team,16,0,2023,Miami Grand Prix,5,17,13.733333333333333,0.8125,10.0,12.666666666666666,16.0,17.0,0.38596491228070184,0.19999999999999996,0.1499999999999999,0.2593859649122807,11,3,18
2,SAR,Williams,17,0,2023,Miami Grand Prix,5,20,17.454545454545453,0.16129032258064516,14.0,17.0,17.0,20.0,0.1578947368421053,0.1499999999999999,0.0,0.10815789473684209,19,9,18
3,RIC,RB,18,0,2023,Miami Grand Prix,5,12,13.076923076923077,1.0625,12.0,15.333333333333334,18.0,12.0,0.2456140350877194,0.09999999999999998,0.3999999999999999,0.2482456140350877,16,7,18
22,TSU,RB,19,0,2023,Miami Grand Prix,5,19,12.8125,1.0625,7.0,13.666666666666666,19.0,19.0,0.3333333333333335,0.04999999999999993,0.04999999999999993,0.16333333333333336,21,7,18
77,BOT,Kick Sauber,20,0,2023,Miami Grand Prix,5,10,16.4375,0.0,14.0,17.0,20.0,10.0,0.1578947368421053,0.0,0.5,0.2131578947368421,3,4,18
4,NOR,McLaren,1,25,2023,Monaco Grand Prix,6,5,4.6875,12.40625,2.0,2.0,2.0,3.5,0.9473684210526316,0.9,0.825,0.8964473684210527,12,5,19
1,VER,Red Bull Racing,2,18,2023,Monaco Grand Prix,6,1,3.9375,11.875,1.0,7.333333333333333,1.0,1.0,0.6666666666666667,0.95,0.95,0.8366666666666667,22,8,19
16,LEC,Ferrari,3,15,2023,Monaco Grand Prix,6,2,3.5625,13.21875,4.0,3.0,3.5,5.0,0.8947368421052632,0.825,0.75,0.8303947368421052,10,2,19
11,PER,Red Bull Racing,4,12,2023,Monaco Grand Prix,6,4,7.0625,11.875,3.0,4.0,5.5,6.5,0.8421052631578947,0.725,0.675,0.7568421052631579,14,8,19
55,SAI,Ferrari,5,10,2023,Monaco Grand Prix,6,3,4.866666666666666,13.21875,5.0,3.6666666666666665,5.0,6.0,0.8596491228070176,0.75,0.7,0.778859649122807,18,2,19
44,HAM,Mercedes,6,8,2023,Monaco Grand Prix,6,8,7.375,8.71875,9.0,11.0,7.5,13.0,0.4736842105263157,0.625,0.35,0.4819736842105263,7,6,19
22,TSU,RB,7,6,2023,Monaco Grand Prix,6,10,12.8125,1.0625,19.0,11.0,14.5,13.0,0.4736842105263157,0.2749999999999999,0.35,0.37697368421052624,21,7,19
63,RUS,Mercedes,8,4,2023,Monaco Grand Prix,6,7,7.0,8.71875,6.0,10.333333333333334,6.5,7.0,0.5087719298245614,0.675,0.6499999999999999,0.6010087719298246,17,6,19
14,ALO,Aston Martin,9,2,2023,Monaco Grand Prix,6,15,11.0,1.3125,7.0,8.0,13.0,11.0,0.631578947368421,0.35,0.44999999999999996,0.4926315789473684,1,1,19
31,OCO,Alpine,10,1,2023,Monaco Grand Prix,6,13,13.3125,1.34375,11.0,12.333333333333334,12.5,12.5,0.4035087719298245,0.375,0.375,0.3864035087719298,13,0,19
27,HUL,Haas F1 Team,11,0,2023,Monaco Grand Prix,6,9,12.375,0.8125,10.0,10.0,10.5,9.5,0.5263157894736843,0.475,0.5249999999999999,0.5105263157894737,8,3,19
10,GAS,Alpine,12,0,2023,Monaco Grand Prix,6,12,13.3125,1.34375,13.0,12.666666666666666,14.5,15.0,0.38596491228070184,0.2749999999999999,0.25,0.3118859649122807,6,0,19
81,PIA,McLaren,13,0,2023,Monaco Grand Prix,6,6,5.0625,12.40625,8.0,8.333333333333334,6.0,3.5,0.6140350877192982,0.7,0.825,0.7031140350877192,15,5,19
24,ZHO,Kick Sauber,14,0,2023,Monaco Grand Prix,6,20,16.0,0.0,14.0,14.333333333333334,14.5,16.5,0.29824561403508776,0.2749999999999999,0.17499999999999993,0.2542982456140351,23,4,19
3,RIC,RB,15,0,2023,Monaco Grand Prix,6,18,13.076923076923077,1.0625,18.0,15.0,15.5,10.5,0.26315789473684204,0.22499999999999998,0.475,0.3152631578947368,16,7,19
77,BOT,Kick Sauber,16,0,2023,Monaco Grand Prix,6,16,16.4375,0.0,20.0,16.666666666666668,19.0,13.0,0.17543859649122795,0.04999999999999993,0.35,0.19017543859649116,3,4,19
18,STR,Aston Martin,17,0,2023,Monaco Grand Prix,6,11,13.6875,1.3125,15.0,12.666666666666666,12.0,12.0,0.38596491228070184,0.3999999999999999,0.3999999999999999,0.39438596491228073,20,1,19
23,ALB,Williams,18,0,2023,Monaco Grand Prix,6,14,14.4375,0.16129032258064516,12.0,13.666666666666666,16.0,14.0,0.3333333333333335,0.19999999999999996,0.29999999999999993,0.2833333333333333,0,9,19
20,MAG,Haas F1 Team,19,0,2023,Monaco Grand Prix,6,19,13.733333333333333,0.8125,16.0,15.0,14.0,17.5,0.26315789473684204,0.29999999999999993,0.125,0.2327631578947368,11,3,19
2,SAR,Williams,20,0,2023,Monaco Grand Prix,6,17,17.454545454545453,0.16129032258064516,17.0,17.0,17.0,20.0,0.1578947368421053,0.1499999999999999,0.0,0.10815789473684209,19,9,19
1,VER,Red Bull Racing,1,25,2023,Spanish Grand Prix,7,1,3.9375,11.875,2.0,1.3333333333333333,1.6666666666666667,1.0,0.9824561403508771,0.9166666666666666,0.95,0.9529824561403508,22,8,26
4,NOR,McLaren,2,18,2023,Spanish Grand Prix,7,3,4.6875,12.40625,1.0,1.6666666666666667,2.3333333333333335,4.333333333333333,0.9649122807017544,0.8833333333333333,0.7833333333333333,0.8859649122807017,12,5,26
16,LEC,Ferrari,3,15,2023,Spanish Grand Prix,7,4,3.5625,13.21875,3.0,3.3333333333333335,3.3333333333333335,4.0,0.8771929824561404,0.8333333333333333,0.8,0.8408771929824561,10,2,26
81,PIA,McLaren,4,12,2023,Spanish Grand Prix,7,2,5.0625,12.40625,13.0,8.333333333333334,11.333333333333334,6.0,0.6140350877192982,0.43333333333333324,0.7,0.5856140350877193,15,5,26
55,SAI,Ferrari,5,10,2023,Spanish Grand Prix,7,5,4.866666666666666,13.21875,5.0,5.0,4.333333333333333,3.3333333333333335,0.7894736842105263,0.7833333333333333,0.8333333333333333,0.8007894736842105,18,2,26
44,HAM,Mercedes,6,8,2023,Spanish Grand Prix,7,8,7.375,8.71875,6.0,7.0,7.0,7.666666666666667,0.6842105263157895,0.6499999999999999,0.6166666666666667,0.6536842105263159,7,6,26
63,RUS,Mercedes,7,7,2023,Spanish Grand Prix,7,6,7.0,8.71875,8.0,7.0,7.666666666666667,7.666666666666667,0.6842105263157895,0.6166666666666667,0.6166666666666667,0.6436842105263159,17,6,26
11,PER,Red Bull Racing,8,4,2023,Spanish Grand Prix,7,11,7.0625,11.875,4.0,5.0,3.3333333333333335,3.3333333333333335,0.7894736842105263,0.8333333333333333,0.8333333333333333,0.8157894736842105,14,8,26
18,STR,Aston Martin,9,2,2023,Spanish Grand Prix,7,13,13.6875,1.3125,17.0,13.666666666666666,15.333333333333334,12.666666666666666,0.3333333333333335,0.23333333333333328,0.3666666666666667,0.31333333333333335,20,1,26
22,TSU,RB,10,1,2023,Spanish Grand Prix,7,7,12.8125,1.0625,7.0,12.0,8.0,10.0,0.42105263157894735,0.6,0.5,0.498421052631579,21,7,26
27,HUL,Haas F1 Team,11,0,2023,Spanish Grand Prix,7,10,12.375,0.8125,11.0,10.666666666666666,11.0,10.0,0.49122807017543857,0.44999999999999996,0.5,0.4814912280701754,8,3,26
20,MAG,Haas F1 Team,12,0,2023,Spanish Grand Prix,7,18,13.733333333333333,0.8125,19.0,15.666666666666666,17.0,18.666666666666668,0.22807017543859653,0.1499999999999999,0.06666666666666654,0.15622807017543855,11,3,26
3,RIC,RB,13,0,2023,Spanish Grand Prix,7,9,13.076923076923077,1.0625,15.0,15.333333333333334,16.333333333333332,15.666666666666666,0.2456140350877194,0.18333333333333335,0.21666666666666667,0.21824561403508777,16,7,26
31,OCO,Alpine,14,0,2023,Spanish Grand Prix,7,12,13.3125,1.34375,10.0,11.666666666666666,11.666666666666666,13.666666666666666,0.4385964912280702,0.41666666666666663,0.31666666666666665,0.39543859649122803,13,0,26
24,ZHO,Kick Sauber,15,0,2023,Spanish Grand Prix,7,17,16.0,0.0,14.0,14.333333333333334,15.333333333333334,20.0,0.29824561403508776,0.23333333333333328,0.0,0.18929824561403508,23,4,26
10,GAS,Alpine,16,0,2023,Spanish Grand Prix,7,15,13.3125,1.34375,12.0,13.666666666666666,13.333333333333334,13.666666666666666,0.3333333333333335,0.33333333333333326,0.31666666666666665,0.32833333333333337,6,0,26
2,SAR,Williams,17,0,2023,Spanish Grand Prix,7,20,17.454545454545453,0.16129032258064516,20.0,18.0,19.0,17.666666666666668,0.10526315789473695,0.04999999999999993,0.11666666666666659,0.09210526315789475,19,9,26
77,BOT,Kick Sauber,18,0,2023,Spanish Grand Prix,7,16,16.4375,0.0,16.0,18.0,15.333333333333334,15.0,0.10526315789473695,0.23333333333333328,0.25,0.18710526315789477,3,4,26
14,ALO,Aston Martin,19,0,2023,Spanish Grand Prix,7,19,11.0,1.3125,9.0,11.666666666666666,8.0,11.666666666666666,0.4385964912280702,0.6,0.41666666666666663,0.4804385964912281,1,1,26
23,ALB,Williams,20,0,2023,Spanish Grand Prix,7,14,14.4375,0.16129032258064516,18.0,16.666666666666668,18.666666666666668,14.0,0.17543859649122795,0.06666666666666654,0.29999999999999993,0.18017543859649113,0,9,26
16,LEC,Ferrari,1,25,2023,Canadian Grand Prix,8,1,3.5625,13.21875,3.0,2.3333333333333335,19.0,11.0,0.9298245614035088,0.04999999999999993,0.44999999999999996,0.5219298245614035,10,2,8
81,PIA,McLaren,2,18,2023,Canadian Grand Prix,8,2,5.0625,12.40625,4.0,6.333333333333333,5.0,4.0,0.7192982456140351,0.75,0.8,0.752719298245614,15,5,8
55,SAI,Ferrari,3,15,2023,Canadian Grand Prix,8,3,4.866666666666666,13.21875,5.0,4.333333333333333,16.0,12.0,0.8245614035087719,0.19999999999999996,0.3999999999999999,0.5098245614035087,18,2,8
4,NOR,McLaren,4,12,2023,Canadian Grand Prix,8,4,4.6875,12.40625,2.0,2.3333333333333335,2.0,3.0,0.9298245614035088,0.9,0.85,0.8969298245614036,12,5,8
63,RUS,Mercedes,5,10,2023,Canadian Grand Prix,8,5,7.0,8.71875,7.0,6.666666666666667,3.0,1.0,0.7017543859649122,0.85,0.95,0.8207017543859649,17,6,8
1,VER,Red Bull Racing,6,8,2023,Canadian Grand Prix,8,6,3.9375,11.875,1.0,3.0,1.0,2.0,0.8947368421052632,0.95,0.9,0.9128947368421052,22,8,8
44,HAM,Mercedes,7,7,2023,Canadian Grand Prix,8,7,7.375,8.71875,6.0,6.333333333333333,4.0,7.0,0.7192982456140351,0.8,0.6499999999999999,0.722719298245614,7,6,8
22,TSU,RB,8,4,2023,Canadian Grand Prix,8,8,12.8125,1.0625,10.0,8.333333333333334,14.0,8.0,0.6140350877192982,0.29999999999999993,0.6,0.5156140350877192,21,7,8
23,ALB,Williams,9,2,2023,Canadian Grand Prix,8,9,14.4375,0.16129032258064516,20.0,15.666666666666666,17.0,10.0,0.22807017543859653,0.1499999999999999,0.5,0.2862280701754386,0,9,8
10,GAS,Alpine,10,1,2023,Canadian Grand Prix,8,10,13.3125,1.34375,16.0,12.666666666666666,9.0,15.0,0.38596491228070184,0.55,0.25,0.3943859649122808,6,0,8
14,ALO,Aston Martin,11,0,2023,Canadian Grand Prix,8,14,11.0,1.3125,19.0,13.0,6.0,6.0,0.368421052631579,0.7,0.7,0.5673684210526315,1,1,8
3,RIC,RB,12,0,2023,Canadian Grand Prix,8,12,13.076923076923077,1.0625,13.0,13.333333333333334,8.0,5.0,0.3508771929824561,0.6,0.75,0.5453508771929825,16,7,8
77,BOT,Kick Sauber,13,0,2023,Canadian Grand Prix,8,17,16.4375,0.0,18.0,15.666666666666666,13.0,17.0,0.22807017543859653,0.35,0.1499999999999999,0.24122807017543857,3,4,8
18,STR,Aston Martin,14,0,2023,Canadian Grand Prix,8,13,13.6875,1.3125,9.0,13.333333333333334,7.0,9.0,0.3508771929824561,0.6499999999999999,0.55,0.5003508771929824,20,1,8
2,SAR,Williams,15,0,2023,Canadian Grand Prix,8,15,17.454545454545453,0.16129032258064516,17.0,17.333333333333332,20.0,13.0,0.14035087719298267,0.0,0.35,0.16114035087719308,19,9,8
24,ZHO,Kick Sauber,16,0,2023,Canadian Grand Prix,8,18,16.0,0.0,15.0,15.0,15.0,20.0,0.26315789473684204,0.25,0.0,0.18026315789473682,23,4,8
31,OCO,Alpine,17,0,2023,Canadian Grand Prix,8,11,13.3125,1.34375,14.0,13.666666666666666,10.0,18.0,0.3333333333333335,0.5,0.09999999999999998,0.31333333333333335,13,0,8
11,PER,Red Bull Racing,18,0,2023,Canadian Grand Prix,8,16,7.0625,11.875,8.0,10.0,18.0,16.0,0.5263157894736843,0.09999999999999998,0.19999999999999996,0.3005263157894737,14,8,8
27,HUL,Haas F1 Team,19,0,2023,Canadian Grand Prix,8,14,12.375,0.8125,11.0,13.666666666666666,11.0,19.0,0.3333333333333335,0.44999999999999996,0.04999999999999993,0.2833333333333333,8,3,8
20,MAG,Haas F1 Team,20,0,2023,Canadian Grand Prix,8,15,13.733333333333333,0.8125,12.0,17.0,12.0,14.0,0.1578947368421053,0.3999999999999999,0.29999999999999993,0.27315789473684204,11,3,8
1,VER,Red Bull Racing,1,25,2023,British Grand Prix,10,2,3.9375,11.875,6.0,2.6666666666666665,1.0,1.5,0.9122807017543859,0.95,0.925,0.9274122807017544,22,8,7
4,NOR,McLaren,2,19,2023,British Grand Prix,10,1,4.6875,12.40625,4.0,2.6666666666666665,3.5,2.0,0.9122807017543859,0.825,0.9,0.8824122807017544,12,5,7
44,HAM,Mercedes,3,15,2023,British Grand Prix,10,3,7.375,8.71875,7.0,5.333333333333333,6.0,5.0,0.7719298245614035,0.7,0.75,0.7437719298245614,7,6,7
63,RUS,Mercedes,4,12,2023,British Grand Prix,10,4,7.0,8.71875,5.0,5.333333333333333,5.5,6.5,0.7719298245614035,0.725,0.675,0.7287719298245614,17,6,7
16,LEC,Ferrari,5,10,2023,British Grand Prix,10,5,3.5625,13.21875,1.0,3.0,4.5,6.5,0.8947368421052632,0.775,0.675,0.7928947368421052,10,2,7
55,SAI,Ferrari,6,8,2023,British Grand Prix,10,6,4.866666666666666,13.21875,3.0,4.666666666666667,4.5,5.0,0.8070175438596491,0.775,0.75,0.7803070175438597,18,2,7
81,PIA,McLaren,7,6,2023,British Grand Prix,10,10,5.0625,12.40625,2.0,4.333333333333333,7.5,8.0,0.8245614035087719,0.625,0.6,0.6973245614035088,15,5,7
11,PER,Red Bull Racing,8,4,2023,British Grand Prix,10,8,7.0625,11.875,18.0,11.333333333333334,5.0,5.0,0.45614035087719307,0.75,0.75,0.6324561403508772,14,8,7
10,GAS,Alpine,9,2,2023,British Grand Prix,10,7,13.3125,1.34375,10.0,11.666666666666666,12.5,12.0,0.4385964912280702,0.375,0.3999999999999999,0.4079385964912281,6,0,7
31,OCO,Alpine,10,1,2023,British Grand Prix,10,9,13.3125,1.34375,17.0,13.666666666666666,12.5,12.0,0.3333333333333335,0.375,0.3999999999999999,0.36583333333333334,13,0,7
27,HUL,Haas F1 Team,11,0,2023,British Grand Prix,10,13,12.375,0.8125,19.0,13.666666666666666,11.0,12.5,0.3333333333333335,0.44999999999999996,0.375,0.38083333333333336,8,3,7
14,ALO,Aston Martin,12,0,2023,British Grand Prix,10,11,11.0,1.3125,11.0,14.0,9.0,8.0,0.3157894736842106,0.55,0.6,0.47131578947368424,1,1,7
24,ZHO,Kick Sauber,13,0,2023,British Grand Prix,10,15,16.0,0.0,16.0,14.666666666666666,15.5,17.5,0.2807017543859649,0.22499999999999998,0.125,0.21728070175438596,23,4,7
18,STR,Aston Martin,14,0,2023,British Grand Prix,10,14,13.6875,1.3125,14.0,12.333333333333334,13.0,15.0,0.4035087719298245,0.35,0.25,0.3414035087719298,20,1,7
3,RIC,RB,15,0,2023,British Grand Prix,10,18,13.076923076923077,1.0625,12.0,13.333333333333334,17.0,14.5,0.3508771929824561,0.1499999999999999,0.2749999999999999,0.2678508771929824,16,7,7
77,BOT,Kick Sauber,16,0,2023,British Grand Prix,10,12,16.4375,0.0,13.0,15.666666666666666,15.0,12.5,0.22807017543859653,0.25,0.375,0.2787280701754386,3,4,7
20,MAG,Haas F1 Team,17,0,2023,British Grand Prix,10,16,13.733333333333333,0.8125,20.0,16.333333333333332,15.0,17.0,0.19298245614035103,0.25,0.1499999999999999,0.19719298245614042,11,3,7
23,ALB,Williams,18,0,2023,British Grand Prix,10,19,14.4375,0.16129032258064516,9.0,15.666666666666666,19.0,16.5,0.22807017543859653,0.04999999999999993,0.17499999999999993,0.15872807017543855,0,9,7
22,TSU,RB,19,0,2023,British Grand Prix,10,17,12.8125,1.0625,8.0,12.333333333333334,14.5,13.5,0.4035087719298245,0.2749999999999999,0.32499999999999996,0.34140350877192976,21,7,7
2,SAR,Williams,20,0,2023,British Grand Prix,10,20,17.454545454545453,0.16129032258064516,15.0,17.333333333333332,18.5,19.5,0.14035087719298267,0.07499999999999996,0.02499999999999991,0.08614035087719304,19,9,7
63,RUS,Mercedes,1,25,2023,Hungarian Grand Prix,11,3,7.0,8.71875,4.0,3.3333333333333335,8.666666666666666,9.0,0.8771929824561404,0.5666666666666667,0.55,0.6858771929824562,17,6,13
81,PIA,McLaren,2,18,2023,Hungarian Grand Prix,11,7,5.0625,12.40625,7.0,3.6666666666666665,2.3333333333333335,5.0,0.8596491228070176,0.8833333333333333,0.75,0.833859649122807,15,5,13
55,SAI,Ferrari,3,15,2023,Hungarian Grand Prix,11,4,4.866666666666666,13.21875,6.0,4.0,3.3333333333333335,3.3333333333333335,0.8421052631578947,0.8333333333333333,0.8333333333333333,0.8368421052631578,18,2,13
44,HAM,Mercedes,4,12,2023,Hungarian Grand Prix,11,5,7.375,8.71875,3.0,4.666666666666667,8.333333333333334,7.0,0.8070175438596491,0.5833333333333333,0.6499999999999999,0.6928070175438595,7,6,13
1,VER,Red Bull Racing,5,10,2023,Hungarian Grand Prix,11,1,3.9375,11.875,1.0,4.0,9.666666666666666,1.6666666666666667,0.8421052631578947,0.5166666666666666,0.9166666666666666,0.7668421052631578,22,8,13
27,HUL,Haas F1 Team,6,8,2023,Hungarian Grand Prix,11,9,12.375,0.8125,11.0,12.0,9.333333333333334,12.0,0.42105263157894735,0.5333333333333332,0.3999999999999999,0.44842105263157883,8,3,13
11,PER,Red Bull Racing,7,6,2023,Hungarian Grand Prix,11,8,7.0625,11.875,8.0,11.0,6.333333333333333,9.0,0.4736842105263157,0.6833333333333333,0.55,0.5594736842105263,14,8,13
20,MAG,Haas F1 Team,8,4,2023,Hungarian Grand Prix,11,12,13.733333333333333,0.8125,17.0,15.0,11.0,13.666666666666666,0.26315789473684204,0.44999999999999996,0.31666666666666665,0.33526315789473676,11,3,13
3,RIC,RB,9,2,2023,Hungarian Grand Prix,11,11,13.076923076923077,1.0625,15.0,12.0,11.0,12.666666666666666,0.42105263157894735,0.44999999999999996,0.3666666666666667,0.4134210526315789,16,7,13
10,GAS,Alpine,10,1,2023,Hungarian Grand Prix,11,13,13.3125,1.34375,9.0,9.666666666666666,14.333333333333334,16.666666666666668,0.5438596491228072,0.2833333333333332,0.16666666666666652,0.35254385964912277,6,0,13
16,LEC,Ferrari,11,0,2023,Hungarian Grand Prix,11,6,3.5625,13.21875,5.0,5.666666666666667,5.666666666666667,5.666666666666667,0.7543859649122807,0.7166666666666666,0.7166666666666666,0.7317543859649123,10,2,13
31,OCO,Alpine,12,0,2023,Hungarian Grand Prix,11,10,13.3125,1.34375,10.0,13.0,15.333333333333334,14.666666666666666,0.368421052631579,0.23333333333333328,0.2666666666666666,0.29736842105263156,13,0,13
18,STR,Aston Martin,13,0,2023,Hungarian Grand Prix,11,17,13.6875,1.3125,14.0,13.666666666666666,9.666666666666666,11.333333333333334,0.3333333333333335,0.5166666666666666,0.43333333333333324,0.41833333333333333,20,1,13
22,TSU,RB,14,0,2023,Hungarian Grand Prix,11,14,12.8125,1.0625,19.0,13.666666666666666,10.0,10.666666666666666,0.3333333333333335,0.5,0.4666666666666667,0.42333333333333334,21,7,13
23,ALB,Williams,15,0,2023,Hungarian Grand Prix,11,16,14.4375,0.16129032258064516,18.0,14.0,13.333333333333334,13.666666666666666,0.3157894736842106,0.33333333333333326,0.31666666666666665,0.3213157894736842,0,9,13
77,BOT,Kick Sauber,16,0,2023,Hungarian Grand Prix,11,18,16.4375,0.0,16.0,15.0,15.333333333333334,14.333333333333334,0.26315789473684204,0.23333333333333328,0.2833333333333332,0.26026315789473675,3,4,13
24,ZHO,Kick Sauber,17,0,2023,Hungarian Grand Prix,11,20,16.0,0.0,13.0,15.333333333333334,17.0,19.0,0.2456140350877194,0.1499999999999999,0.04999999999999993,0.15824561403508772,23,4,13
14,ALO,Aston Martin,18,0,2023,Hungarian Grand Prix,11,15,11.0,1.3125,12.0,13.666666666666666,12.333333333333334,10.666666666666666,0.3333333333333335,0.3833333333333333,0.4666666666666667,0.38833333333333336,1,1,13
2,SAR,Williams,19,0,2023,Hungarian Grand Prix,11,19,17.454545454545453,0.16129032258064516,20.0,18.0,18.0,16.5,0.10526315789473695,0.09999999999999998,0.17499999999999993,0.12460526315789476,19,9,13
4,NOR,McLaren,20,0,2023,Hungarian Grand Prix,11,2,4.6875,12.40625,2.0,8.666666666666666,8.333333333333334,2.3333333333333335,0.5964912280701755,0.5833333333333333,0.8833333333333333,0.6785964912280702,12,5,13
81,PIA,McLaren,1,25,2023,Dutch Grand Prix,13,2,5.0625,12.40625,2.0,3.3333333333333335,2.5,2.5,0.8771929824561404,0.875,0.875,0.8758771929824563,15,5,9
4,NOR,McLaren,2,18,2023,Dutch Grand Prix,13,1,4.6875,12.40625,20.0,8.0,1.5,1.0,0.631578947368421,0.925,0.95,0.8151315789473683,12,5,9
44,HAM,Mercedes,3,15,2023,Dutch Grand Prix,13,5,7.375,8.71875,4.0,3.3333333333333335,5.5,8.0,0.8771929824561404,0.725,0.6,0.7483771929824561,7,6,9
16,LEC,Ferrari,4,12,2023,Dutch Grand Prix,13,6,3.5625,13.21875,11.0,6.666666666666667,3.5,6.0,0.7017543859649122,0.825,0.7,0.7382017543859648,10,2,9
1,VER,Red Bull Racing,5,10,2023,Dutch Grand Prix,13,3,3.9375,11.875,5.0,3.6666666666666665,3.5,2.5,0.8596491228070176,0.825,0.875,0.853859649122807,22,8,9
55,SAI,Ferrari,6,8,2023,Dutch Grand Prix,13,4,4.866666666666666,13.21875,3.0,5.0,5.5,7.0,0.7894736842105263,0.725,0.6499999999999999,0.7282894736842105,18,2,9
11,PER,Red Bull Racing,7,6,2023,Dutch Grand Prix,13,16,7.0625,11.875,7.0,7.333333333333333,6.5,10.5,0.6666666666666667,0.675,0.475,0.6116666666666667,14,8,9
63,RUS,Mercedes,8,5,2023,Dutch Grand Prix,13,17,7.0,8.71875,1.0,4.333333333333333,7.5,10.5,0.8245614035087719,0.625,0.475,0.6598245614035088,17,6,9
22,TSU,RB,9,2,2023,Dutch Grand Prix,13,10,12.8125,1.0625,14.0,14.0,13.0,11.0,0.3157894736842106,0.35,0.44999999999999996,0.36631578947368426,21,7,9
18,STR,Aston Martin,10,1,2023,Dutch Grand Prix,13,8,13.6875,1.3125,13.0,12.333333333333334,11.5,8.0,0.4035087719298245,0.42499999999999993,0.6,0.46890350877192977,20,1,9
14,ALO,Aston Martin,11,0,2023,Dutch Grand Prix,13,7,11.0,1.3125,18.0,13.666666666666666,10.5,7.0,0.3333333333333335,0.475,0.6499999999999999,0.4708333333333333,1,1,9
3,RIC,RB,12,0,2023,Dutch Grand Prix,13,9,13.076923076923077,1.0625,9.0,12.0,12.0,12.0,0.42105263157894735,0.3999999999999999,0.3999999999999999,0.4084210526315789,16,7,9
27,HUL,Haas F1 Team,13,0,2023,Dutch Grand Prix,13,11,12.375,0.8125,6.0,10.0,12.0,12.0,0.5263157894736843,0.3999999999999999,0.3999999999999999,0.45052631578947366,8,3,9
23,ALB,Williams,14,0,2023,Dutch Grand Prix,13,13,14.4375,0.16129032258064516,15.0,15.666666666666666,14.0,11.5,0.22807017543859653,0.29999999999999993,0.42499999999999993,0.3087280701754386,0,9,9
20,MAG,Haas F1 Team,15,0,2023,Dutch Grand Prix,13,15,13.733333333333333,0.8125,8.0,13.333333333333334,16.5,14.5,0.3508771929824561,0.17499999999999993,0.2749999999999999,0.2753508771929824,11,3,9
77,BOT,Kick Sauber,16,0,2023,Dutch Grand Prix,13,12,16.4375,0.0,16.0,16.0,17.5,14.5,0.21052631578947367,0.125,0.2749999999999999,0.20421052631578945,3,4,9
2,SAR,Williams,17,0,2023,Dutch Grand Prix,13,14,17.454545454545453,0.16129032258064516,19.0,18.666666666666668,16.5,17.0,0.07017543859649122,0.17499999999999993,0.1499999999999999,0.12557017543859644,19,9,9
31,OCO,Alpine,18,0,2023,Dutch Grand Prix,13,19,13.3125,1.34375,12.0,13.333333333333334,16.5,17.5,0.3508771929824561,0.17499999999999993,0.125,0.23035087719298245,13,0,9
24,ZHO,Kick Sauber,19,0,2023,Dutch Grand Prix,13,18,16.0,0.0,17.0,16.333333333333332,19.5,18.0,0.19298245614035103,0.02499999999999991,0.09999999999999998,0.1146929824561404,23,4,9
10,GAS,Alpine,20,0,2023,Dutch Grand Prix,13,20,13.3125,1.34375,10.0,13.0,14.5,14.5,0.368421052631579,0.2749999999999999,0.2749999999999999,0.3123684210526315,6,0,9
44,HAM,Mercedes,1,25,2023,Italian Grand Prix,14,4,7.375,8.71875,3.0,2.6666666666666665,6.0,6.5,0.9122807017543859,0.7,0.675,0.7774122807017544,7,6,14
81,PIA,McLaren,2,18,2023,Italian Grand Prix,14,6,5.0625,12.40625,1.0,1.6666666666666667,2.0,2.0,0.9649122807017544,0.9,0.9,0.9259649122807019,15,5,14
16,LEC,Ferrari,3,15,2023,Italian Grand Prix,14,2,3.5625,13.21875,4.0,6.0,1.0,2.5,0.736842105263158,0.95,0.875,0.8422368421052631,10,2,14
1,VER,Red Bull Racing,4,12,2023,Italian Grand Prix,14,1,3.9375,11.875,5.0,4.666666666666667,6.0,6.5,0.8070175438596491,0.7,0.675,0.7353070175438596,22,8,14
4,NOR,McLaren,5,10,2023,Italian Grand Prix,14,5,4.6875,12.40625,2.0,9.0,3.5,2.5,0.5789473684210527,0.825,0.875,0.7415789473684211,12,5,14
55,SAI,Ferrari,6,8,2023,Italian Grand Prix,14,8,4.866666666666666,13.21875,6.0,5.0,3.5,4.0,0.7894736842105263,0.825,0.8,0.8032894736842106,18,2,14
11,PER,Red Bull Racing,7,7,2023,Italian Grand Prix,14,3,7.0625,11.875,7.0,7.0,13.0,12.0,0.6842105263157895,0.35,0.3999999999999999,0.49868421052631573,14,8,14
14,ALO,Aston Martin,8,4,2023,Italian Grand Prix,14,9,11.0,1.3125,11.0,12.333333333333334,11.0,12.5,0.4035087719298245,0.44999999999999996,0.375,0.40890350877192977,1,1,14
31,OCO,Alpine,9,2,2023,Italian Grand Prix,14,10,13.3125,1.34375,18.0,13.0,15.5,13.0,0.368421052631579,0.22499999999999998,0.35,0.3198684210526316,13,0,14
3,RIC,RB,10,1,2023,Italian Grand Prix,14,13,13.076923076923077,1.0625,12.0,10.333333333333334,12.5,12.0,0.5087719298245614,0.375,0.3999999999999999,0.43600877192982457,16,7,14
18,STR,Aston Martin,11,0,2023,Italian Grand Prix,14,15,13.6875,1.3125,10.0,11.333333333333334,16.5,15.0,0.45614035087719307,0.17499999999999993,0.25,0.3099561403508772,20,1,14
23,ALB,Williams,12,0,2023,Italian Grand Prix,14,11,14.4375,0.16129032258064516,14.0,13.666666666666666,9.0,9.0,0.3333333333333335,0.55,0.55,0.4633333333333334,0,9,14
10,GAS,Alpine,13,0,2023,Italian Grand Prix,14,12,13.3125,1.34375,20.0,14.333333333333334,12.5,12.0,0.29824561403508776,0.375,0.3999999999999999,0.35179824561403505,6,0,14
20,MAG,Haas F1 Team,14,0,2023,Italian Grand Prix,14,17,13.733333333333333,0.8125,15.0,12.333333333333334,15.0,14.0,0.4035087719298245,0.25,0.29999999999999993,0.32640350877192975,11,3,14
77,BOT,Kick Sauber,15,0,2023,Italian Grand Prix,14,14,16.4375,0.0,16.0,15.666666666666666,14.5,18.0,0.22807017543859653,0.2749999999999999,0.09999999999999998,0.2037280701754386,3,4,14
22,TSU,RB,16,0,2023,Italian Grand Prix,14,18,12.8125,1.0625,9.0,13.0,14.0,12.0,0.368421052631579,0.29999999999999993,0.3999999999999999,0.35736842105263156,21,7,14
2,SAR,Williams,17,0,2023,Italian Grand Prix,14,19,17.454545454545453,0.16129032258064516,17.0,17.666666666666668,15.0,15.0,0.12280701754385959,0.25,0.25,0.1991228070175438,19,9,14
27,HUL,Haas F1 Team,18,0,2023,Italian Grand Prix,14,16,12.375,0.8125,13.0,12.333333333333334,18.0,12.0,0.4035087719298245,0.09999999999999998,0.3999999999999999,0.3114035087719298,8,3,14
24,ZHO,Kick Sauber,19,0,2023,Italian Grand Prix,14,20,16.0,0.0,19.0,18.333333333333332,17.0,19.0,0.08771929824561409,0.1499999999999999,0.04999999999999993,0.09508771929824558,23,4,14
63,RUS,Mercedes,20,0,2023,Italian Grand Prix,14,7,7.0,8.71875,8.0,9.666666666666666,6.0,4.0,0.5438596491228072,0.7,0.8,0.6675438596491229,17,6,14
4,NOR,McLaren,1,26,2023,Singapore Grand Prix,15,1,4.6875,12.40625,5.0,2.6666666666666665,4.0,16.0,0.9122807017543859,0.8,0.19999999999999996,0.6649122807017543,12,5,25
1,VER,Red Bull Racing,2,18,2023,Singapore Grand Prix,15,2,3.9375,11.875,4.0,3.6666666666666665,5.0,6.0,0.8596491228070176,0.75,0.7,0.778859649122807,22,8,25
16,LEC,Ferrari,3,15,2023,Singapore Grand Prix,15,6,3.5625,13.21875,3.0,3.3333333333333335,2.0,1.0,0.8771929824561404,0.9,0.95,0.9058771929824561,10,2,25
81,PIA,McLaren,4,12,2023,Singapore Grand Prix,15,3,5.0625,12.40625,2.0,2.3333333333333335,1.0,2.0,0.9298245614035088,0.95,0.9,0.9269298245614035,15,5,25
55,SAI,Ferrari,5,10,2023,Singapore Grand Prix,15,10,4.866666666666666,13.21875,6.0,5.666666666666667,18.0,3.0,0.7543859649122807,0.09999999999999998,0.85,0.5867543859649123,18,2,25
11,PER,Red Bull Racing,6,8,2023,Singapore Grand Prix,15,5,7.0625,11.875,7.0,6.666666666666667,17.0,4.0,0.7017543859649122,0.1499999999999999,0.8,0.5657017543859648,14,8,25
63,RUS,Mercedes,7,6,2023,Singapore Grand Prix,15,4,7.0,8.71875,20.0,11.666666666666666,3.0,5.0,0.4385964912280702,0.85,0.75,0.655438596491228,17,6,25
44,HAM,Mercedes,8,4,2023,Singapore Grand Prix,15,11,7.375,8.71875,1.0,4.0,9.0,7.0,0.8421052631578947,0.55,0.6499999999999999,0.6968421052631578,7,6,25
10,GAS,Alpine,9,2,2023,Singapore Grand Prix,15,9,13.3125,1.34375,13.0,14.0,12.0,15.0,0.3157894736842106,0.3999999999999999,0.25,0.3213157894736842,6,0,25
14,ALO,Aston Martin,10,1,2023,Singapore Grand Prix,15,7,11.0,1.3125,8.0,9.666666666666666,6.0,8.0,0.5438596491228072,0.7,0.6,0.6075438596491229,1,1,25
27,HUL,Haas F1 Team,11,0,2023,Singapore Grand Prix,15,13,12.375,0.8125,18.0,14.0,11.0,13.0,0.3157894736842106,0.44999999999999996,0.35,0.3663157894736842,8,3,25
3,RIC,RB,12,0,2023,Singapore Grand Prix,15,15,13.076923076923077,1.0625,10.0,11.333333333333334,13.0,15.0,0.45614035087719307,0.35,0.25,0.36245614035087725,16,7,25
18,STR,Aston Martin,13,0,2023,Singapore Grand Prix,15,8,13.6875,1.3125,11.0,11.333333333333334,19.0,14.0,0.45614035087719307,0.04999999999999993,0.29999999999999993,0.2874561403508772,20,1,25
23,ALB,Williams,14,0,2023,Singapore Grand Prix,15,10,14.4375,0.16129032258064516,12.0,13.333333333333334,7.0,10.0,0.3508771929824561,0.6499999999999999,0.5,0.4853508771929824,0,9,25
31,OCO,Alpine,15,0,2023,Singapore Grand Prix,15,16,13.3125,1.34375,9.0,14.0,15.0,19.0,0.3157894736842106,0.25,0.04999999999999993,0.2163157894736842,13,0,25
2,SAR,Williams,16,0,2023,Singapore Grand Prix,15,20,17.454545454545453,0.16129032258064516,17.0,16.666666666666668,,,0.17543859649122795,1.0,1.0,0.6701754385964911,19,9,25
22,TSU,RB,17,0,2023,Singapore Grand Prix,15,12,12.8125,1.0625,16.0,14.0,20.0,12.0,0.3157894736842106,0.0,0.3999999999999999,0.2463157894736842,21,7,25
20,MAG,Haas F1 Team,18,0,2023,Singapore Grand Prix,15,14,13.733333333333333,0.8125,14.0,15.666666666666666,,,0.22807017543859653,1.0,1.0,0.6912280701754385,11,3,25
77,BOT,Kick Sauber,19,0,2023,Singapore Grand Prix,15,17,16.4375,0.0,15.0,16.666666666666668,16.0,17.0,0.17543859649122795,0.19999999999999996,0.1499999999999999,0.17517543859649115,3,4,25
24,ZHO,Kick Sauber,20,0,2023,Singapore Grand Prix,15,18,16.0,0.0,19.0,19.333333333333332,14.0,18.0,0.03508771929824572,0.29999999999999993,0.09999999999999998,0.13403508771929826,23,4,25
16,LEC,Ferrari,1,25,2023,Japanese Grand Prix,16,4,3.5625,13.21875,3.0,2.3333333333333335,5.0,9.0,0.9298245614035088,0.75,0.55,0.7619298245614036,10,2,15
81,PIA,McLaren,2,18,2023,Japanese Grand Prix,16,2,5.0625,12.40625,4.0,2.6666666666666665,3.0,5.0,0.9122807017543859,0.85,0.75,0.8449122807017544,15,5,15
4,NOR,McLaren,3,16,2023,Japanese Grand Prix,16,1,4.6875,12.40625,1.0,3.0,1.0,1.0,0.8947368421052632,0.95,0.95,0.9278947368421051,12,5,15
55,SAI,Ferrari,4,12,2023,Japanese Grand Prix,16,5,4.866666666666666,13.21875,5.0,5.0,7.0,10.0,0.7894736842105263,0.6499999999999999,0.5,0.6607894736842106,18,2,15
44,HAM,Mercedes,5,10,2023,Japanese Grand Prix,16,6,7.375,8.71875,8.0,4.666666666666667,6.0,3.0,0.8070175438596491,0.7,0.85,0.7878070175438596,7,6,15
1,VER,Red Bull Racing,6,8,2023,Japanese Grand Prix,16,7,3.9375,11.875,2.0,4.0,2.0,2.0,0.8421052631578947,0.9,0.9,0.8768421052631579,22,8,15
63,RUS,Mercedes,7,6,2023,Japanese Grand Prix,16,3,7.0,8.71875,7.0,11.333333333333334,4.0,4.0,0.45614035087719307,0.8,0.8,0.6624561403508772,17,6,15
11,PER,Red Bull Racing,8,4,2023,Japanese Grand Prix,16,8,7.0625,11.875,6.0,7.0,10.0,13.0,0.6842105263157895,0.5,0.35,0.5286842105263158,14,8,15
23,ALB,Williams,9,2,2023,Japanese Grand Prix,16,9,14.4375,0.16129032258064516,14.0,11.666666666666666,20.0,11.0,0.4385964912280702,0.0,0.44999999999999996,0.31043859649122807,0,9,15
20,MAG,Haas F1 Team,10,1,2023,Japanese Grand Prix,16,13,13.733333333333333,0.8125,18.0,14.0,19.0,14.0,0.3157894736842106,0.04999999999999993,0.29999999999999993,0.2313157894736842,11,3,15
14,ALO,Aston Martin,11,0,2023,Japanese Grand Prix,16,11,11.0,1.3125,10.0,9.666666666666666,8.0,7.0,0.5438596491228072,0.6,0.6499999999999999,0.5925438596491228,1,1,15
43,COL,Williams,12,0,2023,Japanese Grand Prix,16,18,13.25,0.16129032258064516,14.0,12.666666666666666,11.0,12.0,0.38596491228070184,0.44999999999999996,0.3999999999999999,0.40938596491228074,4,9,15
3,RIC,RB,13,0,2023,Japanese Grand Prix,16,12,13.076923076923077,1.0625,12.0,11.666666666666666,18.0,16.0,0.4385964912280702,0.09999999999999998,0.19999999999999996,0.2654385964912281,16,7,15
31,OCO,Alpine,14,0,2023,Japanese Grand Prix,16,15,13.3125,1.34375,15.0,12.666666666666666,13.0,15.0,0.38596491228070184,0.35,0.25,0.33438596491228073,13,0,15
10,GAS,Alpine,15,0,2023,Japanese Grand Prix,16,14,13.3125,1.34375,9.0,12.333333333333334,17.0,18.0,0.4035087719298245,0.1499999999999999,0.09999999999999998,0.23640350877192975,6,0,15
77,BOT,Kick Sauber,16,0,2023,Japanese Grand Prix,16,19,16.4375,0.0,19.0,16.666666666666668,16.0,19.0,0.17543859649122795,0.19999999999999996,0.04999999999999993,0.14517543859649115,3,4,15
27,HUL,Haas F1 Team,17,0,2023,Japanese Grand Prix,16,10,12.375,0.8125,11.0,15.333333333333334,9.0,6.0,0.2456140350877194,0.55,0.7,0.4732456140350878,8,3,15
24,ZHO,Kick Sauber,18,0,2023,Japanese Grand Prix,16,20,16.0,0.0,20.0,19.0,15.0,20.0,0.05263157894736836,0.25,0.0,0.09605263157894735,23,4,15
18,STR,Aston Martin,19,0,2023,Japanese Grand Prix,16,17,13.6875,1.3125,13.0,14.333333333333334,14.0,17.0,0.29824561403508776,0.29999999999999993,0.1499999999999999,0.2542982456140351,20,1,15
22,TSU,RB,20,0,2023,Japanese Grand Prix,16,16,12.8125,1.0625,17.0,17.666666666666668,12.0,8.0,0.12280701754385959,0.3999999999999999,0.6,0.34912280701754383,21,7,15
16,LEC,Ferrari,1,25,2023,Mexico City Grand Prix,19,4,3.5625,13.21875,1.0,1.6666666666666667,4.0,6.5,0.9649122807017544,0.8,0.675,0.8284649122807018,10,2,17
55,SAI,Ferrari,2,18,2023,Mexico City Grand Prix,19,3,4.866666666666666,13.21875,4.0,3.6666666666666665,4.0,5.5,0.8596491228070176,0.8,0.725,0.801359649122807,18,2,17
1,VER,Red Bull Racing,3,15,2023,Mexico City Grand Prix,19,2,3.9375,11.875,6.0,3.6666666666666665,4.0,2.0,0.8596491228070176,0.8,0.9,0.853859649122807,22,8,17
4,NOR,McLaren,4,12,2023,Mexico City Grand Prix,19,1,4.6875,12.40625,3.0,2.6666666666666665,1.5,2.0,0.9122807017543859,0.925,0.9,0.9124122807017545,12,5,17
81,PIA,McLaren,5,10,2023,Mexico City Grand Prix,19,5,5.0625,12.40625,2.0,3.6666666666666665,5.5,11.0,0.8596491228070176,0.725,0.44999999999999996,0.696359649122807,15,5,17
63,RUS,Mercedes,6,8,2023,Mexico City Grand Prix,19,6,7.0,8.71875,7.0,6.666666666666667,4.5,4.5,0.7017543859649122,0.775,0.775,0.7457017543859648,17,6,17
11,PER,Red Bull Racing,7,6,2023,Mexico City Grand Prix,19,10,7.0625,11.875,8.0,7.0,13.5,15.5,0.6842105263157895,0.32499999999999996,0.22499999999999998,0.4386842105263158,14,8,17
27,HUL,Haas F1 Team,8,4,2023,Mexico City Grand Prix,19,12,12.375,0.8125,17.0,12.0,9.0,8.0,0.42105263157894735,0.55,0.6,0.513421052631579,8,3,17
30,LAW,RB,9,2,2023,Mexico City Grand Prix,19,15,11.333333333333334,1.0625,16.0,13.666666666666666,16.0,12.0,0.3333333333333335,0.19999999999999996,0.3999999999999999,0.31333333333333335,9,7,17
43,COL,Williams,10,1,2023,Mexico City Grand Prix,19,17,13.25,0.16129032258064516,12.0,12.0,11.5,14.0,0.42105263157894735,0.42499999999999993,0.29999999999999993,0.3859210526315789,4,9,17
20,MAG,Haas F1 Team,11,0,2023,Mexico City Grand Prix,19,9,13.733333333333333,0.8125,10.0,13.0,13.0,10.5,0.368421052631579,0.35,0.475,0.39486842105263154,11,3,17
10,GAS,Alpine,12,0,2023,Mexico City Grand Prix,19,7,13.3125,1.34375,15.0,12.0,13.5,13.0,0.42105263157894735,0.32499999999999996,0.35,0.37092105263157893,6,0,17
14,ALO,Aston Martin,13,0,2023,Mexico City Grand Prix,19,8,11.0,1.3125,11.0,11.333333333333334,13.0,10.0,0.45614035087719307,0.35,0.5,0.4374561403508772,1,1,17
22,TSU,RB,14,0,2023,Mexico City Grand Prix,19,11,12.8125,1.0625,20.0,17.0,16.0,9.5,0.1578947368421053,0.19999999999999996,0.5249999999999999,0.2806578947368421,21,7,17
18,STR,Aston Martin,15,0,2023,Mexico City Grand Prix,19,14,13.6875,1.3125,19.0,15.666666666666666,12.5,15.5,0.22807017543859653,0.375,0.22499999999999998,0.2712280701754386,20,1,17
23,ALB,Williams,16,0,2023,Mexico City Grand Prix,19,16,14.4375,0.16129032258064516,9.0,13.0,19.5,10.0,0.368421052631579,0.02499999999999991,0.5,0.30486842105263157,0,9,17
77,BOT,Kick Sauber,17,0,2023,Mexico City Grand Prix,19,18,16.4375,0.0,16.0,17.333333333333332,15.0,17.0,0.14035087719298267,0.25,0.1499999999999999,0.17614035087719304,3,4,17
31,OCO,Alpine,18,0,2023,Mexico City Grand Prix,19,13,13.3125,1.34375,14.0,15.666666666666666,13.0,17.0,0.22807017543859653,0.35,0.1499999999999999,0.24122807017543857,13,0,17
24,ZHO,Kick Sauber,19,0,2023,Mexico City Grand Prix,19,20,16.0,0.0,18.0,19.0,15.0,20.0,0.05263157894736836,0.25,0.0,0.09605263157894735,23,4,17
44,HAM,Mercedes,20,0,2023,Mexico City Grand Prix,19,19,7.375,8.71875,5.0,11.0,5.0,4.5,0.4736842105263157,0.75,0.775,0.6469736842105263,7,6,17
1,VER,Red Bull Racing,1,26,2023,Las Vegas Grand Prix,21,12,3.9375,11.875,3.0,3.3333333333333335,,,0.8771929824561404,1.0,1.0,0.9508771929824562,22,8,16
31,OCO,Alpine,2,18,2023,Las Vegas Grand Prix,21,4,13.3125,1.34375,18.0,11.333333333333334,,,0.45614035087719307,1.0,1.0,0.7824561403508772,13,0,16
10,GAS,Alpine,3,15,2023,Las Vegas Grand Prix,21,15,13.3125,1.34375,12.0,10.0,,,0.5263157894736843,1.0,1.0,0.8105263157894738,6,0,16
63,RUS,Mercedes,4,12,2023,Las Vegas Grand Prix,21,2,7.0,8.71875,6.0,5.666666666666667,,,0.7543859649122807,1.0,1.0,0.9017543859649124,17,6,16
16,LEC,Ferrari,5,10,2023,Las Vegas Grand Prix,21,6,3.5625,13.21875,1.0,2.3333333333333335,,,0.9298245614035088,1.0,1.0,0.9719298245614036,10,2,16
4,NOR,McLaren,6,8,2023,Las Vegas Grand Prix,21,1,4.6875,12.40625,4.0,4.333333333333333,,,0.8245614035087719,1.0,1.0,0.9298245614035088,12,5,16
22,TSU,RB,7,6,2023,Las Vegas Grand Prix,21,3,12.8125,1.0625,14.0,13.666666666666666,,,0.3333333333333335,1.0,1.0,0.7333333333333334,21,7,16
81,PIA,McLaren,8,4,2023,Las Vegas Grand Prix,21,8,5.0625,12.40625,5.0,5.0,,,0.7894736842105263,1.0,1.0,0.9157894736842105,15,5,16
30,LAW,RB,9,2,2023,Las Vegas Grand Prix,21,5,11.333333333333334,1.0625,9.0,11.333333333333334,,,0.45614035087719307,1.0,1.0,0.7824561403508772,9,7,16
44,HAM,Mercedes,10,1,2023,Las Vegas Grand Prix,21,16,7.375,8.71875,20.0,11.666666666666666,,,0.4385964912280702,1.0,1.0,0.775438596491228,7,6,16
11,PER,Red Bull Racing,11,0,2023,Las Vegas Grand Prix,21,13,7.0625,11.875,7.0,8.666666666666666,,,0.5964912280701755,1.0,1.0,0.8385964912280701,14,8,16
50,BEA,Haas F1 Team,12,0,2023,Las Vegas Grand Prix,21,17,9.5,0.8125,7.0,9.666666666666666,,,0.5438596491228072,1.0,1.0,0.8175438596491229,2,3,16
77,BOT,Kick Sauber,13,0,2023,Las Vegas Grand Prix,21,11,16.4375,0.0,17.0,15.333333333333334,,,0.2456140350877194,1.0,1.0,0.6982456140350877,3,4,16
14,ALO,Aston Martin,14,0,2023,Las Vegas Grand Prix,21,9,11.0,1.3125,13.0,12.666666666666666,,,0.38596491228070184,1.0,1.0,0.7543859649122807,1,1,16
24,ZHO,Kick Sauber,15,0,2023,Las Vegas Grand Prix,21,20,16.0,0.0,19.0,17.333333333333332,,,0.14035087719298267,1.0,1.0,0.656140350877193,23,4,16
55,SAI,Ferrari,16,0,2023,Las Vegas Grand Prix,21,14,4.866666666666666,13.21875,2.0,7.333333333333333,,,0.6666666666666667,1.0,1.0,0.8666666666666667,18,2,16
43,COL,Williams,17,0,2023,Las Vegas Grand Prix,21,18,13.25,0.16129032258064516,10.0,13.0,,,0.368421052631579,1.0,1.0,0.7473684210526316,4,9,16
23,ALB,Williams,18,0,2023,Las Vegas Grand Prix,21,7,14.4375,0.16129032258064516,16.0,14.333333333333334,,,0.29824561403508776,1.0,1.0,0.7192982456140351,0,9,16
18,STR,Aston Martin,19,0,2023,Las Vegas Grand Prix,21,10,13.6875,1.3125,15.0,17.666666666666668,,,0.12280701754385959,1.0,1.0,0.6491228070175439,20,1,16
27,HUL,Haas F1 Team,20,0,2023,Las Vegas Grand Prix,21,19,12.375,0.8125,8.0,15.0,,,0.26315789473684204,1.0,1.0,0.7052631578947368,8,3,16
63,RUS,Mercedes,1,25,2023,Abu Dhabi Grand Prix,22,1,7.0,8.71875,4.0,3.6666666666666665,1.6666666666666667,2.3333333333333335,0.8596491228070176,0.9166666666666666,0.8833333333333333,0.883859649122807,17,6,1
44,HAM,Mercedes,2,18,2023,Abu Dhabi Grand Prix,22,10,7.375,8.71875,10.0,10.666666666666666,4.333333333333333,9.0,0.49122807017543857,0.7833333333333333,0.55,0.5964912280701754,7,6,1
55,SAI,Ferrari,3,15,2023,Abu Dhabi Grand Prix,22,2,4.866666666666666,13.21875,16.0,7.0,8.0,2.3333333333333335,0.6842105263157895,0.6,0.8833333333333333,0.7186842105263158,18,2,1
16,LEC,Ferrari,4,12,2023,Abu Dhabi Grand Prix,22,4,3.5625,13.21875,5.0,3.3333333333333335,3.3333333333333335,3.0,0.8771929824561404,0.8333333333333333,0.85,0.8558771929824561,10,2,1
1,VER,Red Bull Racing,5,10,2023,Abu Dhabi Grand Prix,22,5,3.9375,11.875,1.0,3.0,5.0,5.333333333333333,0.8947368421052632,0.75,0.7333333333333334,0.8028947368421052,22,8,1
4,NOR,McLaren,6,9,2023,Abu Dhabi Grand Prix,22,6,4.6875,12.40625,6.0,5.333333333333333,5.333333333333333,9.333333333333334,0.7719298245614035,0.7333333333333334,0.5333333333333332,0.6887719298245614,12,5,1
81,PIA,McLaren,7,6,2023,Abu Dhabi Grand Prix,22,8,5.0625,12.40625,8.0,6.666666666666667,5.0,6.0,0.7017543859649122,0.75,0.7,0.7157017543859648,15,5,1
27,HUL,Haas F1 Team,8,4,2023,Abu Dhabi Grand Prix,22,9,12.375,0.8125,20.0,12.0,9.0,10.333333333333334,0.42105263157894735,0.55,0.4833333333333333,0.47842105263157897,8,3,1
22,TSU,RB,9,2,2023,Abu Dhabi Grand Prix,22,7,12.8125,1.0625,7.0,10.0,12.666666666666666,8.666666666666666,0.5263157894736843,0.3666666666666667,0.5666666666666667,0.4905263157894737,21,7,1
11,PER,Red Bull Racing,10,1,2023,Abu Dhabi Grand Prix,22,16,7.0625,11.875,11.0,9.333333333333334,12.333333333333334,12.0,0.5614035087719298,0.3833333333333333,0.3999999999999999,0.45956140350877195,14,8,1
14,ALO,Aston Martin,11,0,2023,Abu Dhabi Grand Prix,22,17,11.0,1.3125,14.0,12.666666666666666,9.333333333333334,14.0,0.38596491228070184,0.5333333333333332,0.29999999999999993,0.4043859649122806,1,1,1
20,MAG,Haas F1 Team,12,0,2023,Abu Dhabi Grand Prix,22,12,13.733333333333333,0.8125,11.0,11.0,12.0,12.0,0.4736842105263157,0.3999999999999999,0.3999999999999999,0.42947368421052623,11,3,1
24,ZHO,Kick Sauber,13,0,2023,Abu Dhabi Grand Prix,22,13,16.0,0.0,15.0,15.666666666666666,13.333333333333334,14.666666666666666,0.22807017543859653,0.33333333333333326,0.2666666666666666,0.27122807017543854,23,4,1
43,COL,Williams,14,0,2023,Abu Dhabi Grand Prix,22,14,13.25,0.16129032258064516,17.0,13.666666666666666,12.0,12.333333333333334,0.3333333333333335,0.3999999999999999,0.3833333333333333,0.36833333333333335,4,9,1
18,STR,Aston Martin,15,0,2023,Abu Dhabi Grand Prix,22,20,13.6875,1.3125,19.0,16.333333333333332,16.333333333333332,18.0,0.19298245614035103,0.18333333333333335,0.09999999999999998,0.16219298245614042,20,1,1
30,LAW,RB,16,0,2023,Abu Dhabi Grand Prix,22,15,11.333333333333334,1.0625,9.0,11.333333333333334,16.0,15.0,0.45614035087719307,0.19999999999999996,0.25,0.3174561403508772,9,7,1
31,OCO,Alpine,17,0,2023,Abu Dhabi Grand Prix,22,11,13.3125,1.34375,2.0,12.333333333333334,16.333333333333332,13.666666666666666,0.4035087719298245,0.18333333333333335,0.31666666666666665,0.3114035087719298,13,0,1
77,BOT,Kick Sauber,18,0,2023,Abu Dhabi Grand Prix,22,19,16.4375,0.0,13.0,16.0,17.333333333333332,18.333333333333332,0.21052631578947367,0.1333333333333333,0.08333333333333337,0.1492105263157895,3,4,1
23,ALB,Williams,19,0,2023,Abu Dhabi Grand Prix,22,18,14.4375,0.16129032258064516,18.0,17.666666666666668,15.0,15.333333333333334,0.12280701754385959,0.25,0.23333333333333328,0.1941228070175438,0,9,1
10,GAS,Alpine,20,0,2023,Abu Dhabi Grand Prix,22,3,13.3125,1.34375,3.0,11.666666666666666,17.333333333333332,7.0,0.4385964912280702,0.1333333333333333,0.6499999999999999,0.41043859649122805,6,0,1
1,VER,Red Bull Racing,1,26,2024,Bahrain Grand Prix,1,1,4.111111111111111,10.527777777777779,5.0,2.3333333333333335,1.25,1.25,0.9298245614035088,0.9375,0.9375,0.9344298245614036,22,8,5
11,PER,Red Bull Racing,2,18,2024,Bahrain Grand Prix,1,5,10.11111111111111,10.527777777777779,10.0,7.666666666666667,3.0,5.0,0.6491228070175439,0.85,0.75,0.7396491228070176,14,8,5
55,SAI,Ferrari,3,15,2024,Bahrain Grand Prix,1,4,5.529411764705882,12.61111111111111,3.0,7.333333333333333,3.5,5.5,0.6666666666666667,0.825,0.725,0.7316666666666667,18,2,5
16,LEC,Ferrari,4,12,2024,Bahrain Grand Prix,1,2,4.611111111111111,12.61111111111111,4.0,4.333333333333333,3.75,3.0,0.8245614035087719,0.8125,0.85,0.8285745614035088,10,2,5
63,RUS,Mercedes,5,10,2024,Bahrain Grand Prix,1,3,7.388888888888889,9.472222222222221,1.0,3.3333333333333335,5.5,3.25,0.8771929824561404,0.725,0.8375,0.8196271929824561,17,6,5
4,NOR,McLaren,6,8,2024,Bahrain Grand Prix,1,7,3.3333333333333335,13.694444444444445,6.0,6.0,4.75,5.5,0.736842105263158,0.7625,0.725,0.7409868421052632,12,5,5
44,HAM,Mercedes,7,6,2024,Bahrain Grand Prix,1,9,5.888888888888889,9.472222222222221,2.0,6.333333333333333,7.25,9.5,0.7192982456140351,0.6375,0.5249999999999999,0.6364692982456139,7,6,5
81,PIA,McLaren,8,4,2024,Bahrain Grand Prix,1,8,4.666666666666667,13.694444444444445,7.0,7.666666666666667,7.0,6.75,0.6491228070175439,0.6499999999999999,0.6625,0.6533991228070175,15,5,5
14,ALO,Aston Martin,9,2,2024,Bahrain Grand Prix,1,6,9.777777777777779,2.1944444444444446,11.0,11.333333333333334,9.25,6.25,0.45614035087719307,0.5375,0.6875,0.5499561403508773,1,1,5
18,STR,Aston Martin,10,1,2024,Bahrain Grand Prix,1,12,12.444444444444445,2.1944444444444446,15.0,14.666666666666666,10.75,11.0,0.2807017543859649,0.4625,0.44999999999999996,0.3860307017543859,20,1,5
24,ZHO,Kick Sauber,11,0,2024,Bahrain Grand Prix,1,17,15.833333333333334,0.0,13.0,13.0,13.25,17.25,0.368421052631579,0.3374999999999999,0.13749999999999996,0.28986842105263155,23,4,5
20,MAG,Haas F1 Team,12,0,2024,Bahrain Grand Prix,1,15,13.588235294117647,0.8888888888888888,12.0,11.666666666666666,13.5,14.75,0.4385964912280702,0.32499999999999996,0.26249999999999996,0.3516885964912281,11,3,5
3,RIC,RB,13,0,2024,Bahrain Grand Prix,1,14,13.266666666666667,0.6111111111111112,13.0,12.666666666666666,12.75,14.25,0.38596491228070184,0.36249999999999993,0.2875,0.3493859649122807,16,7,5
22,TSU,RB,14,0,2024,Bahrain Grand Prix,1,11,13.444444444444445,0.6111111111111112,9.0,10.0,14.75,11.25,0.5263157894736843,0.26249999999999996,0.4375,0.42052631578947375,21,7,5
23,ALB,Williams,15,0,2024,Bahrain Grand Prix,1,13,14.166666666666666,0.45714285714285713,19.0,17.333333333333332,14.75,12.25,0.14035087719298267,0.26249999999999996,0.38749999999999996,0.25114035087719305,0,9,5
27,HUL,Haas F1 Team,16,0,2024,Bahrain Grand Prix,1,10,11.555555555555555,0.8888888888888888,8.0,14.666666666666666,14.75,10.75,0.2807017543859649,0.26249999999999996,0.4625,0.329780701754386,8,3,5
31,OCO,Alpine,17,0,2024,Bahrain Grand Prix,1,19,14.235294117647058,0.5,17.0,12.0,16.5,18.25,0.42105263157894735,0.17499999999999993,0.08749999999999991,0.24717105263157887,13,0,5
10,GAS,Alpine,18,0,2024,Bahrain Grand Prix,1,20,14.11111111111111,0.5,20.0,13.666666666666666,15.75,17.25,0.3333333333333335,0.2124999999999999,0.13749999999999996,0.23833333333333334,6,0,5
77,BOT,Kick Sauber,19,0,2024,Bahrain Grand Prix,1,16,15.944444444444445,0.0,18.0,16.666666666666668,19.0,16.25,0.17543859649122795,0.04999999999999993,0.1875,0.14142543859649115,3,4,5
2,SAR,Williams,20,0,2024,Bahrain Grand Prix,1,18,16.727272727272727,0.45714285714285713,16.0,17.666666666666668,19.0,18.5,0.12280701754385959,0.04999999999999993,0.07499999999999996,0.0866228070175438,19,9,5
1,VER,Red Bull Racing,1,25,2024,Saudi Arabian Grand Prix,2,1,4.111111111111111,10.527777777777779,1.0,2.3333333333333335,1.0,4.666666666666667,0.9298245614035088,0.95,0.7666666666666666,0.8869298245614035,22,8,24
11,PER,Red Bull Racing,2,18,2024,Saudi Arabian Grand Prix,2,3,10.11111111111111,10.527777777777779,2.0,4.666666666666667,5.0,6.333333333333333,0.8070175438596491,0.75,0.6833333333333333,0.7528070175438596,14,8,24
16,LEC,Ferrari,3,16,2024,Saudi Arabian Grand Prix,2,2,4.611111111111111,12.61111111111111,4.0,3.6666666666666665,3.6666666666666665,3.3333333333333335,0.8596491228070176,0.8166666666666667,0.8333333333333333,0.8388596491228071,10,2,24
81,PIA,McLaren,4,12,2024,Saudi Arabian Grand Prix,2,5,4.666666666666667,13.694444444444445,8.0,6.333333333333333,5.333333333333333,6.0,0.7192982456140351,0.7333333333333334,0.7,0.717719298245614,15,5,24
14,ALO,Aston Martin,5,10,2024,Saudi Arabian Grand Prix,2,4,9.777777777777779,2.1944444444444446,9.0,8.333333333333334,8.0,5.666666666666667,0.6140350877192982,0.6,0.7166666666666666,0.6406140350877192,1,1,24
63,RUS,Mercedes,6,8,2024,Saudi Arabian Grand Prix,2,7,7.388888888888889,9.472222222222221,5.0,4.0,5.333333333333333,5.333333333333333,0.8421052631578947,0.7333333333333334,0.7333333333333334,0.7768421052631579,17,6,24
38,BEA,Ferrari,7,6,2024,Saudi Arabian Grand Prix,2,11,8.5,12.61111111111111,12.0,8.666666666666666,8.666666666666666,13.0,0.5964912280701755,0.5666666666666667,0.35,0.5135964912280702,2,2,24
4,NOR,McLaren,8,4,2024,Saudi Arabian Grand Prix,2,6,3.3333333333333335,13.694444444444445,6.0,6.666666666666667,7.333333333333333,4.333333333333333,0.7017543859649122,0.6333333333333333,0.7833333333333333,0.7057017543859648,12,5,24
44,HAM,Mercedes,9,2,2024,Saudi Arabian Grand Prix,2,8,5.888888888888889,9.472222222222221,7.0,6.0,9.333333333333334,10.666666666666666,0.736842105263158,0.5333333333333332,0.4666666666666667,0.5947368421052631,7,6,24
27,HUL,Haas F1 Team,10,1,2024,Saudi Arabian Grand Prix,2,15,11.555555555555555,0.8888888888888888,16.0,11.333333333333334,13.333333333333334,16.333333333333332,0.45614035087719307,0.33333333333333326,0.18333333333333335,0.3374561403508772,8,3,24
23,ALB,Williams,11,0,2024,Saudi Arabian Grand Prix,2,12,14.166666666666666,0.45714285714285713,15.0,15.0,13.333333333333334,10.333333333333334,0.26315789473684204,0.33333333333333326,0.4833333333333333,0.35026315789473683,0,9,24
20,MAG,Haas F1 Team,12,0,2024,Saudi Arabian Grand Prix,2,13,13.588235294117647,0.8888888888888888,12.0,12.0,12.0,13.0,0.42105263157894735,0.3999999999999999,0.35,0.3934210526315789,11,3,24
31,OCO,Alpine,13,0,2024,Saudi Arabian Grand Prix,2,17,14.235294117647058,0.5,17.0,15.666666666666666,9.333333333333334,12.666666666666666,0.22807017543859653,0.5333333333333332,0.3666666666666667,0.36122807017543856,13,0,24
2,SAR,Williams,14,0,2024,Saudi Arabian Grand Prix,2,19,16.727272727272727,0.45714285714285713,20.0,16.666666666666668,14.0,19.0,0.17543859649122795,0.29999999999999993,0.04999999999999993,0.17517543859649115,19,9,24
22,TSU,RB,15,0,2024,Saudi Arabian Grand Prix,2,9,13.444444444444445,0.6111111111111112,14.0,12.666666666666666,12.333333333333334,7.0,0.38596491228070184,0.3833333333333333,0.6499999999999999,0.4643859649122807,21,7,24
3,RIC,RB,16,0,2024,Saudi Arabian Grand Prix,2,14,13.266666666666667,0.6111111111111112,13.0,14.0,16.0,14.0,0.3157894736842106,0.19999999999999996,0.29999999999999993,0.2763157894736842,16,7,24
77,BOT,Kick Sauber,17,0,2024,Saudi Arabian Grand Prix,2,16,15.944444444444445,0.0,19.0,18.0,15.666666666666666,14.333333333333334,0.10526315789473695,0.21666666666666667,0.2833333333333332,0.19210526315789475,3,4,24
24,ZHO,Kick Sauber,18,0,2024,Saudi Arabian Grand Prix,2,20,15.833333333333334,0.0,11.0,14.0,17.0,20.0,0.3157894736842106,0.1499999999999999,0.0,0.1713157894736842,23,4,24
18,STR,Aston Martin,19,0,2024,Saudi Arabian Grand Prix,2,10,12.444444444444445,2.1944444444444446,10.0,14.666666666666666,19.0,10.0,0.2807017543859649,0.04999999999999993,0.5,0.2772807017543859,20,1,24
10,GAS,Alpine,20,0,2024,Saudi Arabian Grand Prix,2,18,14.11111111111111,0.5,18.0,19.333333333333332,14.333333333333334,17.0,0.03508771929824572,0.2833333333333332,0.1499999999999999,0.14403508771929824,6,0,24
55,SAI,Ferrari,1,25,2024,Australian Grand Prix,3,2,5.529411764705882,12.61111111111111,3.0,2.3333333333333335,1.0,2.0,0.9298245614035088,0.95,0.9,0.9269298245614035,18,2,2
16,LEC,Ferrari,2,19,2024,Australian Grand Prix,3,5,4.611111111111111,12.61111111111111,3.0,3.0,2.0,5.0,0.8947368421052632,0.9,0.75,0.8528947368421053,10,2,2
4,NOR,McLaren,3,15,2024,Australian Grand Prix,3,4,3.3333333333333335,13.694444444444445,8.0,5.666666666666667,3.0,4.0,0.7543859649122807,0.85,0.8,0.7967543859649123,12,5,2
81,PIA,McLaren,4,12,2024,Australian Grand Prix,3,6,4.666666666666667,13.694444444444445,4.0,5.333333333333333,4.0,6.0,0.7719298245614035,0.8,0.7,0.7587719298245614,15,5,2
11,PER,Red Bull Racing,5,10,2024,Australian Grand Prix,3,3,10.11111111111111,10.527777777777779,2.0,3.0,5.0,3.0,0.8947368421052632,0.75,0.85,0.8378947368421052,14,8,2
18,STR,Aston Martin,6,8,2024,Australian Grand Prix,3,9,12.444444444444445,2.1944444444444446,19.0,11.666666666666666,6.0,9.0,0.4385964912280702,0.7,0.55,0.5504385964912281,20,1,2
22,TSU,RB,7,6,2024,Australian Grand Prix,3,8,13.444444444444445,0.6111111111111112,15.0,12.0,7.0,8.0,0.42105263157894735,0.6499999999999999,0.6,0.5434210526315789,21,7,2
14,ALO,Aston Martin,8,4,2024,Australian Grand Prix,3,10,9.777777777777779,2.1944444444444446,5.0,7.333333333333333,8.0,10.0,0.6666666666666667,0.6,0.5,0.5966666666666667,1,1,2
27,HUL,Haas F1 Team,9,2,2024,Australian Grand Prix,3,16,11.555555555555555,0.8888888888888888,10.0,11.666666666666666,9.0,16.0,0.4385964912280702,0.55,0.19999999999999996,0.4004385964912281,8,3,2
20,MAG,Haas F1 Team,10,1,2024,Australian Grand Prix,3,14,13.588235294117647,0.8888888888888888,12.0,11.333333333333334,10.0,14.0,0.45614035087719307,0.5,0.29999999999999993,0.4224561403508772,11,3,2
23,ALB,Williams,11,0,2024,Australian Grand Prix,3,12,14.166666666666666,0.45714285714285713,11.0,12.333333333333334,11.0,12.0,0.4035087719298245,0.44999999999999996,0.3999999999999999,0.4164035087719298,0,9,2
3,RIC,RB,12,0,2024,Australian Grand Prix,3,18,13.266666666666667,0.6111111111111112,16.0,13.666666666666666,12.0,18.0,0.3333333333333335,0.3999999999999999,0.09999999999999998,0.2833333333333333,16,7,2
10,GAS,Alpine,13,0,2024,Australian Grand Prix,3,17,14.11111111111111,0.5,20.0,17.0,13.0,17.0,0.1578947368421053,0.35,0.1499999999999999,0.2131578947368421,6,0,2
77,BOT,Kick Sauber,14,0,2024,Australian Grand Prix,3,13,15.944444444444445,0.0,17.0,16.666666666666668,14.0,13.0,0.17543859649122795,0.29999999999999993,0.35,0.2651754385964912,3,4,2
24,ZHO,Kick Sauber,15,0,2024,Australian Grand Prix,3,19,15.833333333333334,0.0,18.0,14.666666666666666,15.0,19.0,0.2807017543859649,0.25,0.04999999999999993,0.20228070175438595,23,4,2
31,OCO,Alpine,16,0,2024,Australian Grand Prix,3,15,14.235294117647058,0.5,13.0,15.333333333333334,16.0,15.0,0.2456140350877194,0.19999999999999996,0.25,0.23324561403508776,13,0,2
63,RUS,Mercedes,17,0,2024,Australian Grand Prix,3,7,7.388888888888889,9.472222222222221,6.0,9.333333333333334,17.0,7.0,0.5614035087719298,0.1499999999999999,0.6499999999999999,0.46456140350877184,17,6,2
44,HAM,Mercedes,18,0,2024,Australian Grand Prix,3,11,5.888888888888889,9.472222222222221,9.0,11.333333333333334,18.0,11.0,0.45614035087719307,0.09999999999999998,0.44999999999999996,0.34745614035087724,7,6,2
1,VER,Red Bull Racing,19,0,2024,Australian Grand Prix,3,1,4.111111111111111,10.527777777777779,1.0,7.0,19.0,1.0,0.6842105263157895,0.04999999999999993,0.95,0.5736842105263158,22,8,2
1,VER,Red Bull Racing,1,26,2024,Japanese Grand Prix,4,1,4.111111111111111,10.527777777777779,19.0,7.0,4.0,4.5,0.6842105263157895,0.8,0.775,0.7461842105263157,22,8,15
11,PER,Red Bull Racing,2,18,2024,Japanese Grand Prix,4,2,10.11111111111111,10.527777777777779,5.0,3.0,9.0,10.5,0.8947368421052632,0.55,0.475,0.6653947368421053,14,8,15
55,SAI,Ferrari,3,15,2024,Japanese Grand Prix,4,4,5.529411764705882,12.61111111111111,1.0,2.3333333333333335,5.5,7.5,0.9298245614035088,0.725,0.625,0.7769298245614036,18,2,15
16,LEC,Ferrari,4,12,2024,Japanese Grand Prix,4,8,4.611111111111111,12.61111111111111,2.0,3.0,3.0,6.5,0.8947368421052632,0.85,0.675,0.8153947368421053,10,2,15
4,NOR,McLaren,5,10,2024,Japanese Grand Prix,4,3,3.3333333333333335,13.694444444444445,3.0,5.333333333333333,2.0,1.0,0.7719298245614035,0.9,0.95,0.8637719298245614,12,5,15
14,ALO,Aston Martin,6,8,2024,Japanese Grand Prix,4,5,9.777777777777779,2.1944444444444446,8.0,6.333333333333333,9.5,9.0,0.7192982456140351,0.5249999999999999,0.55,0.610219298245614,1,1,15
63,RUS,Mercedes,7,6,2024,Japanese Grand Prix,4,9,7.388888888888889,9.472222222222221,17.0,10.0,5.5,3.5,0.5263157894736843,0.725,0.825,0.6755263157894736,17,6,15
81,PIA,McLaren,8,4,2024,Japanese Grand Prix,4,6,4.666666666666667,13.694444444444445,4.0,5.333333333333333,2.5,3.5,0.7719298245614035,0.875,0.825,0.8187719298245614,15,5,15
44,HAM,Mercedes,9,2,2024,Japanese Grand Prix,4,7,5.888888888888889,9.472222222222221,18.0,12.0,5.5,4.5,0.42105263157894735,0.725,0.775,0.618421052631579,7,6,15
22,TSU,RB,10,1,2024,Japanese Grand Prix,4,10,13.444444444444445,0.6111111111111112,7.0,10.666666666666666,16.0,12.0,0.49122807017543857,0.19999999999999996,0.3999999999999999,0.37649122807017543,21,7,15
27,HUL,Haas F1 Team,11,0,2024,Japanese Grand Prix,4,12,11.555555555555555,0.8888888888888888,9.0,10.0,13.0,8.0,0.5263157894736843,0.35,0.6,0.4955263157894737,8,3,15
18,STR,Aston Martin,12,0,2024,Japanese Grand Prix,4,16,12.444444444444445,2.1944444444444446,6.0,12.333333333333334,16.5,17.0,0.4035087719298245,0.17499999999999993,0.1499999999999999,0.25890350877192975,20,1,15
20,MAG,Haas F1 Team,13,0,2024,Japanese Grand Prix,4,18,13.588235294117647,0.8888888888888888,10.0,11.666666666666666,14.5,13.5,0.4385964912280702,0.2749999999999999,0.32499999999999996,0.35543859649122805,11,3,15
77,BOT,Kick Sauber,14,0,2024,Japanese Grand Prix,4,13,15.944444444444445,0.0,14.0,15.0,16.0,19.0,0.26315789473684204,0.19999999999999996,0.04999999999999993,0.1802631578947368,3,4,15
31,OCO,Alpine,15,0,2024,Japanese Grand Prix,4,15,14.235294117647058,0.5,16.0,14.666666666666666,13.5,15.0,0.2807017543859649,0.32499999999999996,0.25,0.28478070175438597,13,0,15
10,GAS,Alpine,16,0,2024,Japanese Grand Prix,4,17,14.11111111111111,0.5,13.0,16.333333333333332,16.0,16.0,0.19298245614035103,0.19999999999999996,0.19999999999999996,0.19719298245614042,6,0,15
2,SAR,Williams,17,0,2024,Japanese Grand Prix,4,19,16.727272727272727,0.45714285714285713,14.0,17.0,,,0.1578947368421053,1.0,1.0,0.6631578947368422,19,9,15
24,ZHO,Kick Sauber,18,0,2024,Japanese Grand Prix,4,20,15.833333333333334,0.0,15.0,17.0,16.5,20.0,0.1578947368421053,0.17499999999999993,0.0,0.1156578947368421,23,4,15
3,RIC,RB,19,0,2024,Japanese Grand Prix,4,11,13.266666666666667,0.6111111111111112,12.0,15.666666666666666,15.5,14.0,0.22807017543859653,0.22499999999999998,0.29999999999999993,0.24872807017543858,16,7,15
23,ALB,Williams,20,0,2024,Japanese Grand Prix,4,14,14.166666666666666,0.45714285714285713,11.0,14.0,14.5,10.0,0.3157894736842106,0.2749999999999999,0.5,0.3588157894736842,0,9,15
1,VER,Red Bull Racing,1,25,2024,Emilia Romagna Grand Prix,7,1,4.111111111111111,10.527777777777779,1.0,7.0,3.0,2.0,0.6842105263157895,0.85,0.9,0.7986842105263159,22,8,11
4,NOR,McLaren,2,18,2024,Emilia Romagna Grand Prix,7,3,3.3333333333333335,13.694444444444445,5.0,3.3333333333333335,5.0,3.5,0.8771929824561404,0.75,0.825,0.8233771929824562,12,5,11
16,LEC,Ferrari,3,15,2024,Emilia Romagna Grand Prix,7,4,4.611111111111111,12.61111111111111,4.0,3.0,3.5,4.0,0.8947368421052632,0.825,0.8,0.8453947368421052,10,2,11
81,PIA,McLaren,4,12,2024,Emilia Romagna Grand Prix,7,2,4.666666666666667,13.694444444444445,8.0,5.333333333333333,2.5,3.5,0.7719298245614035,0.875,0.825,0.8187719298245614,15,5,11
55,SAI,Ferrari,5,10,2024,Emilia Romagna Grand Prix,7,5,5.529411764705882,12.61111111111111,3.0,3.0,6.0,4.0,0.8947368421052632,0.7,0.8,0.8078947368421052,18,2,11
44,HAM,Mercedes,6,8,2024,Emilia Romagna Grand Prix,7,8,5.888888888888889,9.472222222222221,9.0,11.0,6.0,6.5,0.4736842105263157,0.7,0.675,0.6019736842105263,7,6,11
63,RUS,Mercedes,7,7,2024,Emilia Romagna Grand Prix,7,6,7.388888888888889,9.472222222222221,7.0,10.333333333333334,7.0,12.0,0.5087719298245614,0.6499999999999999,0.3999999999999999,0.5185087719298246,17,6,11
11,PER,Red Bull Racing,8,4,2024,Emilia Romagna Grand Prix,7,11,10.11111111111111,10.527777777777779,2.0,5.0,4.5,9.5,0.7894736842105263,0.775,0.5249999999999999,0.7057894736842105,14,8,11
18,STR,Aston Martin,9,2,2024,Emilia Romagna Grand Prix,7,13,12.444444444444445,2.1944444444444446,12.0,9.0,14.5,9.0,0.5789473684210527,0.2749999999999999,0.55,0.47907894736842105,20,1,11
22,TSU,RB,10,1,2024,Emilia Romagna Grand Prix,7,7,13.444444444444445,0.6111111111111112,10.0,9.0,12.0,9.5,0.5789473684210527,0.3999999999999999,0.5249999999999999,0.509078947368421,21,7,11
27,HUL,Haas F1 Team,11,0,2024,Emilia Romagna Grand Prix,7,10,11.555555555555555,0.8888888888888888,11.0,10.333333333333334,11.5,13.0,0.5087719298245614,0.42499999999999993,0.35,0.43600877192982457,8,3,11
20,MAG,Haas F1 Team,12,0,2024,Emilia Romagna Grand Prix,7,18,13.588235294117647,0.8888888888888888,13.0,11.666666666666666,13.5,14.0,0.4385964912280702,0.32499999999999996,0.29999999999999993,0.36293859649122806,11,3,11
3,RIC,RB,13,0,2024,Emilia Romagna Grand Prix,7,9,13.266666666666667,0.6111111111111112,19.0,14.666666666666666,14.0,11.5,0.2807017543859649,0.29999999999999993,0.42499999999999993,0.3297807017543859,16,7,11
31,OCO,Alpine,14,0,2024,Emilia Romagna Grand Prix,7,12,14.235294117647058,0.5,15.0,15.0,15.5,18.0,0.26315789473684204,0.22499999999999998,0.09999999999999998,0.2027631578947368,13,0,11
24,ZHO,Kick Sauber,15,0,2024,Emilia Romagna Grand Prix,7,17,15.833333333333334,0.0,18.0,16.0,18.5,19.0,0.21052631578947367,0.07499999999999996,0.04999999999999993,0.12171052631578944,23,4,11
10,GAS,Alpine,16,0,2024,Emilia Romagna Grand Prix,7,15,14.11111111111111,0.5,16.0,15.0,20.0,19.0,0.26315789473684204,0.0,0.04999999999999993,0.1202631578947368,6,0,11
2,SAR,Williams,17,0,2024,Emilia Romagna Grand Prix,7,20,16.727272727272727,0.45714285714285713,17.0,16.0,15.5,16.5,0.21052631578947367,0.22499999999999998,0.17499999999999993,0.20421052631578945,19,9,11
77,BOT,Kick Sauber,18,0,2024,Emilia Romagna Grand Prix,7,16,15.944444444444445,0.0,14.0,15.333333333333334,16.5,14.0,0.2456140350877194,0.17499999999999993,0.29999999999999993,0.2407456140350877,3,4,11
14,ALO,Aston Martin,19,0,2024,Emilia Romagna Grand Prix,7,19,9.777777777777779,2.1944444444444446,6.0,11.0,8.0,5.5,0.4736842105263157,0.6,0.725,0.5869736842105263,1,1,11
23,ALB,Williams,20,0,2024,Emilia Romagna Grand Prix,7,14,14.166666666666666,0.45714285714285713,20.0,17.0,12.5,12.5,0.1578947368421053,0.375,0.375,0.2881578947368421,0,9,11
16,LEC,Ferrari,1,25,2024,Monaco Grand Prix,8,1,4.611111111111111,12.61111111111111,3.0,2.6666666666666665,3.3333333333333335,4.0,0.9122807017543859,0.8333333333333333,0.8,0.8549122807017544,10,2,19
81,PIA,McLaren,2,18,2024,Monaco Grand Prix,8,2,4.666666666666667,13.694444444444445,4.0,4.666666666666667,8.333333333333334,4.333333333333333,0.8070175438596491,0.5833333333333333,0.7833333333333333,0.7328070175438596,15,5,19
55,SAI,Ferrari,3,15,2024,Monaco Grand Prix,8,3,5.529411764705882,12.61111111111111,5.0,3.6666666666666665,5.0,5.0,0.8596491228070176,0.75,0.75,0.793859649122807,18,2,19
4,NOR,McLaren,4,12,2024,Monaco Grand Prix,8,4,3.3333333333333335,13.694444444444445,2.0,3.6666666666666665,1.6666666666666667,4.0,0.8596491228070176,0.9166666666666666,0.8,0.858859649122807,12,5,19
63,RUS,Mercedes,5,10,2024,Monaco Grand Prix,8,5,7.388888888888889,9.472222222222221,7.0,6.333333333333333,7.0,7.0,0.7192982456140351,0.6499999999999999,0.6499999999999999,0.6777192982456139,17,6,19
1,VER,Red Bull Racing,6,8,2024,Monaco Grand Prix,8,6,4.111111111111111,10.527777777777779,1.0,2.6666666666666665,1.3333333333333333,1.0,0.9122807017543859,0.9333333333333333,0.95,0.9299122807017544,22,8,19
44,HAM,Mercedes,7,7,2024,Monaco Grand Prix,8,7,5.888888888888889,9.472222222222221,6.0,7.333333333333333,7.0,11.333333333333334,0.6666666666666667,0.6499999999999999,0.43333333333333324,0.5916666666666667,7,6,19
22,TSU,RB,8,4,2024,Monaco Grand Prix,8,8,13.444444444444445,0.6111111111111112,10.0,9.333333333333334,12.0,12.0,0.5614035087719298,0.3999999999999999,0.3999999999999999,0.46456140350877184,21,7,19
23,ALB,Williams,9,2,2024,Monaco Grand Prix,8,9,14.166666666666666,0.45714285714285713,20.0,16.333333333333332,16.666666666666668,14.0,0.19298245614035103,0.16666666666666652,0.29999999999999993,0.21719298245614038,0,9,19
10,GAS,Alpine,10,1,2024,Monaco Grand Prix,8,10,14.11111111111111,0.5,16.0,14.0,13.666666666666666,14.0,0.3157894736842106,0.31666666666666665,0.29999999999999993,0.3113157894736842,6,0,19
14,ALO,Aston Martin,11,0,2024,Monaco Grand Prix,8,14,9.777777777777779,2.1944444444444446,19.0,12.0,11.666666666666666,12.333333333333334,0.42105263157894735,0.41666666666666663,0.3833333333333333,0.4084210526315789,1,1,19
3,RIC,RB,12,0,2024,Monaco Grand Prix,8,12,13.266666666666667,0.6111111111111112,13.0,14.666666666666666,15.333333333333334,13.0,0.2807017543859649,0.23333333333333328,0.35,0.2872807017543859,16,7,19
77,BOT,Kick Sauber,13,0,2024,Monaco Grand Prix,8,17,15.944444444444445,0.0,18.0,15.0,18.0,14.0,0.26315789473684204,0.09999999999999998,0.29999999999999993,0.22526315789473678,3,4,19
18,STR,Aston Martin,14,0,2024,Monaco Grand Prix,8,13,12.444444444444445,2.1944444444444446,9.0,11.666666666666666,13.666666666666666,11.666666666666666,0.4385964912280702,0.31666666666666665,0.41666666666666663,0.3954385964912281,20,1,19
2,SAR,Williams,15,0,2024,Monaco Grand Prix,8,15,16.727272727272727,0.45714285714285713,17.0,16.333333333333332,18.0,19.0,0.19298245614035103,0.09999999999999998,0.04999999999999993,0.12219298245614041,19,9,19
24,ZHO,Kick Sauber,16,0,2024,Monaco Grand Prix,8,18,15.833333333333334,0.0,15.0,16.333333333333332,14.333333333333334,17.666666666666668,0.19298245614035103,0.2833333333333332,0.11666666666666659,0.19719298245614036,23,4,19
31,OCO,Alpine,17,0,2024,Monaco Grand Prix,8,11,14.235294117647058,0.5,14.0,15.333333333333334,11.666666666666666,12.666666666666666,0.2456140350877194,0.41666666666666663,0.3666666666666667,0.33324561403508773,13,0,19
11,PER,Red Bull Racing,18,0,2024,Monaco Grand Prix,8,16,10.11111111111111,10.527777777777779,8.0,9.333333333333334,5.0,5.666666666666667,0.5614035087719298,0.75,0.7166666666666666,0.6645614035087719,14,8,19
27,HUL,Haas F1 Team,19,0,2024,Monaco Grand Prix,8,14,11.555555555555555,0.8888888888888888,11.0,13.666666666666666,10.666666666666666,9.333333333333334,0.3333333333333335,0.4666666666666667,0.5333333333333332,0.43333333333333335,8,3,19
20,MAG,Haas F1 Team,20,0,2024,Monaco Grand Prix,8,15,13.588235294117647,0.8888888888888888,12.0,15.0,15.666666666666666,18.0,0.26315789473684204,0.21666666666666667,0.09999999999999998,0.20026315789473684,11,3,19
1,VER,Red Bull Racing,1,25,2024,Canadian Grand Prix,9,2,4.111111111111111,10.527777777777779,6.0,2.6666666666666665,3.5,4.0,0.9122807017543859,0.825,0.8,0.8524122807017543,22,8,8
4,NOR,McLaren,2,18,2024,Canadian Grand Prix,9,3,3.3333333333333335,13.694444444444445,4.0,2.6666666666666665,3.0,3.5,0.9122807017543859,0.85,0.825,0.8674122807017544,12,5,8
63,RUS,Mercedes,3,15,2024,Canadian Grand Prix,9,1,7.388888888888889,9.472222222222221,5.0,5.0,4.0,3.0,0.7894736842105263,0.8,0.85,0.8107894736842106,17,6,8
44,HAM,Mercedes,4,13,2024,Canadian Grand Prix,9,7,5.888888888888889,9.472222222222221,7.0,5.666666666666667,5.5,7.0,0.7543859649122807,0.725,0.6499999999999999,0.7142543859649123,7,6,8
81,PIA,McLaren,5,10,2024,Canadian Grand Prix,9,4,4.666666666666667,13.694444444444445,2.0,3.6666666666666665,3.5,3.0,0.8596491228070176,0.825,0.85,0.846359649122807,15,5,8
14,ALO,Aston Martin,6,8,2024,Canadian Grand Prix,9,6,9.777777777777779,2.1944444444444446,11.0,12.0,8.5,10.0,0.42105263157894735,0.575,0.5,0.4909210526315789,1,1,8
18,STR,Aston Martin,7,6,2024,Canadian Grand Prix,9,9,12.444444444444445,2.1944444444444446,14.0,10.0,10.5,11.0,0.5263157894736843,0.475,0.44999999999999996,0.48802631578947375,20,1,8
3,RIC,RB,8,4,2024,Canadian Grand Prix,9,5,13.266666666666667,0.6111111111111112,12.0,11.0,10.0,8.5,0.4736842105263157,0.5,0.575,0.5119736842105262,16,7,8
10,GAS,Alpine,9,2,2024,Canadian Grand Prix,9,15,14.11111111111111,0.5,10.0,11.666666666666666,9.5,12.5,0.4385964912280702,0.5249999999999999,0.375,0.445438596491228,6,0,8
31,OCO,Alpine,10,1,2024,Canadian Grand Prix,9,18,14.235294117647058,0.5,17.0,13.666666666666666,13.5,14.5,0.3333333333333335,0.32499999999999996,0.2749999999999999,0.31333333333333335,13,0,8
27,HUL,Haas F1 Team,11,0,2024,Canadian Grand Prix,9,19,11.555555555555555,0.8888888888888888,19.0,13.666666666666666,15.0,16.5,0.3333333333333335,0.25,0.17499999999999993,0.26083333333333336,8,3,8
20,MAG,Haas F1 Team,12,0,2024,Canadian Grand Prix,9,14,13.588235294117647,0.8888888888888888,20.0,14.666666666666666,16.0,14.5,0.2807017543859649,0.19999999999999996,0.2749999999999999,0.25478070175438594,11,3,8
77,BOT,Kick Sauber,13,0,2024,Canadian Grand Prix,9,17,15.944444444444445,0.0,13.0,14.666666666666666,13.0,17.0,0.2807017543859649,0.35,0.1499999999999999,0.26228070175438595,3,4,8
22,TSU,RB,14,0,2024,Canadian Grand Prix,9,8,13.444444444444445,0.6111111111111112,8.0,10.666666666666666,11.0,8.0,0.49122807017543857,0.44999999999999996,0.6,0.5114912280701753,21,7,8
24,ZHO,Kick Sauber,15,0,2024,Canadian Grand Prix,9,20,15.833333333333334,0.0,16.0,15.333333333333334,15.5,19.0,0.2456140350877194,0.22499999999999998,0.04999999999999993,0.18074561403508774,23,4,8
55,SAI,Ferrari,16,0,2024,Canadian Grand Prix,9,12,5.529411764705882,12.61111111111111,3.0,8.0,9.5,7.5,0.631578947368421,0.5249999999999999,0.625,0.5976315789473684,18,2,8
23,ALB,Williams,17,0,2024,Canadian Grand Prix,9,10,14.166666666666666,0.45714285714285713,9.0,15.333333333333334,13.0,9.5,0.2456140350877194,0.35,0.5249999999999999,0.36074561403508776,0,9,8
11,PER,Red Bull Racing,18,0,2024,Canadian Grand Prix,9,16,10.11111111111111,10.527777777777779,18.0,14.666666666666666,18.0,16.0,0.2807017543859649,0.09999999999999998,0.19999999999999996,0.20228070175438595,14,8,8
16,LEC,Ferrari,19,0,2024,Canadian Grand Prix,9,11,4.611111111111111,12.61111111111111,1.0,7.666666666666667,10.0,6.0,0.6491228070175439,0.5,0.7,0.6196491228070176,10,2,8
2,SAR,Williams,20,0,2024,Canadian Grand Prix,9,13,16.727272727272727,0.45714285714285713,15.0,17.333333333333332,17.5,14.0,0.14035087719298267,0.125,0.29999999999999993,0.18364035087719305,19,9,8
1,VER,Red Bull Racing,1,25,2024,Spanish Grand Prix,10,2,4.111111111111111,10.527777777777779,1.0,2.6666666666666665,1.5,1.0,0.9122807017543859,0.925,0.95,0.9274122807017544,22,8,26
4,NOR,McLaren,2,19,2024,Spanish Grand Prix,10,1,3.3333333333333335,13.694444444444445,2.0,2.6666666666666665,2.25,4.0,0.9122807017543859,0.8875,0.8,0.8711622807017544,12,5,26
44,HAM,Mercedes,3,15,2024,Spanish Grand Prix,10,3,5.888888888888889,9.472222222222221,4.0,4.666666666666667,6.75,7.75,0.8070175438596491,0.6625,0.6125,0.7053070175438596,7,6,26
63,RUS,Mercedes,4,12,2024,Spanish Grand Prix,10,4,7.388888888888889,9.472222222222221,3.0,4.0,7.5,7.25,0.8421052631578947,0.625,0.6375,0.7155921052631578,17,6,26
16,LEC,Ferrari,5,10,2024,Spanish Grand Prix,10,5,4.611111111111111,12.61111111111111,19.0,8.333333333333334,3.25,4.0,0.6140350877192982,0.8375,0.8,0.7368640350877192,10,2,26
55,SAI,Ferrari,6,8,2024,Spanish Grand Prix,10,6,5.529411764705882,12.61111111111111,16.0,8.333333333333334,4.5,3.75,0.6140350877192982,0.775,0.8125,0.7218640350877192,18,2,26
81,PIA,McLaren,7,6,2024,Spanish Grand Prix,10,10,4.666666666666667,13.694444444444445,5.0,4.666666666666667,9.5,5.0,0.8070175438596491,0.5249999999999999,0.75,0.7053070175438596,15,5,26
11,PER,Red Bull Racing,8,4,2024,Spanish Grand Prix,10,8,10.11111111111111,10.527777777777779,18.0,14.666666666666666,4.5,5.25,0.2807017543859649,0.775,0.7375,0.566030701754386,14,8,26
10,GAS,Alpine,9,2,2024,Spanish Grand Prix,10,7,14.11111111111111,0.5,9.0,9.333333333333334,14.0,14.0,0.5614035087719298,0.29999999999999993,0.29999999999999993,0.4045614035087719,6,0,26
31,OCO,Alpine,10,1,2024,Spanish Grand Prix,10,9,14.235294117647058,0.5,10.0,12.333333333333334,12.25,13.25,0.4035087719298245,0.38749999999999996,0.3374999999999999,0.37890350877192974,13,0,26
27,HUL,Haas F1 Team,11,0,2024,Spanish Grand Prix,10,13,11.555555555555555,0.8888888888888888,11.0,13.666666666666666,11.0,10.0,0.3333333333333335,0.44999999999999996,0.5,0.41833333333333333,8,3,26
14,ALO,Aston Martin,12,0,2024,Spanish Grand Prix,10,11,9.777777777777779,2.1944444444444446,6.0,9.666666666666666,10.75,13.5,0.5438596491228072,0.4625,0.32499999999999996,0.45379385964912283,1,1,26
24,ZHO,Kick Sauber,13,0,2024,Spanish Grand Prix,10,15,15.833333333333334,0.0,15.0,14.666666666666666,15.25,19.25,0.2807017543859649,0.23749999999999993,0.03749999999999998,0.19478070175438594,23,4,26
18,STR,Aston Martin,14,0,2024,Spanish Grand Prix,10,14,12.444444444444445,2.1944444444444446,7.0,11.666666666666666,13.75,12.75,0.4385964912280702,0.3125,0.36249999999999993,0.377938596491228,20,1,26
3,RIC,RB,15,0,2024,Spanish Grand Prix,10,18,13.266666666666667,0.6111111111111112,8.0,11.666666666666666,15.5,14.0,0.4385964912280702,0.22499999999999998,0.29999999999999993,0.33293859649122803,16,7,26
77,BOT,Kick Sauber,16,0,2024,Spanish Grand Prix,10,12,15.944444444444445,0.0,13.0,14.0,16.0,15.25,0.3157894736842106,0.19999999999999996,0.23749999999999993,0.2575657894736842,3,4,26
20,MAG,Haas F1 Team,17,0,2024,Spanish Grand Prix,10,16,13.588235294117647,0.8888888888888888,12.0,16.333333333333332,15.75,18.5,0.19298245614035103,0.2124999999999999,0.07499999999999996,0.1634429824561404,11,3,26
23,ALB,Williams,18,0,2024,Spanish Grand Prix,10,19,14.166666666666666,0.45714285714285713,17.0,14.666666666666666,19.0,14.0,0.2807017543859649,0.04999999999999993,0.29999999999999993,0.2172807017543859,0,9,26
22,TSU,RB,19,0,2024,Spanish Grand Prix,10,17,13.444444444444445,0.6111111111111112,14.0,13.666666666666666,8.5,9.25,0.3333333333333335,0.575,0.5375,0.4670833333333334,21,7,26
2,SAR,Williams,20,0,2024,Spanish Grand Prix,10,20,16.727272727272727,0.45714285714285713,20.0,18.333333333333332,18.5,18.25,0.08771929824561409,0.07499999999999996,0.08749999999999991,0.08383771929824559,19,9,26
44,HAM,Mercedes,1,25,2024,British Grand Prix,12,2,5.888888888888889,9.472222222222221,3.0,2.6666666666666665,5.0,4.333333333333333,0.9122807017543859,0.75,0.7833333333333333,0.8249122807017544,7,6,7
1,VER,Red Bull Racing,2,18,2024,British Grand Prix,12,4,4.111111111111111,10.527777777777779,1.0,1.3333333333333333,1.0,1.6666666666666667,0.9824561403508771,0.95,0.9166666666666666,0.9529824561403508,22,8,7
4,NOR,McLaren,3,15,2024,British Grand Prix,12,3,3.3333333333333335,13.694444444444445,2.0,2.3333333333333335,3.0,1.6666666666666667,0.9298245614035088,0.85,0.9166666666666666,0.9019298245614036,12,5,7
81,PIA,McLaren,4,12,2024,British Grand Prix,12,5,4.666666666666667,13.694444444444445,7.0,5.333333333333333,7.333333333333333,8.666666666666666,0.7719298245614035,0.6333333333333333,0.5666666666666667,0.6687719298245614,15,5,7
55,SAI,Ferrari,5,11,2024,British Grand Prix,12,7,5.529411764705882,12.61111111111111,6.0,9.0,5.0,5.333333333333333,0.5789473684210527,0.75,0.7333333333333334,0.6765789473684211,18,2,7
27,HUL,Haas F1 Team,6,8,2024,British Grand Prix,12,6,11.555555555555555,0.8888888888888888,11.0,9.333333333333334,11.0,12.666666666666666,0.5614035087719298,0.44999999999999996,0.3666666666666667,0.4695614035087719,8,3,7
18,STR,Aston Martin,7,6,2024,British Grand Prix,12,8,12.444444444444445,2.1944444444444446,14.0,9.333333333333334,13.333333333333334,14.666666666666666,0.5614035087719298,0.33333333333333326,0.2666666666666666,0.4045614035087719,20,1,7
14,ALO,Aston Martin,8,4,2024,British Grand Prix,12,10,9.777777777777779,2.1944444444444446,12.0,8.666666666666666,10.0,9.0,0.5964912280701755,0.5,0.55,0.5535964912280702,1,1,7
23,ALB,Williams,9,2,2024,British Grand Prix,12,9,14.166666666666666,0.45714285714285713,18.0,14.666666666666666,18.666666666666668,17.333333333333332,0.2807017543859649,0.06666666666666654,0.1333333333333333,0.17228070175438592,0,9,7
22,TSU,RB,10,1,2024,British Grand Prix,12,13,13.444444444444445,0.6111111111111112,19.0,14.333333333333334,16.0,14.666666666666666,0.29824561403508776,0.19999999999999996,0.2666666666666666,0.2592982456140351,21,7,7
2,SAR,Williams,11,0,2024,British Grand Prix,12,12,16.727272727272727,0.45714285714285713,20.0,17.0,19.0,19.666666666666668,0.1578947368421053,0.04999999999999993,0.016666666666666607,0.08315789473684207,19,9,7
20,MAG,Haas F1 Team,12,0,2024,British Grand Prix,12,17,13.588235294117647,0.8888888888888888,17.0,13.666666666666666,15.666666666666666,16.666666666666668,0.3333333333333335,0.21666666666666667,0.16666666666666652,0.24833333333333335,11,3,7
3,RIC,RB,13,0,2024,British Grand Prix,12,15,13.266666666666667,0.6111111111111112,15.0,12.0,16.333333333333332,15.666666666666666,0.42105263157894735,0.18333333333333335,0.21666666666666667,0.2884210526315789,16,7,7
16,LEC,Ferrari,14,0,2024,British Grand Prix,12,11,4.611111111111111,12.61111111111111,5.0,12.666666666666666,4.666666666666667,6.0,0.38596491228070184,0.7666666666666666,0.7,0.5943859649122807,10,2,7
77,BOT,Kick Sauber,15,0,2024,British Grand Prix,12,16,15.944444444444445,0.0,16.0,14.666666666666666,15.333333333333334,12.333333333333334,0.2807017543859649,0.23333333333333328,0.3833333333333333,0.2972807017543859,3,4,7
31,OCO,Alpine,16,0,2024,British Grand Prix,12,18,14.235294117647058,0.5,10.0,12.0,11.666666666666666,11.0,0.42105263157894735,0.41666666666666663,0.44999999999999996,0.4284210526315789,13,0,7
11,PER,Red Bull Racing,17,0,2024,British Grand Prix,12,19,10.11111111111111,10.527777777777779,8.0,14.333333333333334,6.0,6.0,0.29824561403508776,0.7,0.7,0.539298245614035,14,8,7
24,ZHO,Kick Sauber,18,0,2024,British Grand Prix,12,14,15.833333333333334,0.0,13.0,15.333333333333334,14.666666666666666,16.666666666666668,0.2456140350877194,0.2666666666666666,0.16666666666666652,0.2282456140350877,23,4,7
63,RUS,Mercedes,19,0,2024,British Grand Prix,12,1,7.388888888888889,9.472222222222221,4.0,8.666666666666666,5.0,5.666666666666667,0.5964912280701755,0.75,0.7166666666666666,0.6785964912280702,17,6,7
10,GAS,Alpine,20,0,2024,British Grand Prix,12,20,14.11111111111111,0.5,9.0,12.666666666666666,11.333333333333334,10.333333333333334,0.38596491228070184,0.43333333333333324,0.4833333333333333,0.42938596491228076,6,0,7
81,PIA,McLaren,1,25,2024,Hungarian Grand Prix,13,2,4.666666666666667,13.694444444444445,4.0,4.0,2.25,5.5,0.8421052631578947,0.8875,0.725,0.820592105263158,15,5,13
4,NOR,McLaren,2,18,2024,Hungarian Grand Prix,13,1,3.3333333333333335,13.694444444444445,3.0,2.3333333333333335,11.25,2.25,0.9298245614035088,0.4375,0.8875,0.7694298245614035,12,5,13
44,HAM,Mercedes,3,15,2024,Hungarian Grand Prix,13,5,5.888888888888889,9.472222222222221,1.0,2.3333333333333335,7.25,6.5,0.9298245614035088,0.6375,0.675,0.7656798245614035,7,6,13
16,LEC,Ferrari,4,12,2024,Hungarian Grand Prix,13,6,4.611111111111111,12.61111111111111,14.0,7.666666666666667,7.0,5.75,0.6491228070175439,0.6499999999999999,0.7124999999999999,0.6683991228070175,10,2,13
1,VER,Red Bull Racing,5,10,2024,Hungarian Grand Prix,13,3,4.111111111111111,10.527777777777779,2.0,2.6666666666666665,8.5,1.5,0.9122807017543859,0.575,0.925,0.8149122807017544,22,8,13
55,SAI,Ferrari,6,8,2024,Hungarian Grand Prix,13,4,5.529411764705882,12.61111111111111,5.0,5.666666666666667,3.25,3.5,0.7543859649122807,0.8375,0.825,0.8005043859649122,18,2,13
11,PER,Red Bull Racing,7,6,2024,Hungarian Grand Prix,13,16,10.11111111111111,10.527777777777779,17.0,10.666666666666666,6.5,8.75,0.49122807017543857,0.675,0.5625,0.5677412280701755,14,8,13
63,RUS,Mercedes,8,5,2024,Hungarian Grand Prix,13,17,7.388888888888889,9.472222222222221,19.0,10.333333333333334,6.75,7.5,0.5087719298245614,0.6625,0.625,0.5897587719298245,17,6,13
22,TSU,RB,9,2,2024,Hungarian Grand Prix,13,10,13.444444444444445,0.6111111111111112,10.0,12.666666666666666,11.0,11.5,0.38596491228070184,0.44999999999999996,0.42499999999999993,0.4168859649122807,21,7,13
18,STR,Aston Martin,10,1,2024,Hungarian Grand Prix,13,8,12.444444444444445,2.1944444444444446,7.0,10.333333333333334,10.5,12.75,0.5087719298245614,0.475,0.36249999999999993,0.45475877192982456,20,1,13
14,ALO,Aston Martin,11,0,2024,Hungarian Grand Prix,13,7,9.777777777777779,2.1944444444444446,8.0,10.333333333333334,13.75,11.75,0.5087719298245614,0.3125,0.4125,0.42100877192982455,1,1,13
3,RIC,RB,12,0,2024,Hungarian Grand Prix,13,9,13.266666666666667,0.6111111111111112,13.0,13.333333333333334,10.5,12.25,0.3508771929824561,0.475,0.38749999999999996,0.3991008771929824,16,7,13
27,HUL,Haas F1 Team,13,0,2024,Hungarian Grand Prix,13,11,11.555555555555555,0.8888888888888888,6.0,10.0,8.5,11.25,0.5263157894736843,0.575,0.4375,0.5142763157894737,8,3,13
23,ALB,Williams,14,0,2024,Hungarian Grand Prix,13,13,14.166666666666666,0.45714285714285713,9.0,13.666666666666666,13.75,14.25,0.3333333333333335,0.3125,0.2875,0.31333333333333335,0,9,13
20,MAG,Haas F1 Team,15,0,2024,Hungarian Grand Prix,13,15,13.588235294117647,0.8888888888888888,12.0,14.666666666666666,10.25,13.25,0.2807017543859649,0.48749999999999993,0.3374999999999999,0.35978070175438587,11,3,13
77,BOT,Kick Sauber,16,0,2024,Hungarian Grand Prix,13,12,15.944444444444445,0.0,15.0,15.666666666666666,15.5,15.25,0.22807017543859653,0.22499999999999998,0.23749999999999993,0.2299780701754386,3,4,13
2,SAR,Williams,17,0,2024,Hungarian Grand Prix,13,14,16.727272727272727,0.45714285714285713,11.0,16.0,18.333333333333332,17.333333333333332,0.21052631578947367,0.08333333333333337,0.1333333333333333,0.14921052631578946,19,9,13
31,OCO,Alpine,18,0,2024,Hungarian Grand Prix,13,19,14.235294117647058,0.5,16.0,14.666666666666666,14.5,13.5,0.2807017543859649,0.2749999999999999,0.32499999999999996,0.2922807017543859,13,0,13
24,ZHO,Kick Sauber,19,0,2024,Hungarian Grand Prix,13,18,15.833333333333334,0.0,18.0,16.666666666666668,17.0,19.25,0.17543859649122795,0.1499999999999999,0.03749999999999998,0.12642543859649114,23,4,13
10,GAS,Alpine,20,0,2024,Hungarian Grand Prix,13,20,14.11111111111111,0.5,20.0,16.333333333333332,13.25,15.75,0.19298245614035103,0.3374999999999999,0.2124999999999999,0.24219298245614035,6,0,13
44,HAM,Mercedes,1,25,2024,Belgian Grand Prix,14,4,5.888888888888889,9.472222222222221,3.0,1.6666666666666667,2.6666666666666665,4.666666666666667,0.9649122807017544,0.8666666666666667,0.7666666666666666,0.8759649122807018,7,6,6
81,PIA,McLaren,2,18,2024,Belgian Grand Prix,14,6,4.666666666666667,13.694444444444445,1.0,2.3333333333333335,3.3333333333333335,4.333333333333333,0.9298245614035088,0.8333333333333333,0.7833333333333333,0.8569298245614035,15,5,6
16,LEC,Ferrari,3,15,2024,Belgian Grand Prix,14,2,4.611111111111111,12.61111111111111,4.0,7.0,6.666666666666667,5.666666666666667,0.6842105263157895,0.6666666666666666,0.7166666666666666,0.6886842105263158,10,2,6
1,VER,Red Bull Racing,4,12,2024,Belgian Grand Prix,14,1,4.111111111111111,10.527777777777779,5.0,3.6666666666666665,2.3333333333333335,2.0,0.8596491228070176,0.8833333333333333,0.9,0.878859649122807,22,8,6
4,NOR,McLaren,5,10,2024,Belgian Grand Prix,14,5,3.3333333333333335,13.694444444444445,2.0,3.3333333333333335,3.3333333333333335,3.6666666666666665,0.8771929824561404,0.8333333333333333,0.8166666666666667,0.8458771929824561,12,5,6
55,SAI,Ferrari,6,8,2024,Belgian Grand Prix,14,8,5.529411764705882,12.61111111111111,6.0,5.666666666666667,5.333333333333333,6.666666666666667,0.7543859649122807,0.7333333333333334,0.6666666666666666,0.7217543859649123,18,2,6
11,PER,Red Bull Racing,7,7,2024,Belgian Grand Prix,14,3,10.11111111111111,10.527777777777779,7.0,10.333333333333334,10.666666666666666,11.0,0.5087719298245614,0.4666666666666667,0.44999999999999996,0.47850877192982455,14,8,6
14,ALO,Aston Martin,8,4,2024,Belgian Grand Prix,14,9,9.777777777777779,2.1944444444444446,11.0,9.0,11.666666666666666,12.666666666666666,0.5789473684210527,0.41666666666666663,0.3666666666666667,0.46657894736842104,1,1,6
31,OCO,Alpine,9,2,2024,Belgian Grand Prix,14,10,14.235294117647058,0.5,18.0,14.333333333333334,13.0,13.333333333333334,0.29824561403508776,0.35,0.33333333333333326,0.3242982456140351,13,0,6
3,RIC,RB,10,1,2024,Belgian Grand Prix,14,13,13.266666666666667,0.6111111111111112,12.0,11.666666666666666,12.0,12.333333333333334,0.4385964912280702,0.3999999999999999,0.3833333333333333,0.41043859649122805,16,7,6
18,STR,Aston Martin,11,0,2024,Belgian Grand Prix,14,15,12.444444444444445,2.1944444444444446,10.0,9.333333333333334,9.0,12.0,0.5614035087719298,0.55,0.3999999999999999,0.5095614035087719,20,1,6
23,ALB,Williams,12,0,2024,Belgian Grand Prix,14,11,14.166666666666666,0.45714285714285713,14.0,11.666666666666666,13.666666666666666,11.333333333333334,0.4385964912280702,0.31666666666666665,0.43333333333333324,0.40043859649122804,0,9,6
10,GAS,Alpine,13,0,2024,Belgian Grand Prix,14,12,14.11111111111111,0.5,20.0,17.666666666666668,16.333333333333332,15.666666666666666,0.12280701754385959,0.18333333333333335,0.21666666666666667,0.16912280701754384,6,0,6
20,MAG,Haas F1 Team,14,0,2024,Belgian Grand Prix,14,17,13.588235294117647,0.8888888888888888,15.0,13.666666666666666,12.666666666666666,17.333333333333332,0.3333333333333335,0.3666666666666667,0.1333333333333333,0.2833333333333334,11,3,6
77,BOT,Kick Sauber,15,0,2024,Belgian Grand Prix,14,14,15.944444444444445,0.0,16.0,15.333333333333334,16.0,15.333333333333334,0.2456140350877194,0.19999999999999996,0.23333333333333328,0.22824561403508772,3,4,6
22,TSU,RB,16,0,2024,Belgian Grand Prix,14,18,13.444444444444445,0.6111111111111112,9.0,11.666666666666666,12.0,12.666666666666666,0.4385964912280702,0.3999999999999999,0.3666666666666667,0.40543859649122804,21,7,6
2,SAR,Williams,17,0,2024,Belgian Grand Prix,14,19,16.727272727272727,0.45714285714285713,17.0,15.0,15.0,17.0,0.26315789473684204,0.25,0.1499999999999999,0.22526315789473678,19,9,6
27,HUL,Haas F1 Team,18,0,2024,Belgian Grand Prix,14,16,11.555555555555555,0.8888888888888888,13.0,12.333333333333334,11.666666666666666,10.666666666666666,0.4035087719298245,0.41666666666666663,0.4666666666666667,0.4264035087719298,8,3,6
24,ZHO,Kick Sauber,19,0,2024,Belgian Grand Prix,14,20,15.833333333333334,0.0,19.0,18.666666666666668,17.333333333333332,17.0,0.07017543859649122,0.1333333333333333,0.1499999999999999,0.11307017543859645,23,4,6
63,RUS,Mercedes,20,0,2024,Belgian Grand Prix,14,7,7.388888888888889,9.472222222222221,8.0,15.666666666666666,15.333333333333334,4.666666666666667,0.22807017543859653,0.23333333333333328,0.7666666666666666,0.3912280701754386,17,6,6
4,NOR,McLaren,1,26,2024,Dutch Grand Prix,15,1,3.3333333333333335,13.694444444444445,5.0,2.6666666666666665,1.6666666666666667,1.0,0.9122807017543859,0.9166666666666666,0.95,0.9249122807017542,12,5,9
1,VER,Red Bull Racing,2,18,2024,Dutch Grand Prix,15,2,4.111111111111111,10.527777777777779,4.0,3.6666666666666665,4.0,2.6666666666666665,0.8596491228070176,0.8,0.8666666666666667,0.843859649122807,22,8,9
16,LEC,Ferrari,3,15,2024,Dutch Grand Prix,15,6,4.611111111111111,12.61111111111111,3.0,3.3333333333333335,3.6666666666666665,6.0,0.8771929824561404,0.8166666666666667,0.7,0.8058771929824562,10,2,9
81,PIA,McLaren,4,12,2024,Dutch Grand Prix,15,3,4.666666666666667,13.694444444444445,2.0,2.3333333333333335,2.0,2.3333333333333335,0.9298245614035088,0.9,0.8833333333333333,0.9069298245614035,15,5,9
55,SAI,Ferrari,5,10,2024,Dutch Grand Prix,15,10,5.529411764705882,12.61111111111111,6.0,5.666666666666667,5.666666666666667,6.0,0.7543859649122807,0.7166666666666666,0.7,0.7267543859649123,18,2,9
11,PER,Red Bull Racing,6,8,2024,Dutch Grand Prix,15,5,10.11111111111111,10.527777777777779,7.0,6.666666666666667,6.666666666666667,12.333333333333334,0.7017543859649122,0.6666666666666666,0.3833333333333333,0.5957017543859648,14,8,9
63,RUS,Mercedes,7,6,2024,Dutch Grand Prix,15,4,7.388888888888889,9.472222222222221,20.0,11.666666666666666,7.666666666666667,12.666666666666666,0.4385964912280702,0.6166666666666667,0.3666666666666667,0.4704385964912281,17,6,9
44,HAM,Mercedes,8,4,2024,Dutch Grand Prix,15,11,5.888888888888889,9.472222222222221,1.0,4.0,4.666666666666667,7.0,0.8421052631578947,0.7666666666666666,0.6499999999999999,0.7618421052631578,7,6,9
10,GAS,Alpine,9,2,2024,Dutch Grand Prix,15,9,14.11111111111111,0.5,13.0,14.0,16.333333333333332,16.333333333333332,0.3157894736842106,0.18333333333333335,0.18333333333333335,0.23631578947368423,6,0,9
14,ALO,Aston Martin,10,1,2024,Dutch Grand Prix,15,7,9.777777777777779,2.1944444444444446,8.0,9.666666666666666,10.666666666666666,7.0,0.5438596491228072,0.4666666666666667,0.6499999999999999,0.5525438596491228,1,1,9
27,HUL,Haas F1 Team,11,0,2024,Dutch Grand Prix,15,13,11.555555555555555,0.8888888888888888,18.0,14.0,12.333333333333334,11.666666666666666,0.3157894736842106,0.3833333333333333,0.41666666666666663,0.3663157894736842,8,3,9
3,RIC,RB,12,0,2024,Dutch Grand Prix,15,15,13.266666666666667,0.6111111111111112,10.0,11.333333333333334,12.0,11.0,0.45614035087719307,0.3999999999999999,0.44999999999999996,0.4374561403508772,16,7,9
18,STR,Aston Martin,13,0,2024,Dutch Grand Prix,15,8,12.444444444444445,2.1944444444444446,11.0,11.333333333333334,11.0,8.0,0.45614035087719307,0.44999999999999996,0.6,0.4974561403508772,20,1,9
23,ALB,Williams,14,0,2024,Dutch Grand Prix,15,10,14.166666666666666,0.45714285714285713,12.0,13.333333333333334,14.0,12.0,0.3508771929824561,0.29999999999999993,0.3999999999999999,0.3503508771929824,0,9,9
31,OCO,Alpine,15,0,2024,Dutch Grand Prix,15,16,14.235294117647058,0.5,9.0,14.0,17.0,18.0,0.3157894736842106,0.1499999999999999,0.09999999999999998,0.2013157894736842,13,0,9
2,SAR,Williams,16,0,2024,Dutch Grand Prix,15,20,16.727272727272727,0.45714285714285713,17.0,16.666666666666668,16.666666666666668,16.0,0.17543859649122795,0.16666666666666652,0.19999999999999996,0.1801754385964911,19,9,9
22,TSU,RB,17,0,2024,Dutch Grand Prix,15,12,13.444444444444445,0.6111111111111112,16.0,14.0,11.666666666666666,10.666666666666666,0.3157894736842106,0.41666666666666663,0.4666666666666667,0.3913157894736842,21,7,9
20,MAG,Haas F1 Team,18,0,2024,Dutch Grand Prix,15,14,13.588235294117647,0.8888888888888888,14.0,15.666666666666666,16.0,14.666666666666666,0.22807017543859653,0.19999999999999996,0.2666666666666666,0.23122807017543856,11,3,9
77,BOT,Kick Sauber,19,0,2024,Dutch Grand Prix,15,17,15.944444444444445,0.0,15.0,16.666666666666668,17.0,13.666666666666666,0.17543859649122795,0.1499999999999999,0.31666666666666665,0.21017543859649113,3,4,9
24,ZHO,Kick Sauber,20,0,2024,Dutch Grand Prix,15,18,15.833333333333334,0.0,19.0,19.333333333333332,19.333333333333332,18.0,0.03508771929824572,0.033333333333333326,0.09999999999999998,0.054035087719298276,23,4,9
16,LEC,Ferrari,1,25,2024,Italian Grand Prix,16,4,4.611111111111111,12.61111111111111,3.0,2.3333333333333335,1.6666666666666667,2.3333333333333335,0.9298245614035088,0.9166666666666666,0.8833333333333333,0.9119298245614034,10,2,14
81,PIA,McLaren,2,18,2024,Italian Grand Prix,16,2,4.666666666666667,13.694444444444445,4.0,2.6666666666666665,2.0,3.3333333333333335,0.9122807017543859,0.9,0.8333333333333333,0.8849122807017544,15,5,14
4,NOR,McLaren,3,16,2024,Italian Grand Prix,16,1,3.3333333333333335,13.694444444444445,1.0,3.0,4.0,3.3333333333333335,0.8947368421052632,0.8,0.8333333333333333,0.8478947368421053,12,5,14
55,SAI,Ferrari,4,12,2024,Italian Grand Prix,16,5,5.529411764705882,12.61111111111111,5.0,5.0,4.333333333333333,5.333333333333333,0.7894736842105263,0.7833333333333333,0.7333333333333334,0.7707894736842105,18,2,14
44,HAM,Mercedes,5,10,2024,Italian Grand Prix,16,6,5.888888888888889,9.472222222222221,8.0,4.666666666666667,4.333333333333333,5.666666666666667,0.8070175438596491,0.7833333333333333,0.7166666666666666,0.7728070175438596,7,6,14
1,VER,Red Bull Racing,6,8,2024,Italian Grand Prix,16,7,4.111111111111111,10.527777777777779,2.0,4.0,5.333333333333333,4.666666666666667,0.8421052631578947,0.7333333333333334,0.7666666666666666,0.7868421052631579,22,8,14
63,RUS,Mercedes,7,6,2024,Italian Grand Prix,16,3,7.388888888888889,9.472222222222221,7.0,11.333333333333334,10.666666666666666,5.0,0.45614035087719307,0.4666666666666667,0.75,0.5474561403508772,17,6,14
11,PER,Red Bull Racing,8,4,2024,Italian Grand Prix,16,8,10.11111111111111,10.527777777777779,6.0,7.0,11.0,9.0,0.6842105263157895,0.44999999999999996,0.55,0.5736842105263158,14,8,14
23,ALB,Williams,9,2,2024,Italian Grand Prix,16,9,14.166666666666666,0.45714285714285713,14.0,11.666666666666666,10.0,9.666666666666666,0.4385964912280702,0.5,0.5166666666666666,0.48043859649122805,0,9,14
20,MAG,Haas F1 Team,10,1,2024,Italian Grand Prix,16,13,13.588235294117647,0.8888888888888888,18.0,14.0,14.666666666666666,15.0,0.3157894736842106,0.2666666666666666,0.25,0.28131578947368424,11,3,14
14,ALO,Aston Martin,11,0,2024,Italian Grand Prix,16,11,9.777777777777779,2.1944444444444446,10.0,9.666666666666666,10.0,11.333333333333334,0.5438596491228072,0.5,0.43333333333333324,0.49754385964912284,1,1,14
43,COL,Williams,12,0,2024,Italian Grand Prix,16,18,12.666666666666666,0.45714285714285713,14.0,14.333333333333334,12.0,18.0,0.29824561403508776,0.3999999999999999,0.09999999999999998,0.26929824561403504,4,9,14
3,RIC,RB,13,0,2024,Italian Grand Prix,16,12,13.266666666666667,0.6111111111111112,12.0,11.666666666666666,11.666666666666666,12.333333333333334,0.4385964912280702,0.41666666666666663,0.3833333333333333,0.41543859649122805,16,7,14
31,OCO,Alpine,14,0,2024,Italian Grand Prix,16,15,14.235294117647058,0.5,15.0,12.666666666666666,13.333333333333334,12.0,0.38596491228070184,0.33333333333333326,0.3999999999999999,0.3743859649122807,13,0,14
10,GAS,Alpine,15,0,2024,Italian Grand Prix,16,14,14.11111111111111,0.5,9.0,12.333333333333334,12.666666666666666,12.0,0.4035087719298245,0.3666666666666667,0.3999999999999999,0.39140350877192975,6,0,14
77,BOT,Kick Sauber,16,0,2024,Italian Grand Prix,16,19,15.944444444444445,0.0,19.0,16.666666666666668,14.666666666666666,16.666666666666668,0.17543859649122795,0.2666666666666666,0.16666666666666652,0.20017543859649112,3,4,14
27,HUL,Haas F1 Team,17,0,2024,Italian Grand Prix,16,10,11.555555555555555,0.8888888888888888,11.0,15.333333333333334,18.0,13.333333333333334,0.2456140350877194,0.09999999999999998,0.33333333333333326,0.22824561403508772,8,3,14
24,ZHO,Kick Sauber,18,0,2024,Italian Grand Prix,16,20,15.833333333333334,0.0,20.0,19.0,17.666666666666668,19.333333333333332,0.05263157894736836,0.11666666666666659,0.033333333333333326,0.06605263157894732,23,4,14
18,STR,Aston Martin,19,0,2024,Italian Grand Prix,16,17,12.444444444444445,2.1944444444444446,13.0,14.333333333333334,14.666666666666666,15.0,0.29824561403508776,0.2666666666666666,0.25,0.2742982456140351,20,1,14
22,TSU,RB,20,0,2024,Italian Grand Prix,16,16,13.444444444444445,0.6111111111111112,17.0,17.666666666666668,14.666666666666666,14.0,0.12280701754385959,0.2666666666666666,0.29999999999999993,0.21912280701754377,21,7,14
81,PIA,McLaren,1,25,2024,Azerbaijan Grand Prix,17,2,4.666666666666667,13.694444444444445,2.0,2.3333333333333335,7.5,4.0,0.9298245614035088,0.625,0.8,0.7994298245614035,15,5,4
16,LEC,Ferrari,2,18,2024,Azerbaijan Grand Prix,17,1,4.611111111111111,12.61111111111111,1.0,2.0,2.0,1.5,0.9473684210526316,0.9,0.925,0.9264473684210528,10,2,4
63,RUS,Mercedes,3,15,2024,Azerbaijan Grand Prix,17,5,7.388888888888889,9.472222222222221,7.0,5.666666666666667,6.5,6.0,0.7543859649122807,0.675,0.7,0.7142543859649123,17,6,4
4,NOR,McLaren,4,13,2024,Azerbaijan Grand Prix,17,16,3.3333333333333335,13.694444444444445,3.0,2.6666666666666665,2.5,4.5,0.9122807017543859,0.875,0.775,0.8599122807017543,12,5,4
1,VER,Red Bull Racing,5,10,2024,Azerbaijan Grand Prix,17,6,4.111111111111111,10.527777777777779,6.0,4.333333333333333,4.0,3.5,0.8245614035087719,0.8,0.825,0.8173245614035087,22,8,4
14,ALO,Aston Martin,6,8,2024,Azerbaijan Grand Prix,17,8,9.777777777777779,2.1944444444444446,11.0,9.0,10.0,14.5,0.5789473684210527,0.5,0.2749999999999999,0.46407894736842104,1,1,4
23,ALB,Williams,7,6,2024,Azerbaijan Grand Prix,17,10,14.166666666666666,0.45714285714285713,9.0,10.0,13.5,11.5,0.5263157894736843,0.32499999999999996,0.42499999999999993,0.43552631578947365,0,9,4
43,COL,Williams,8,4,2024,Azerbaijan Grand Prix,17,9,12.666666666666666,0.45714285714285713,12.0,11.333333333333334,,,0.45614035087719307,1.0,1.0,0.7824561403508772,4,9,4
44,HAM,Mercedes,9,2,2024,Azerbaijan Grand Prix,17,7,5.888888888888889,9.472222222222221,5.0,7.333333333333333,6.5,7.5,0.6666666666666667,0.675,0.625,0.6566666666666667,7,6,4
50,BEA,Haas F1 Team,10,1,2024,Azerbaijan Grand Prix,17,11,8.5,0.8888888888888888,7.0,9.666666666666666,,,0.5438596491228072,1.0,1.0,0.8175438596491229,2,3,4
27,HUL,Haas F1 Team,11,0,2024,Azerbaijan Grand Prix,17,13,11.555555555555555,0.8888888888888888,17.0,13.0,15.0,11.5,0.368421052631579,0.25,0.42499999999999993,0.3498684210526316,8,3,4
10,GAS,Alpine,12,0,2024,Azerbaijan Grand Prix,17,15,14.11111111111111,0.5,15.0,12.0,11.0,11.0,0.42105263157894735,0.44999999999999996,0.44999999999999996,0.43842105263157893,6,0,4
3,RIC,RB,13,0,2024,Azerbaijan Grand Prix,17,15,13.266666666666667,0.6111111111111112,13.0,12.666666666666666,13.5,15.0,0.38596491228070184,0.32499999999999996,0.25,0.3268859649122807,16,7,4
24,ZHO,Kick Sauber,14,0,2024,Azerbaijan Grand Prix,17,18,15.833333333333334,0.0,18.0,17.333333333333332,15.0,19.0,0.14035087719298267,0.25,0.04999999999999993,0.14614035087719304,23,4,4
31,OCO,Alpine,15,0,2024,Azerbaijan Grand Prix,17,19,14.235294117647058,0.5,14.0,14.666666666666666,13.5,12.0,0.2807017543859649,0.32499999999999996,0.3999999999999999,0.3297807017543859,13,0,4
77,BOT,Kick Sauber,16,0,2024,Azerbaijan Grand Prix,17,17,15.944444444444445,0.0,16.0,17.0,14.5,16.5,0.1578947368421053,0.2749999999999999,0.17499999999999993,0.1981578947368421,3,4,4
11,PER,Red Bull Racing,17,0,2024,Azerbaijan Grand Prix,17,4,10.11111111111111,10.527777777777779,8.0,10.333333333333334,11.0,10.0,0.5087719298245614,0.44999999999999996,0.5,0.48850877192982456,14,8,4
55,SAI,Ferrari,18,0,2024,Azerbaijan Grand Prix,17,3,5.529411764705882,12.61111111111111,4.0,9.0,4.0,3.0,0.5789473684210527,0.8,0.85,0.7265789473684211,18,2,4
18,STR,Aston Martin,19,0,2024,Azerbaijan Grand Prix,17,14,12.444444444444445,2.1944444444444446,19.0,17.0,15.5,12.0,0.1578947368421053,0.22499999999999998,0.3999999999999999,0.2506578947368421,20,1,4
22,TSU,RB,20,0,2024,Azerbaijan Grand Prix,17,12,13.444444444444445,0.6111111111111112,20.0,19.0,7.5,9.0,0.05263157894736836,0.625,0.55,0.37355263157894736,21,7,4
4,NOR,McLaren,1,25,2024,Singapore Grand Prix,18,1,3.3333333333333335,13.694444444444445,4.0,2.6666666666666665,2.5,8.5,0.9122807017543859,0.875,0.575,0.7999122807017544,12,5,25
1,VER,Red Bull Racing,2,18,2024,Singapore Grand Prix,18,2,4.111111111111111,10.527777777777779,5.0,4.333333333333333,3.5,4.0,0.8245614035087719,0.825,0.8,0.8173245614035087,22,8,25
81,PIA,McLaren,3,15,2024,Singapore Grand Prix,18,5,4.666666666666667,13.694444444444445,1.0,2.0,2.5,2.5,0.9473684210526316,0.875,0.875,0.9039473684210526,15,5,25
63,RUS,Mercedes,4,12,2024,Singapore Grand Prix,18,4,7.388888888888889,9.472222222222221,3.0,4.666666666666667,5.0,4.5,0.8070175438596491,0.75,0.775,0.7803070175438596,17,6,25
16,LEC,Ferrari,5,10,2024,Singapore Grand Prix,18,9,4.611111111111111,12.61111111111111,2.0,2.6666666666666665,2.5,3.5,0.9122807017543859,0.875,0.825,0.8749122807017543,10,2,25
44,HAM,Mercedes,6,8,2024,Singapore Grand Prix,18,3,5.888888888888889,9.472222222222221,9.0,6.666666666666667,8.5,9.0,0.7017543859649122,0.575,0.55,0.6182017543859649,7,6,25
55,SAI,Ferrari,7,6,2024,Singapore Grand Prix,18,10,5.529411764705882,12.61111111111111,18.0,9.666666666666666,11.5,6.5,0.5438596491228072,0.42499999999999993,0.675,0.5475438596491229,18,2,25
14,ALO,Aston Martin,8,4,2024,Singapore Grand Prix,18,7,9.777777777777779,2.1944444444444446,6.0,8.333333333333334,8.0,7.5,0.6140350877192982,0.6,0.625,0.6131140350877193,1,1,25
27,HUL,Haas F1 Team,9,2,2024,Singapore Grand Prix,18,6,11.555555555555555,0.8888888888888888,11.0,12.333333333333334,11.0,13.0,0.4035087719298245,0.44999999999999996,0.35,0.40140350877192976,8,3,25
11,PER,Red Bull Racing,10,1,2024,Singapore Grand Prix,18,13,10.11111111111111,10.527777777777779,17.0,11.666666666666666,11.5,4.5,0.4385964912280702,0.42499999999999993,0.775,0.535438596491228,14,8,25
43,COL,Williams,11,0,2024,Singapore Grand Prix,18,12,12.666666666666666,0.45714285714285713,8.0,10.333333333333334,8.0,9.0,0.5087719298245614,0.6,0.55,0.5485087719298246,4,9,25
22,TSU,RB,12,0,2024,Singapore Grand Prix,18,8,13.444444444444445,0.6111111111111112,20.0,17.333333333333332,18.5,12.0,0.14035087719298267,0.07499999999999996,0.3999999999999999,0.19864035087719303,21,7,25
31,OCO,Alpine,13,0,2024,Singapore Grand Prix,18,15,14.235294117647058,0.5,15.0,14.0,15.0,17.5,0.3157894736842106,0.25,0.125,0.23881578947368423,13,0,25
18,STR,Aston Martin,14,0,2024,Singapore Grand Prix,18,17,12.444444444444445,2.1944444444444446,19.0,17.333333333333332,16.0,11.0,0.14035087719298267,0.19999999999999996,0.44999999999999996,0.25114035087719305,20,1,25
24,ZHO,Kick Sauber,15,0,2024,Singapore Grand Prix,18,20,15.833333333333334,0.0,14.0,15.666666666666666,17.0,18.0,0.22807017543859653,0.1499999999999999,0.09999999999999998,0.16622807017543859,23,4,25
77,BOT,Kick Sauber,16,0,2024,Singapore Grand Prix,18,19,15.944444444444445,0.0,16.0,16.0,17.5,17.0,0.21052631578947367,0.125,0.1499999999999999,0.16671052631578942,3,4,25
10,GAS,Alpine,17,0,2024,Singapore Grand Prix,18,18,14.11111111111111,0.5,12.0,14.666666666666666,10.5,12.0,0.2807017543859649,0.475,0.3999999999999999,0.37478070175438594,6,0,25
3,RIC,RB,18,0,2024,Singapore Grand Prix,18,16,13.266666666666667,0.6111111111111112,13.0,14.666666666666666,12.5,15.0,0.2807017543859649,0.375,0.25,0.299780701754386,16,7,25
20,MAG,Haas F1 Team,19,0,2024,Singapore Grand Prix,18,14,13.588235294117647,0.8888888888888888,10.0,15.666666666666666,18.0,14.0,0.22807017543859653,0.09999999999999998,0.29999999999999993,0.2112280701754386,11,3,25
23,ALB,Williams,20,0,2024,Singapore Grand Prix,18,11,14.166666666666666,0.45714285714285713,7.0,12.0,10.5,10.0,0.42105263157894735,0.475,0.5,0.4609210526315789,0,9,25
55,SAI,Ferrari,1,25,2024,Mexico City Grand Prix,20,1,5.529411764705882,12.61111111111111,7.0,8.666666666666666,3.3333333333333335,4.666666666666667,0.5964912280701755,0.8333333333333333,0.7666666666666666,0.7185964912280702,18,2,17
4,NOR,McLaren,2,18,2024,Mexico City Grand Prix,20,3,3.3333333333333335,13.694444444444445,1.0,2.3333333333333335,2.3333333333333335,1.6666666666666667,0.9298245614035088,0.8833333333333333,0.9166666666666666,0.9119298245614034,12,5,17
16,LEC,Ferrari,3,16,2024,Mexico City Grand Prix,20,4,4.611111111111111,12.61111111111111,5.0,3.3333333333333335,3.0,5.666666666666667,0.8771929824561404,0.85,0.7166666666666666,0.8208771929824562,10,2,17
44,HAM,Mercedes,4,12,2024,Mexico City Grand Prix,20,6,5.888888888888889,9.472222222222221,6.0,6.333333333333333,10.0,9.333333333333334,0.7192982456140351,0.5,0.5333333333333332,0.597719298245614,7,6,17
63,RUS,Mercedes,5,10,2024,Mexico City Grand Prix,20,5,7.388888888888889,9.472222222222221,4.0,4.0,5.0,5.0,0.8421052631578947,0.75,0.75,0.7868421052631579,17,6,17
1,VER,Red Bull Racing,6,8,2024,Mexico City Grand Prix,20,2,4.111111111111111,10.527777777777779,2.0,4.333333333333333,3.6666666666666665,2.0,0.8245614035087719,0.8166666666666667,0.9,0.8448245614035088,22,8,17
20,MAG,Haas F1 Team,7,6,2024,Mexico City Grand Prix,20,7,13.588235294117647,0.8888888888888888,19.0,12.0,12.333333333333334,10.0,0.42105263157894735,0.3833333333333333,0.5,0.43342105263157893,11,3,17
81,PIA,McLaren,8,4,2024,Mexico City Grand Prix,20,17,4.666666666666667,13.694444444444445,3.0,4.0,5.333333333333333,9.0,0.8421052631578947,0.7333333333333334,0.55,0.721842105263158,15,5,17
27,HUL,Haas F1 Team,9,2,2024,Mexico City Grand Prix,20,10,11.555555555555555,0.8888888888888888,9.0,9.666666666666666,8.666666666666666,9.333333333333334,0.5438596491228072,0.5666666666666667,0.5333333333333332,0.5475438596491228,8,3,17
10,GAS,Alpine,10,1,2024,Mexico City Grand Prix,20,8,14.11111111111111,0.5,17.0,13.0,13.0,11.0,0.368421052631579,0.35,0.44999999999999996,0.3873684210526316,6,0,17
18,STR,Aston Martin,11,0,2024,Mexico City Grand Prix,20,14,12.444444444444445,2.1944444444444446,14.0,14.666666666666666,13.333333333333334,15.0,0.2807017543859649,0.33333333333333326,0.25,0.28728070175438597,20,1,17
43,COL,Williams,12,0,2024,Mexico City Grand Prix,20,16,12.666666666666666,0.45714285714285713,11.0,10.333333333333334,11.0,15.0,0.5087719298245614,0.44999999999999996,0.25,0.41350877192982455,4,9,17
31,OCO,Alpine,13,0,2024,Mexico City Grand Prix,20,19,14.235294117647058,0.5,13.0,13.666666666666666,14.666666666666666,15.666666666666666,0.3333333333333335,0.2666666666666666,0.21666666666666667,0.2783333333333334,13,0,17
77,BOT,Kick Sauber,14,0,2024,Mexico City Grand Prix,20,15,15.944444444444445,0.0,16.0,15.333333333333334,15.666666666666666,17.333333333333332,0.2456140350877194,0.21666666666666667,0.1333333333333333,0.20324561403508773,3,4,17
24,ZHO,Kick Sauber,15,0,2024,Mexico City Grand Prix,20,20,15.833333333333334,0.0,15.0,14.666666666666666,16.333333333333332,20.0,0.2807017543859649,0.18333333333333335,0.0,0.16728070175438597,23,4,17
30,LAW,RB,16,0,2024,Mexico City Grand Prix,20,12,16.333333333333332,0.6111111111111112,16.0,13.666666666666666,12.5,13.5,0.3333333333333335,0.375,0.32499999999999996,0.3433333333333334,9,7,17
11,PER,Red Bull Racing,17,0,2024,Mexico City Grand Prix,20,18,10.11111111111111,10.527777777777779,10.0,14.666666666666666,11.333333333333334,13.666666666666666,0.2807017543859649,0.43333333333333324,0.31666666666666665,0.3372807017543859,14,8,17
14,ALO,Aston Martin,18,0,2024,Mexico City Grand Prix,20,13,9.777777777777779,2.1944444444444446,8.0,10.666666666666666,13.0,9.333333333333334,0.49122807017543857,0.35,0.5333333333333332,0.4614912280701754,1,1,17
23,ALB,Williams,19,0,2024,Mexico City Grand Prix,20,9,14.166666666666666,0.45714285714285713,20.0,15.333333333333334,18.333333333333332,12.0,0.2456140350877194,0.08333333333333337,0.3999999999999999,0.24324561403508774,0,9,17
22,TSU,RB,20,0,2024,Mexico City Grand Prix,20,11,13.444444444444445,0.6111111111111112,12.0,17.333333333333332,15.333333333333334,10.0,0.14035087719298267,0.23333333333333328,0.5,0.276140350877193,21,7,17
63,RUS,Mercedes,1,25,2024,Las Vegas Grand Prix,22,1,7.388888888888889,9.472222222222221,5.0,3.3333333333333335,4.0,2.0,0.8771929824561404,0.8,0.9,0.8608771929824561,17,6,16
44,HAM,Mercedes,2,18,2024,Las Vegas Grand Prix,22,10,5.888888888888889,9.472222222222221,4.0,4.0,10.0,16.0,0.8421052631578947,0.5,0.19999999999999996,0.5468421052631578,7,6,16
55,SAI,Ferrari,3,15,2024,Las Vegas Grand Prix,22,2,5.529411764705882,12.61111111111111,1.0,3.6666666666666665,16.0,14.0,0.8596491228070176,0.19999999999999996,0.29999999999999993,0.493859649122807,18,2,16
16,LEC,Ferrari,4,12,2024,Las Vegas Grand Prix,22,4,4.611111111111111,12.61111111111111,3.0,4.0,5.0,6.0,0.8421052631578947,0.75,0.7,0.7718421052631579,10,2,16
1,VER,Red Bull Racing,5,10,2024,Las Vegas Grand Prix,22,5,4.111111111111111,10.527777777777779,6.0,4.333333333333333,1.0,12.0,0.8245614035087719,0.95,0.3999999999999999,0.7348245614035088,22,8,16
4,NOR,McLaren,6,9,2024,Las Vegas Grand Prix,22,6,3.3333333333333335,13.694444444444445,2.0,3.0,6.0,1.0,0.8947368421052632,0.7,0.95,0.8528947368421052,12,5,16
81,PIA,McLaren,7,6,2024,Las Vegas Grand Prix,22,8,4.666666666666667,13.694444444444445,8.0,6.0,8.0,8.0,0.736842105263158,0.6,0.6,0.6547368421052632,15,5,16
27,HUL,Haas F1 Team,8,4,2024,Las Vegas Grand Prix,22,9,11.555555555555555,0.8888888888888888,9.0,8.666666666666666,20.0,19.0,0.5964912280701755,0.0,0.04999999999999993,0.2535964912280702,8,3,16
22,TSU,RB,9,2,2024,Las Vegas Grand Prix,22,7,13.444444444444445,0.6111111111111112,20.0,13.666666666666666,7.0,3.0,0.3333333333333335,0.6499999999999999,0.85,0.5833333333333334,21,7,16
11,PER,Red Bull Racing,10,1,2024,Las Vegas Grand Prix,22,16,10.11111111111111,10.527777777777779,17.0,12.333333333333334,11.0,13.0,0.4035087719298245,0.44999999999999996,0.35,0.40140350877192976,14,8,16
14,ALO,Aston Martin,11,0,2024,Las Vegas Grand Prix,22,17,9.777777777777779,2.1944444444444446,18.0,12.333333333333334,14.0,9.0,0.4035087719298245,0.29999999999999993,0.55,0.4164035087719298,1,1,16
20,MAG,Haas F1 Team,12,0,2024,Las Vegas Grand Prix,22,12,13.588235294117647,0.8888888888888888,7.0,12.666666666666666,,,0.38596491228070184,1.0,1.0,0.7543859649122807,11,3,16
24,ZHO,Kick Sauber,13,0,2024,Las Vegas Grand Prix,22,13,15.833333333333334,0.0,15.0,14.333333333333334,15.0,20.0,0.29824561403508776,0.25,0.0,0.1942982456140351,23,4,16
43,COL,Williams,14,0,2024,Las Vegas Grand Prix,22,14,12.666666666666666,0.45714285714285713,12.0,12.333333333333334,17.0,18.0,0.4035087719298245,0.1499999999999999,0.09999999999999998,0.23640350877192975,4,9,16
18,STR,Aston Martin,15,0,2024,Las Vegas Grand Prix,22,20,12.444444444444445,2.1944444444444446,11.0,13.333333333333334,19.0,10.0,0.3508771929824561,0.04999999999999993,0.5,0.30535087719298243,20,1,16
30,LAW,RB,16,0,2024,Las Vegas Grand Prix,22,15,16.333333333333332,0.6111111111111112,16.0,16.0,9.0,5.0,0.21052631578947367,0.55,0.75,0.47421052631578947,9,7,16
31,OCO,Alpine,17,0,2024,Las Vegas Grand Prix,22,11,14.235294117647058,0.5,13.0,14.333333333333334,2.0,4.0,0.29824561403508776,0.9,0.8,0.6292982456140351,13,0,16
77,BOT,Kick Sauber,18,0,2024,Las Vegas Grand Prix,22,19,15.944444444444445,0.0,14.0,16.0,13.0,11.0,0.21052631578947367,0.35,0.44999999999999996,0.32421052631578945,3,4,16
23,ALB,Williams,19,0,2024,Las Vegas Grand Prix,22,18,14.166666666666666,0.45714285714285713,19.0,19.333333333333332,18.0,7.0,0.03508771929824572,0.09999999999999998,0.6499999999999999,0.23903508771929827,0,9,16
10,GAS,Alpine,20,0,2024,Las Vegas Grand Prix,22,3,14.11111111111111,0.5,10.0,15.666666666666666,3.0,15.0,0.22807017543859653,0.85,0.25,0.4212280701754386,6,0,16
4,NOR,McLaren,1,25,2024,Abu Dhabi Grand Prix,24,1,3.3333333333333335,13.694444444444445,6.0,3.0,5.5,8.5,0.8947368421052632,0.725,0.575,0.7478947368421053,12,5,1
55,SAI,Ferrari,2,18,2024,Abu Dhabi Grand Prix,24,3,5.529411764705882,12.61111111111111,3.0,2.0,6.75,2.25,0.9473684210526316,0.6625,0.8875,0.8439473684210527,18,2,1
16,LEC,Ferrari,3,15,2024,Abu Dhabi Grand Prix,24,14,4.611111111111111,12.61111111111111,4.0,3.3333333333333335,3.5,3.25,0.8771929824561404,0.825,0.8375,0.8496271929824561,10,2,1
44,HAM,Mercedes,4,12,2024,Abu Dhabi Grand Prix,24,18,5.888888888888889,9.472222222222221,2.0,3.3333333333333335,3.75,9.25,0.8771929824561404,0.8125,0.5375,0.7558771929824561,7,6,1
63,RUS,Mercedes,5,10,2024,Abu Dhabi Grand Prix,24,7,7.388888888888889,9.472222222222221,1.0,3.6666666666666665,1.5,2.0,0.8596491228070176,0.925,0.9,0.8913596491228071,17,6,1
1,VER,Red Bull Racing,6,8,2024,Abu Dhabi Grand Prix,24,5,4.111111111111111,10.527777777777779,5.0,5.666666666666667,5.0,5.25,0.7543859649122807,0.75,0.7375,0.7480043859649124,22,8,1
10,GAS,Alpine,7,6,2024,Abu Dhabi Grand Prix,24,6,14.11111111111111,0.5,20.0,12.333333333333334,18.0,6.0,0.4035087719298245,0.09999999999999998,0.7,0.40140350877192976,6,0,1
27,HUL,Haas F1 Team,8,4,2024,Abu Dhabi Grand Prix,24,4,11.555555555555555,0.8888888888888888,8.0,8.333333333333334,8.75,10.0,0.6140350877192982,0.5625,0.5,0.5643640350877193,8,3,1
14,ALO,Aston Martin,9,2,2024,Abu Dhabi Grand Prix,24,8,9.777777777777779,2.1944444444444446,11.0,12.666666666666666,9.75,14.75,0.38596491228070184,0.5125,0.26249999999999996,0.38688596491228067,1,1,1
81,PIA,McLaren,10,1,2024,Abu Dhabi Grand Prix,24,2,4.666666666666667,13.694444444444445,7.0,8.333333333333334,5.5,6.5,0.6140350877192982,0.725,0.675,0.6656140350877193,15,5,1
23,ALB,Williams,11,0,2024,Abu Dhabi Grand Prix,24,16,14.166666666666666,0.45714285714285713,19.0,16.333333333333332,16.0,16.0,0.19298245614035103,0.19999999999999996,0.19999999999999996,0.19719298245614042,0,9,1
22,TSU,RB,12,0,2024,Abu Dhabi Grand Prix,24,11,13.444444444444445,0.6111111111111112,9.0,13.666666666666666,11.75,8.25,0.3333333333333335,0.4125,0.5874999999999999,0.43333333333333335,21,7,1
24,ZHO,Kick Sauber,13,0,2024,Abu Dhabi Grand Prix,24,17,15.833333333333334,0.0,13.0,13.666666666666666,13.25,14.25,0.3333333333333335,0.3374999999999999,0.2875,0.32083333333333336,23,4,1
18,STR,Aston Martin,14,0,2024,Abu Dhabi Grand Prix,24,13,12.444444444444445,2.1944444444444446,15.0,13.333333333333334,16.0,18.5,0.3508771929824561,0.19999999999999996,0.07499999999999996,0.22285087719298244,20,1,1
61,DOO,Alpine,15,0,2024,Abu Dhabi Grand Prix,24,20,15.0,0.5,10.0,15.0,,,0.26315789473684204,1.0,1.0,0.7052631578947368,5,0,1
20,MAG,Haas F1 Team,16,0,2024,Abu Dhabi Grand Prix,24,15,13.588235294117647,0.8888888888888888,12.0,11.666666666666666,12.0,12.0,0.4385964912280702,0.3999999999999999,0.3999999999999999,0.41543859649122805,11,3,1
30,LAW,RB,17,0,2024,Abu Dhabi Grand Prix,24,12,16.333333333333332,0.6111111111111112,16.0,16.333333333333332,16.0,15.0,0.19298245614035103,0.19999999999999996,0.25,0.21219298245614043,9,7,1
77,BOT,Kick Sauber,18,0,2024,Abu Dhabi Grand Prix,24,9,15.944444444444445,0.0,18.0,16.666666666666668,17.5,18.5,0.17543859649122795,0.125,0.07499999999999996,0.13017543859649117,3,4,1
43,COL,Williams,19,0,2024,Abu Dhabi Grand Prix,24,19,12.666666666666666,0.45714285714285713,14.0,15.0,12.5,12.75,0.26315789473684204,0.375,0.36249999999999993,0.3265131578947368,4,9,1
11,PER,Red Bull Racing,20,0,2024,Abu Dhabi Grand Prix,24,10,10.11111111111111,10.527777777777779,10.0,15.666666666666666,11.75,13.0,0.22807017543859653,0.4125,0.35,0.3199780701754386,14,8,1
