DriverNumber,Abbreviation,TeamName,Position,Points,Year,GrandPrix,Winner,Second,Third,DriverID,TeamID,GP_ID,AvgFinish_Season,TeamAvgPoints_Season,PrevRaceFinish
1,VER,Red Bull Racing,1,26.0,2020,Austrian Grand Prix,1,0,0,22,8,3,1.0,26.0,10.0
11,PER,Red Bull Racing,2,18.0,2020,Austrian Grand Prix,0,1,0,14,8,3,2.0,22.0,10.0
55,SAI,Ferrari,3,15.0,2020,Austrian Grand Prix,0,0,1,18,2,3,3.0,15.0,10.0
16,LEC,Ferrari,4,12.0,2020,Austrian Grand Prix,0,0,0,10,2,3,4.0,13.5,10.0
63,RUS,Mercedes,5,10.0,2020,Austrian Grand Prix,0,0,0,17,6,3,5.0,10.0,10.0
4,NOR,McLaren,6,8.0,2020,Austrian Grand Prix,0,0,0,12,5,3,6.0,8.0,10.0
44,HAM,Mercedes,7,6.0,2020,Austrian Grand Prix,0,0,0,7,6,3,7.0,8.0,10.0
81,PIA,McLaren,8,4.0,2020,Austrian Grand Prix,0,0,0,15,5,3,8.0,6.0,10.0
14,ALO,Aston Martin,9,2.0,2020,Austrian Grand Prix,0,0,0,1,1,3,9.0,2.0,10.0
18,STR,Aston Martin,10,1.0,2020,Austrian Grand Prix,0,0,0,20,1,3,10.0,1.5,10.0
24,ZHO,Kick Sauber,11,0.0,2020,Austrian Grand Prix,0,0,0,23,4,3,11.0,0.0,10.0
20,MAG,Haas F1 Team,12,0.0,2020,Austrian Grand Prix,0,0,0,11,3,3,12.0,0.0,10.0
3,RIC,RB,13,0.0,2020,Austrian Grand Prix,0,0,0,16,7,3,13.0,0.0,10.0
22,TSU,RB,14,0.0,2020,Austrian Grand Prix,0,0,0,21,7,3,14.0,0.0,10.0
23,ALB,Williams,15,0.0,2020,Austrian Grand Prix,0,0,0,0,9,3,15.0,0.0,10.0
27,HUL,Haas F1 Team,16,0.0,2020,Austrian Grand Prix,0,0,0,8,3,3,16.0,0.0,10.0
31,OCO,Alpine,17,0.0,2020,Austrian Grand Prix,0,0,0,13,0,3,17.0,0.0,10.0
10,GAS,Alpine,18,0.0,2020,Austrian Grand Prix,0,0,0,6,0,3,18.0,0.0,10.0
77,BOT,Kick Sauber,19,0.0,2020,Austrian Grand Prix,0,0,0,3,4,3,19.0,0.0,10.0
2,SAR,Williams,20,0.0,2020,Austrian Grand Prix,0,0,0,19,9,3,20.0,0.0,10.0
1,VER,Red Bull Racing,1,25.0,2020,Styrian Grand Prix,1,0,0,22,8,27,1.0,23.0,1.0
11,PER,Red Bull Racing,2,18.0,2020,Styrian Grand Prix,0,1,0,14,8,27,2.0,21.75,2.0
16,LEC,Ferrari,3,16.0,2020,Styrian Grand Prix,0,0,1,10,2,27,3.5,14.333333333333334,4.0
81,PIA,McLaren,4,12.0,2020,Styrian Grand Prix,0,0,0,15,5,27,6.0,8.0,8.0
14,ALO,Aston Martin,5,10.0,2020,Styrian Grand Prix,0,0,0,1,1,27,7.0,4.333333333333333,9.0
63,RUS,Mercedes,6,8.0,2020,Styrian Grand Prix,0,0,0,17,6,27,5.5,8.0,5.0
38,BEA,Ferrari,7,6.0,2020,Styrian Grand Prix,0,0,0,2,2,27,7.0,12.25,10.0
4,NOR,McLaren,8,4.0,2020,Styrian Grand Prix,0,0,0,12,5,27,7.0,7.0,6.0
44,HAM,Mercedes,9,2.0,2020,Styrian Grand Prix,0,0,0,7,6,27,8.0,6.5,7.0
27,HUL,Haas F1 Team,10,1.0,2020,Styrian Grand Prix,0,0,0,8,3,27,13.0,0.3333333333333333,16.0
23,ALB,Williams,11,0.0,2020,Styrian Grand Prix,0,0,0,0,9,27,13.0,0.0,15.0
20,MAG,Haas F1 Team,12,0.0,2020,Styrian Grand Prix,0,0,0,11,3,27,12.0,0.25,12.0
31,OCO,Alpine,13,0.0,2020,Styrian Grand Prix,0,0,0,13,0,27,15.0,0.0,17.0
2,SAR,Williams,14,0.0,2020,Styrian Grand Prix,0,0,0,19,9,27,17.0,0.0,20.0
22,TSU,RB,15,0.0,2020,Styrian Grand Prix,0,0,0,21,7,27,14.5,0.0,14.0
3,RIC,RB,16,0.0,2020,Styrian Grand Prix,0,0,0,16,7,27,14.5,0.0,13.0
77,BOT,Kick Sauber,17,0.0,2020,Styrian Grand Prix,0,0,0,3,4,27,18.0,0.0,19.0
24,ZHO,Kick Sauber,18,0.0,2020,Styrian Grand Prix,0,0,0,23,4,27,14.5,0.0,11.0
18,STR,Aston Martin,19,0.0,2020,Styrian Grand Prix,0,0,0,20,1,27,14.5,3.25,10.0
10,GAS,Alpine,20,0.0,2020,Styrian Grand Prix,0,0,0,6,0,27,19.0,0.0,18.0
55,SAI,Ferrari,1,25.0,2020,Hungarian Grand Prix,1,0,0,18,2,13,2.0,14.8,3.0
16,LEC,Ferrari,2,19.0,2020,Hungarian Grand Prix,0,1,0,10,2,13,3.0,15.5,3.0
4,NOR,McLaren,3,15.0,2020,Hungarian Grand Prix,0,0,1,12,5,13,5.666666666666667,8.6,8.0
81,PIA,McLaren,4,12.0,2020,Hungarian Grand Prix,0,0,0,15,5,13,5.333333333333333,9.166666666666666,4.0
11,PER,Red Bull Racing,5,10.0,2020,Hungarian Grand Prix,0,0,0,14,8,13,3.0,19.4,2.0
18,STR,Aston Martin,6,8.0,2020,Hungarian Grand Prix,0,0,0,20,1,13,11.666666666666666,4.2,19.0
22,TSU,RB,7,6.0,2020,Hungarian Grand Prix,0,0,0,21,7,13,12.0,1.2,15.0
14,ALO,Aston Martin,8,4.0,2020,Hungarian Grand Prix,0,0,0,1,1,13,7.333333333333333,4.166666666666667,5.0
27,HUL,Haas F1 Team,9,2.0,2020,Hungarian Grand Prix,0,0,0,8,3,13,11.666666666666666,0.6,10.0
20,MAG,Haas F1 Team,10,1.0,2020,Hungarian Grand Prix,0,0,0,11,3,13,11.333333333333334,0.6666666666666666,12.0
23,ALB,Williams,11,0.0,2020,Hungarian Grand Prix,0,0,0,0,9,13,12.333333333333334,0.0,11.0
3,RIC,RB,12,0.0,2020,Hungarian Grand Prix,0,0,0,16,7,13,13.666666666666666,1.0,16.0
10,GAS,Alpine,13,0.0,2020,Hungarian Grand Prix,0,0,0,6,0,13,17.0,0.0,20.0
77,BOT,Kick Sauber,14,0.0,2020,Hungarian Grand Prix,0,0,0,3,4,13,16.666666666666668,0.0,17.0
24,ZHO,Kick Sauber,15,0.0,2020,Hungarian Grand Prix,0,0,0,23,4,13,14.666666666666666,0.0,18.0
31,OCO,Alpine,16,0.0,2020,Hungarian Grand Prix,0,0,0,13,0,13,15.333333333333334,0.0,13.0
63,RUS,Mercedes,17,0.0,2020,Hungarian Grand Prix,0,0,0,17,6,13,9.333333333333334,5.2,6.0
44,HAM,Mercedes,18,0.0,2020,Hungarian Grand Prix,0,0,0,7,6,13,11.333333333333334,4.333333333333333,9.0
1,VER,Red Bull Racing,19,0.0,2020,Hungarian Grand Prix,0,0,0,22,8,13,7.0,16.166666666666668,1.0
1,VER,Red Bull Racing,1,26.0,2020,British Grand Prix,1,0,0,22,8,7,5.5,17.571428571428573,19.0
11,PER,Red Bull Racing,2,18.0,2020,British Grand Prix,0,1,0,14,8,7,2.75,17.625,5.0
55,SAI,Ferrari,3,15.0,2020,British Grand Prix,0,0,1,18,2,7,2.3333333333333335,15.428571428571429,1.0
16,LEC,Ferrari,4,12.0,2020,British Grand Prix,0,0,0,10,2,7,3.25,15.0,2.0
4,NOR,McLaren,5,10.0,2020,British Grand Prix,0,0,0,12,5,7,5.5,9.285714285714286,3.0
14,ALO,Aston Martin,6,8.0,2020,British Grand Prix,0,0,0,1,1,7,7.0,4.714285714285714,8.0
63,RUS,Mercedes,7,6.0,2020,British Grand Prix,0,0,0,17,6,7,8.75,4.571428571428571,17.0
81,PIA,McLaren,8,4.0,2020,British Grand Prix,0,0,0,15,5,7,6.0,8.625,4.0
44,HAM,Mercedes,9,2.0,2020,British Grand Prix,0,0,0,7,6,7,10.75,4.25,18.0
22,TSU,RB,10,1.0,2020,British Grand Prix,0,0,0,21,7,7,11.5,1.0,7.0
27,HUL,Haas F1 Team,11,0.0,2020,British Grand Prix,0,0,0,8,3,7,11.5,0.5714285714285714,9.0
18,STR,Aston Martin,12,0.0,2020,British Grand Prix,0,0,0,20,1,7,11.75,4.125,6.0
20,MAG,Haas F1 Team,13,0.0,2020,British Grand Prix,0,0,0,11,3,7,11.75,0.5,10.0
77,BOT,Kick Sauber,14,0.0,2020,British Grand Prix,0,0,0,3,4,7,16.0,0.0,14.0
31,OCO,Alpine,15,0.0,2020,British Grand Prix,0,0,0,13,0,7,15.25,0.0,16.0
10,GAS,Alpine,16,0.0,2020,British Grand Prix,0,0,0,6,0,7,16.75,0.0,13.0
2,SAR,Williams,17,0.0,2020,British Grand Prix,0,0,0,19,9,7,17.0,0.0,14.0
24,ZHO,Kick Sauber,18,0.0,2020,British Grand Prix,0,0,0,23,4,7,15.5,0.0,15.0
3,RIC,RB,19,0.0,2020,British Grand Prix,0,0,0,16,7,7,15.0,0.875,12.0
23,ALB,Williams,20,0.0,2020,British Grand Prix,0,0,0,0,9,7,14.25,0.0,11.0
1,VER,Red Bull Racing,1,25.0,2020,70th Anniversary Grand Prix,1,0,0,22,8,0,4.6,18.444444444444443,1.0
4,NOR,McLaren,2,18.0,2020,70th Anniversary Grand Prix,0,1,0,12,5,0,4.8,9.666666666666666,5.0
11,PER,Red Bull Racing,3,15.0,2020,70th Anniversary Grand Prix,0,0,1,14,8,0,2.8,18.1,2.0
16,LEC,Ferrari,4,12.0,2020,70th Anniversary Grand Prix,0,0,0,10,2,0,3.4,14.666666666666666,4.0
55,SAI,Ferrari,5,10.0,2020,70th Anniversary Grand Prix,0,0,0,18,2,0,3.0,14.2,3.0
63,RUS,Mercedes,6,8.0,2020,70th Anniversary Grand Prix,0,0,0,17,6,0,8.2,4.666666666666667,7.0
14,ALO,Aston Martin,7,7.0,2020,70th Anniversary Grand Prix,0,0,0,1,1,0,7.0,4.444444444444445,6.0
81,PIA,McLaren,8,4.0,2020,70th Anniversary Grand Prix,0,0,0,15,5,0,6.4,9.1,8.0
44,HAM,Mercedes,9,2.0,2020,70th Anniversary Grand Prix,0,0,0,7,6,0,10.4,4.4,9.0
27,HUL,Haas F1 Team,10,1.0,2020,70th Anniversary Grand Prix,0,0,0,8,3,0,11.2,0.5555555555555556,11.0
31,OCO,Alpine,11,0.0,2020,70th Anniversary Grand Prix,0,0,0,13,0,0,14.4,0.0,15.0
23,ALB,Williams,12,0.0,2020,70th Anniversary Grand Prix,0,0,0,0,9,0,13.8,0.0,20.0
10,GAS,Alpine,13,0.0,2020,70th Anniversary Grand Prix,0,0,0,6,0,0,16.0,0.0,16.0
24,ZHO,Kick Sauber,14,0.0,2020,70th Anniversary Grand Prix,0,0,0,23,4,0,15.2,0.0,18.0
18,STR,Aston Martin,15,0.0,2020,70th Anniversary Grand Prix,0,0,0,20,1,0,12.4,4.0,12.0
20,MAG,Haas F1 Team,16,0.0,2020,70th Anniversary Grand Prix,0,0,0,11,3,0,12.6,0.5,13.0
2,SAR,Williams,17,0.0,2020,70th Anniversary Grand Prix,0,0,0,19,9,0,17.0,0.0,17.0
3,RIC,RB,18,0.0,2020,70th Anniversary Grand Prix,0,0,0,16,7,0,15.6,0.7777777777777778,19.0
22,TSU,RB,19,0.0,2020,70th Anniversary Grand Prix,0,0,0,21,7,0,13.0,0.7,10.0
77,BOT,Kick Sauber,20,0.0,2020,70th Anniversary Grand Prix,0,0,0,3,4,0,16.8,0.0,14.0
4,NOR,McLaren,1,25.0,2020,Spanish Grand Prix,1,0,0,12,5,26,4.166666666666667,10.545454545454545,2.0
1,VER,Red Bull Racing,2,18.0,2020,Spanish Grand Prix,0,1,0,22,8,26,4.166666666666667,18.09090909090909,1.0
16,LEC,Ferrari,3,15.0,2020,Spanish Grand Prix,0,0,1,10,2,26,3.3333333333333335,14.272727272727273,4.0
11,PER,Red Bull Racing,4,12.0,2020,Spanish Grand Prix,0,0,0,14,8,26,3.0,17.583333333333332,3.0
55,SAI,Ferrari,5,10.0,2020,Spanish Grand Prix,0,0,0,18,2,26,3.4,13.916666666666666,5.0
44,HAM,Mercedes,6,8.0,2020,Spanish Grand Prix,0,0,0,7,6,26,9.666666666666666,4.7272727272727275,9.0
22,TSU,RB,7,6.0,2020,Spanish Grand Prix,0,0,0,21,7,26,12.0,1.1818181818181819,19.0
63,RUS,Mercedes,8,4.0,2020,Spanish Grand Prix,0,0,0,17,6,26,8.166666666666666,4.666666666666667,6.0
14,ALO,Aston Martin,9,2.0,2020,Spanish Grand Prix,0,0,0,1,1,26,7.333333333333333,3.8181818181818183,7.0
31,OCO,Alpine,10,1.0,2020,Spanish Grand Prix,0,0,0,13,0,26,13.666666666666666,0.09090909090909091,11.0
27,HUL,Haas F1 Team,11,0.0,2020,Spanish Grand Prix,0,0,0,8,3,26,11.166666666666666,0.45454545454545453,10.0
10,GAS,Alpine,12,0.0,2020,Spanish Grand Prix,0,0,0,6,0,26,15.333333333333334,0.08333333333333333,13.0
81,PIA,McLaren,13,0.0,2020,Spanish Grand Prix,0,0,0,15,5,26,7.5,9.666666666666666,8.0
24,ZHO,Kick Sauber,14,0.0,2020,Spanish Grand Prix,0,0,0,23,4,26,15.0,0.0,14.0
3,RIC,RB,15,0.0,2020,Spanish Grand Prix,0,0,0,16,7,26,15.5,1.0833333333333333,18.0
77,BOT,Kick Sauber,16,0.0,2020,Spanish Grand Prix,0,0,0,3,4,26,16.666666666666668,0.0,20.0
18,STR,Aston Martin,17,0.0,2020,Spanish Grand Prix,0,0,0,20,1,26,13.166666666666666,3.5,15.0
23,ALB,Williams,18,0.0,2020,Spanish Grand Prix,0,0,0,0,9,26,14.5,0.0,12.0
20,MAG,Haas F1 Team,19,0.0,2020,Spanish Grand Prix,0,0,0,11,3,26,13.666666666666666,0.4166666666666667,16.0
2,SAR,Williams,20,0.0,2020,Spanish Grand Prix,0,0,0,19,9,26,17.6,0.0,17.0
1,VER,Red Bull Racing,1,25.0,2020,Belgian Grand Prix,1,0,0,22,8,6,3.7142857142857144,18.153846153846153,2.0
4,NOR,McLaren,2,18.0,2020,Belgian Grand Prix,0,1,0,12,5,6,3.857142857142857,10.307692307692308,1.0
16,LEC,Ferrari,3,15.0,2020,Belgian Grand Prix,0,0,1,10,2,6,3.2857142857142856,14.0,3.0
81,PIA,McLaren,4,12.0,2020,Belgian Grand Prix,0,0,0,15,5,6,7.0,10.428571428571429,13.0
55,SAI,Ferrari,5,10.0,2020,Belgian Grand Prix,0,0,0,18,2,6,3.6666666666666665,13.714285714285714,5.0
44,HAM,Mercedes,6,8.0,2020,Belgian Grand Prix,0,0,0,7,6,6,9.142857142857142,4.923076923076923,6.0
63,RUS,Mercedes,7,7.0,2020,Belgian Grand Prix,0,0,0,17,6,6,8.0,5.071428571428571,8.0
11,PER,Red Bull Racing,8,4.0,2020,Belgian Grand Prix,0,0,0,14,8,6,3.7142857142857144,17.142857142857142,4.0
18,STR,Aston Martin,9,2.0,2020,Belgian Grand Prix,0,0,0,20,1,6,12.571428571428571,3.3846153846153846,17.0
22,TSU,RB,10,1.0,2020,Belgian Grand Prix,0,0,0,21,7,6,11.714285714285714,1.0769230769230769,7.0
27,HUL,Haas F1 Team,11,0.0,2020,Belgian Grand Prix,0,0,0,8,3,6,11.142857142857142,0.38461538461538464,11.0
20,MAG,Haas F1 Team,12,0.0,2020,Belgian Grand Prix,0,0,0,11,3,6,13.428571428571429,0.35714285714285715,19.0
3,RIC,RB,13,0.0,2020,Belgian Grand Prix,0,0,0,16,7,6,15.142857142857142,1.0,15.0
31,OCO,Alpine,14,0.0,2020,Belgian Grand Prix,0,0,0,13,0,6,13.714285714285714,0.07692307692307693,10.0
24,ZHO,Kick Sauber,15,0.0,2020,Belgian Grand Prix,0,0,0,23,4,6,15.0,0.0,14.0
10,GAS,Alpine,16,0.0,2020,Belgian Grand Prix,0,0,0,6,0,6,15.428571428571429,0.07142857142857142,12.0
2,SAR,Williams,17,0.0,2020,Belgian Grand Prix,0,0,0,19,9,6,17.5,0.0,20.0
77,BOT,Kick Sauber,18,0.0,2020,Belgian Grand Prix,0,0,0,3,4,6,16.857142857142858,0.0,16.0
14,ALO,Aston Martin,19,0.0,2020,Belgian Grand Prix,0,0,0,1,1,6,9.0,3.142857142857143,9.0
23,ALB,Williams,20,0.0,2020,Belgian Grand Prix,0,0,0,0,9,6,15.285714285714286,0.0,18.0
16,LEC,Ferrari,1,25.0,2020,Italian Grand Prix,1,0,0,10,2,14,3.0,14.466666666666667,3.0
81,PIA,McLaren,2,18.0,2020,Italian Grand Prix,0,1,0,15,5,14,6.375,10.933333333333334,4.0
55,SAI,Ferrari,3,15.0,2020,Italian Grand Prix,0,0,1,18,2,14,3.5714285714285716,14.5,5.0
4,NOR,McLaren,4,12.0,2020,Italian Grand Prix,0,0,0,12,5,14,3.875,11.0,2.0
63,RUS,Mercedes,5,10.0,2020,Italian Grand Prix,0,0,0,17,6,14,7.625,5.4,7.0
1,VER,Red Bull Racing,6,8.0,2020,Italian Grand Prix,0,0,0,22,8,14,4.0,16.533333333333335,1.0
44,HAM,Mercedes,7,7.0,2020,Italian Grand Prix,0,0,0,7,6,14,8.875,5.5,6.0
22,TSU,RB,8,4.0,2020,Italian Grand Prix,0,0,0,21,7,14,11.25,1.2,10.0
23,ALB,Williams,9,2.0,2020,Italian Grand Prix,0,0,0,0,9,14,14.5,0.14285714285714285,20.0
10,GAS,Alpine,10,1.0,2020,Italian Grand Prix,0,0,0,6,0,14,14.75,0.13333333333333333,16.0
14,ALO,Aston Martin,11,0.0,2020,Italian Grand Prix,0,0,0,1,1,14,9.25,2.933333333333333,19.0
3,RIC,RB,12,0.0,2020,Italian Grand Prix,0,0,0,16,7,14,14.75,1.125,13.0
77,BOT,Kick Sauber,13,0.0,2020,Italian Grand Prix,0,0,0,3,4,14,16.375,0.0,18.0
18,STR,Aston Martin,14,0.0,2020,Italian Grand Prix,0,0,0,20,1,14,12.75,2.75,9.0
2,SAR,Williams,15,0.0,2020,Italian Grand Prix,0,0,0,19,9,14,17.142857142857142,0.13333333333333333,17.0
24,ZHO,Kick Sauber,16,0.0,2020,Italian Grand Prix,0,0,0,23,4,14,15.125,0.0,15.0
31,OCO,Alpine,17,0.0,2020,Italian Grand Prix,0,0,0,13,0,14,14.125,0.125,14.0
11,PER,Red Bull Racing,18,0.0,2020,Italian Grand Prix,0,0,0,14,8,14,5.5,15.5,8.0
27,HUL,Haas F1 Team,19,0.0,2020,Italian Grand Prix,0,0,0,8,3,14,12.125,0.3333333333333333,11.0
20,MAG,Haas F1 Team,20,0.0,2020,Italian Grand Prix,0,0,0,11,3,14,14.25,0.3125,12.0
1,VER,Red Bull Racing,1,25.0,2020,Tuscan Grand Prix,1,0,0,22,8,29,3.6666666666666665,16.058823529411764,6.0
4,NOR,McLaren,2,18.0,2020,Tuscan Grand Prix,0,1,0,12,5,29,3.6666666666666665,11.411764705882353,4.0
63,RUS,Mercedes,3,15.0,2020,Tuscan Grand Prix,0,0,1,17,6,29,7.111111111111111,6.0588235294117645,5.0
44,HAM,Mercedes,4,13.0,2020,Tuscan Grand Prix,0,0,0,7,6,29,8.333333333333334,6.444444444444445,7.0
81,PIA,McLaren,5,10.0,2020,Tuscan Grand Prix,0,0,0,15,5,29,6.222222222222222,11.333333333333334,2.0
14,ALO,Aston Martin,6,8.0,2020,Tuscan Grand Prix,0,0,0,1,1,29,8.88888888888889,3.0588235294117645,11.0
18,STR,Aston Martin,7,6.0,2020,Tuscan Grand Prix,0,0,0,20,1,29,12.11111111111111,3.2222222222222223,14.0
3,RIC,RB,8,4.0,2020,Tuscan Grand Prix,0,0,0,16,7,29,14.0,1.2941176470588236,12.0
10,GAS,Alpine,9,2.0,2020,Tuscan Grand Prix,0,0,0,6,0,29,14.11111111111111,0.23529411764705882,10.0
31,OCO,Alpine,10,1.0,2020,Tuscan Grand Prix,0,0,0,13,0,29,13.666666666666666,0.2777777777777778,17.0
27,HUL,Haas F1 Team,11,0.0,2020,Tuscan Grand Prix,0,0,0,8,3,29,12.0,0.29411764705882354,19.0
20,MAG,Haas F1 Team,12,0.0,2020,Tuscan Grand Prix,0,0,0,11,3,29,14.0,0.2777777777777778,20.0
77,BOT,Kick Sauber,13,0.0,2020,Tuscan Grand Prix,0,0,0,3,4,29,16.0,0.0,13.0
22,TSU,RB,14,0.0,2020,Tuscan Grand Prix,0,0,0,21,7,29,11.555555555555555,1.2222222222222223,8.0
24,ZHO,Kick Sauber,15,0.0,2020,Tuscan Grand Prix,0,0,0,23,4,29,15.11111111111111,0.0,16.0
55,SAI,Ferrari,16,0.0,2020,Tuscan Grand Prix,0,0,0,18,2,29,5.125,13.647058823529411,3.0
23,ALB,Williams,17,0.0,2020,Tuscan Grand Prix,0,0,0,0,9,29,14.777777777777779,0.125,9.0
11,PER,Red Bull Racing,18,0.0,2020,Tuscan Grand Prix,0,0,0,14,8,29,6.888888888888889,15.166666666666666,18.0
16,LEC,Ferrari,19,0.0,2020,Tuscan Grand Prix,0,0,0,10,2,29,4.777777777777778,12.88888888888889,1.0
2,SAR,Williams,20,0.0,2020,Tuscan Grand Prix,0,0,0,19,9,29,17.5,0.11764705882352941,15.0
1,VER,Red Bull Racing,1,25.0,2020,Russian Grand Prix,1,0,0,22,8,22,3.4,15.68421052631579,1.0
4,NOR,McLaren,2,19.0,2020,Russian Grand Prix,0,1,0,12,5,22,3.5,11.736842105263158,2.0
44,HAM,Mercedes,3,15.0,2020,Russian Grand Prix,0,0,1,7,6,22,7.8,6.894736842105263,4.0
63,RUS,Mercedes,4,12.0,2020,Russian Grand Prix,0,0,0,17,6,22,6.8,7.15,3.0
16,LEC,Ferrari,5,10.0,2020,Russian Grand Prix,0,0,0,10,2,22,4.8,12.736842105263158,19.0
55,SAI,Ferrari,6,8.0,2020,Russian Grand Prix,0,0,0,18,2,22,5.222222222222222,12.5,16.0
81,PIA,McLaren,7,6.0,2020,Russian Grand Prix,0,0,0,15,5,22,6.3,11.45,5.0
11,PER,Red Bull Racing,8,4.0,2020,Russian Grand Prix,0,0,0,14,8,22,7.0,15.1,18.0
10,GAS,Alpine,9,2.0,2020,Russian Grand Prix,0,0,0,6,0,22,13.6,0.3684210526315789,9.0
31,OCO,Alpine,10,1.0,2020,Russian Grand Prix,0,0,0,13,0,22,13.3,0.4,10.0
27,HUL,Haas F1 Team,11,0.0,2020,Russian Grand Prix,0,0,0,8,3,22,11.9,0.2631578947368421,11.0
14,ALO,Aston Martin,12,0.0,2020,Russian Grand Prix,0,0,0,1,1,22,9.2,3.0526315789473686,6.0
24,ZHO,Kick Sauber,13,0.0,2020,Russian Grand Prix,0,0,0,23,4,22,14.9,0.0,15.0
18,STR,Aston Martin,14,0.0,2020,Russian Grand Prix,0,0,0,20,1,22,12.3,2.9,7.0
3,RIC,RB,15,0.0,2020,Russian Grand Prix,0,0,0,16,7,22,14.1,1.1578947368421053,8.0
77,BOT,Kick Sauber,16,0.0,2020,Russian Grand Prix,0,0,0,3,4,22,16.0,0.0,13.0
20,MAG,Haas F1 Team,17,0.0,2020,Russian Grand Prix,0,0,0,11,3,22,14.3,0.25,12.0
23,ALB,Williams,18,0.0,2020,Russian Grand Prix,0,0,0,0,9,22,15.1,0.1111111111111111,17.0
22,TSU,RB,19,0.0,2020,Russian Grand Prix,0,0,0,21,7,22,12.3,1.1,14.0
2,SAR,Williams,20,0.0,2020,Russian Grand Prix,0,0,0,19,9,22,17.77777777777778,0.10526315789473684,20.0
63,RUS,Mercedes,1,25.0,2020,Eifel Grand Prix,1,0,0,17,6,10,6.2727272727272725,8.0,4.0
81,PIA,McLaren,2,18.0,2020,Eifel Grand Prix,0,1,0,15,5,10,5.909090909090909,11.761904761904763,7.0
55,SAI,Ferrari,3,15.0,2020,Eifel Grand Prix,0,0,1,18,2,10,5.0,12.619047619047619,6.0
44,HAM,Mercedes,4,12.0,2020,Eifel Grand Prix,0,0,0,7,6,10,7.454545454545454,8.181818181818182,3.0
1,VER,Red Bull Racing,5,10.0,2020,Eifel Grand Prix,0,0,0,22,8,10,3.5454545454545454,14.857142857142858,1.0
27,HUL,Haas F1 Team,6,8.0,2020,Eifel Grand Prix,0,0,0,8,3,10,11.363636363636363,0.6190476190476191,11.0
11,PER,Red Bull Racing,7,6.0,2020,Eifel Grand Prix,0,0,0,14,8,10,7.0,14.454545454545455,8.0
20,MAG,Haas F1 Team,8,4.0,2020,Eifel Grand Prix,0,0,0,11,3,10,13.727272727272727,0.7727272727272727,17.0
3,RIC,RB,9,2.0,2020,Eifel Grand Prix,0,0,0,16,7,10,13.636363636363637,1.1428571428571428,15.0
10,GAS,Alpine,10,1.0,2020,Eifel Grand Prix,0,0,0,6,0,10,13.272727272727273,0.42857142857142855,9.0
16,LEC,Ferrari,11,0.0,2020,Eifel Grand Prix,0,0,0,10,2,10,5.363636363636363,12.045454545454545,5.0
31,OCO,Alpine,12,0.0,2020,Eifel Grand Prix,0,0,0,13,0,10,13.181818181818182,0.4090909090909091,10.0
18,STR,Aston Martin,13,0.0,2020,Eifel Grand Prix,0,0,0,20,1,10,12.363636363636363,2.761904761904762,14.0
22,TSU,RB,14,0.0,2020,Eifel Grand Prix,0,0,0,21,7,10,12.454545454545455,1.0909090909090908,19.0
23,ALB,Williams,15,0.0,2020,Eifel Grand Prix,0,0,0,0,9,10,15.090909090909092,0.1,18.0
77,BOT,Kick Sauber,16,0.0,2020,Eifel Grand Prix,0,0,0,3,4,10,16.0,0.0,16.0
24,ZHO,Kick Sauber,17,0.0,2020,Eifel Grand Prix,0,0,0,23,4,10,15.090909090909092,0.0,13.0
14,ALO,Aston Martin,18,0.0,2020,Eifel Grand Prix,0,0,0,1,1,10,10.0,2.6363636363636362,12.0
2,SAR,Williams,19,0.0,2020,Eifel Grand Prix,0,0,0,19,9,10,17.9,0.09523809523809523,20.0
4,NOR,McLaren,20,0.0,2020,Eifel Grand Prix,0,0,0,12,5,10,5.0,11.227272727272727,2.0
44,HAM,Mercedes,1,25.0,2020,Portuguese Grand Prix,1,0,0,7,6,20,6.916666666666667,8.91304347826087,4.0
1,VER,Red Bull Racing,2,18.0,2020,Portuguese Grand Prix,0,1,0,22,8,20,3.4166666666666665,14.608695652173912,5.0
4,NOR,McLaren,3,15.0,2020,Portuguese Grand Prix,0,0,1,12,5,20,4.833333333333333,11.391304347826088,20.0
81,PIA,McLaren,4,12.0,2020,Portuguese Grand Prix,0,0,0,15,5,20,5.75,11.416666666666666,2.0
55,SAI,Ferrari,5,11.0,2020,Portuguese Grand Prix,0,0,0,18,2,20,5.0,12.0,3.0
27,HUL,Haas F1 Team,6,8.0,2020,Portuguese Grand Prix,0,0,0,8,3,20,10.916666666666666,1.0869565217391304,6.0
18,STR,Aston Martin,7,6.0,2020,Portuguese Grand Prix,0,0,0,20,1,20,11.916666666666666,2.782608695652174,13.0
14,ALO,Aston Martin,8,4.0,2020,Portuguese Grand Prix,0,0,0,1,1,20,9.833333333333334,2.8333333333333335,18.0
23,ALB,Williams,9,2.0,2020,Portuguese Grand Prix,0,0,0,0,9,20,14.583333333333334,0.18181818181818182,15.0
22,TSU,RB,10,1.0,2020,Portuguese Grand Prix,0,0,0,21,7,20,12.25,1.0869565217391304,14.0
2,SAR,Williams,11,0.0,2020,Portuguese Grand Prix,0,0,0,19,9,20,17.272727272727273,0.17391304347826086,19.0
20,MAG,Haas F1 Team,12,0.0,2020,Portuguese Grand Prix,0,0,0,11,3,20,13.583333333333334,1.0416666666666667,8.0
3,RIC,RB,13,0.0,2020,Portuguese Grand Prix,0,0,0,16,7,20,13.583333333333334,1.0416666666666667,9.0
16,LEC,Ferrari,14,0.0,2020,Portuguese Grand Prix,0,0,0,10,2,20,6.083333333333333,11.5,11.0
77,BOT,Kick Sauber,15,0.0,2020,Portuguese Grand Prix,0,0,0,3,4,20,15.916666666666666,0.0,16.0
31,OCO,Alpine,16,0.0,2020,Portuguese Grand Prix,0,0,0,13,0,20,13.416666666666666,0.391304347826087,12.0
11,PER,Red Bull Racing,17,0.0,2020,Portuguese Grand Prix,0,0,0,14,8,20,7.833333333333333,14.0,7.0
24,ZHO,Kick Sauber,18,0.0,2020,Portuguese Grand Prix,0,0,0,23,4,20,15.333333333333334,0.0,17.0
63,RUS,Mercedes,19,0.0,2020,Portuguese Grand Prix,0,0,0,17,6,20,7.333333333333333,8.541666666666666,1.0
10,GAS,Alpine,20,0.0,2020,Portuguese Grand Prix,0,0,0,6,0,20,13.833333333333334,0.375,10.0
81,PIA,McLaren,1,25.0,2020,Emilia Romagna Grand Prix,1,0,0,15,5,11,5.384615384615385,11.96,4.0
4,NOR,McLaren,2,18.0,2020,Emilia Romagna Grand Prix,0,1,0,12,5,11,4.615384615384615,12.192307692307692,3.0
44,HAM,Mercedes,3,15.0,2020,Emilia Romagna Grand Prix,0,0,1,7,6,11,6.615384615384615,8.8,1.0
16,LEC,Ferrari,4,12.0,2020,Emilia Romagna Grand Prix,0,0,0,10,2,11,5.923076923076923,11.52,14.0
1,VER,Red Bull Racing,5,10.0,2020,Emilia Romagna Grand Prix,0,0,0,22,8,11,3.5384615384615383,13.84,2.0
55,SAI,Ferrari,6,8.0,2020,Emilia Romagna Grand Prix,0,0,0,18,2,11,5.083333333333333,11.384615384615385,5.0
11,PER,Red Bull Racing,7,6.0,2020,Emilia Romagna Grand Prix,0,0,0,14,8,11,7.769230769230769,13.538461538461538,17.0
63,RUS,Mercedes,8,5.0,2020,Emilia Romagna Grand Prix,0,0,0,17,6,11,7.384615384615385,8.653846153846153,19.0
22,TSU,RB,9,2.0,2020,Emilia Romagna Grand Prix,0,0,0,21,7,11,12.0,1.08,10.0
18,STR,Aston Martin,10,1.0,2020,Emilia Romagna Grand Prix,0,0,0,20,1,11,11.76923076923077,2.76,7.0
14,ALO,Aston Martin,11,0.0,2020,Emilia Romagna Grand Prix,0,0,0,1,1,11,9.923076923076923,2.6538461538461537,8.0
3,RIC,RB,12,0.0,2020,Emilia Romagna Grand Prix,0,0,0,16,7,11,13.461538461538462,1.0384615384615385,13.0
27,HUL,Haas F1 Team,13,0.0,2020,Emilia Romagna Grand Prix,0,0,0,8,3,11,11.076923076923077,1.0,6.0
23,ALB,Williams,14,0.0,2020,Emilia Romagna Grand Prix,0,0,0,0,9,11,14.538461538461538,0.16666666666666666,9.0
20,MAG,Haas F1 Team,15,0.0,2020,Emilia Romagna Grand Prix,0,0,0,11,3,11,13.692307692307692,0.9615384615384616,12.0
77,BOT,Kick Sauber,16,0.0,2020,Emilia Romagna Grand Prix,0,0,0,3,4,11,15.923076923076923,0.0,15.0
2,SAR,Williams,17,0.0,2020,Emilia Romagna Grand Prix,0,0,0,19,9,11,17.25,0.16,11.0
31,OCO,Alpine,18,0.0,2020,Emilia Romagna Grand Prix,0,0,0,13,0,11,13.76923076923077,0.36,16.0
24,ZHO,Kick Sauber,19,0.0,2020,Emilia Romagna Grand Prix,0,0,0,23,4,11,15.615384615384615,0.0,18.0
10,GAS,Alpine,20,0.0,2020,Emilia Romagna Grand Prix,0,0,0,6,0,11,14.307692307692308,0.34615384615384615,20.0
44,HAM,Mercedes,1,25.0,2020,Turkish Grand Prix,1,0,0,7,6,28,6.214285714285714,9.25925925925926,3.0
81,PIA,McLaren,2,18.0,2020,Turkish Grand Prix,0,1,0,15,5,28,5.142857142857143,12.407407407407407,1.0
16,LEC,Ferrari,3,15.0,2020,Turkish Grand Prix,0,0,1,10,2,28,5.714285714285714,11.518518518518519,4.0
1,VER,Red Bull Racing,4,12.0,2020,Turkish Grand Prix,0,0,0,22,8,28,3.5714285714285716,13.481481481481481,5.0
4,NOR,McLaren,5,10.0,2020,Turkish Grand Prix,0,0,0,12,5,28,4.642857142857143,12.321428571428571,2.0
55,SAI,Ferrari,6,8.0,2020,Turkish Grand Prix,0,0,0,18,2,28,5.153846153846154,11.392857142857142,6.0
11,PER,Red Bull Racing,7,7.0,2020,Turkish Grand Prix,0,0,0,14,8,28,7.714285714285714,13.25,7.0
14,ALO,Aston Martin,8,4.0,2020,Turkish Grand Prix,0,0,0,1,1,28,9.785714285714286,2.7037037037037037,11.0
31,OCO,Alpine,9,2.0,2020,Turkish Grand Prix,0,0,0,13,0,28,13.428571428571429,0.4074074074074074,18.0
3,RIC,RB,10,1.0,2020,Turkish Grand Prix,0,0,0,16,7,28,13.214285714285714,1.037037037037037,12.0
18,STR,Aston Martin,11,0.0,2020,Turkish Grand Prix,0,0,0,20,1,28,11.714285714285714,2.607142857142857,10.0
23,ALB,Williams,12,0.0,2020,Turkish Grand Prix,0,0,0,0,9,28,14.357142857142858,0.15384615384615385,14.0
10,GAS,Alpine,13,0.0,2020,Turkish Grand Prix,0,0,0,6,0,28,14.214285714285714,0.39285714285714285,20.0
20,MAG,Haas F1 Team,14,0.0,2020,Turkish Grand Prix,0,0,0,11,3,28,13.714285714285714,0.9259259259259259,15.0
77,BOT,Kick Sauber,15,0.0,2020,Turkish Grand Prix,0,0,0,3,4,28,15.857142857142858,0.0,16.0
22,TSU,RB,16,0.0,2020,Turkish Grand Prix,0,0,0,21,7,28,12.285714285714286,1.0,9.0
2,SAR,Williams,17,0.0,2020,Turkish Grand Prix,0,0,0,19,9,28,17.23076923076923,0.14814814814814814,17.0
27,HUL,Haas F1 Team,18,0.0,2020,Turkish Grand Prix,0,0,0,8,3,28,11.571428571428571,0.8928571428571429,13.0
24,ZHO,Kick Sauber,19,0.0,2020,Turkish Grand Prix,0,0,0,23,4,28,15.857142857142858,0.0,19.0
63,RUS,Mercedes,20,0.0,2020,Turkish Grand Prix,0,0,0,17,6,28,8.285714285714286,8.928571428571429,8.0
4,NOR,McLaren,1,26.0,2020,Bahrain Grand Prix,1,0,0,12,5,5,4.4,12.793103448275861,5.0
1,VER,Red Bull Racing,2,18.0,2020,Bahrain Grand Prix,0,1,0,22,8,5,3.466666666666667,13.413793103448276,4.0
16,LEC,Ferrari,3,15.0,2020,Bahrain Grand Prix,0,0,1,10,2,5,5.533333333333333,11.517241379310345,3.0
81,PIA,McLaren,4,12.0,2020,Bahrain Grand Prix,0,0,0,15,5,5,5.066666666666666,12.766666666666667,2.0
55,SAI,Ferrari,5,10.0,2020,Bahrain Grand Prix,0,0,0,18,2,5,5.142857142857143,11.466666666666667,6.0
11,PER,Red Bull Racing,6,8.0,2020,Bahrain Grand Prix,0,0,0,14,8,5,7.6,13.233333333333333,7.0
63,RUS,Mercedes,7,6.0,2020,Bahrain Grand Prix,0,0,0,17,6,5,8.2,8.827586206896552,20.0
44,HAM,Mercedes,8,4.0,2020,Bahrain Grand Prix,0,0,0,7,6,5,6.333333333333333,8.666666666666666,1.0
10,GAS,Alpine,9,2.0,2020,Bahrain Grand Prix,0,0,0,6,0,5,13.866666666666667,0.4482758620689655,13.0
14,ALO,Aston Martin,10,1.0,2020,Bahrain Grand Prix,0,0,0,1,1,5,9.8,2.5517241379310347,8.0
27,HUL,Haas F1 Team,11,0.0,2020,Bahrain Grand Prix,0,0,0,8,3,5,11.533333333333333,0.8620689655172413,18.0
3,RIC,RB,12,0.0,2020,Bahrain Grand Prix,0,0,0,16,7,5,13.133333333333333,0.9655172413793104,10.0
18,STR,Aston Martin,13,0.0,2020,Bahrain Grand Prix,0,0,0,20,1,5,11.8,2.466666666666667,11.0
23,ALB,Williams,14,0.0,2020,Bahrain Grand Prix,0,0,0,0,9,5,14.333333333333334,0.14285714285714285,12.0
31,OCO,Alpine,15,0.0,2020,Bahrain Grand Prix,0,0,0,13,0,5,13.533333333333333,0.43333333333333335,9.0
2,SAR,Williams,16,0.0,2020,Bahrain Grand Prix,0,0,0,19,9,5,17.142857142857142,0.13793103448275862,17.0
22,TSU,RB,17,0.0,2020,Bahrain Grand Prix,0,0,0,21,7,5,12.6,0.9333333333333333,16.0
20,MAG,Haas F1 Team,18,0.0,2020,Bahrain Grand Prix,0,0,0,11,3,5,14.0,0.8333333333333334,14.0
77,BOT,Kick Sauber,19,0.0,2020,Bahrain Grand Prix,0,0,0,3,4,5,16.066666666666666,0.0,15.0
24,ZHO,Kick Sauber,20,0.0,2020,Bahrain Grand Prix,0,0,0,23,4,5,16.133333333333333,0.0,19.0
16,LEC,Ferrari,1,25.0,2020,Sakhir Grand Prix,1,0,0,10,2,23,5.25,11.903225806451612,3.0
81,PIA,McLaren,2,18.0,2020,Sakhir Grand Prix,0,1,0,15,5,23,4.875,12.935483870967742,4.0
4,NOR,McLaren,3,16.0,2020,Sakhir Grand Prix,0,0,1,12,5,23,4.3125,13.03125,1.0
55,SAI,Ferrari,4,12.0,2020,Sakhir Grand Prix,0,0,0,18,2,23,5.066666666666666,11.90625,5.0
44,HAM,Mercedes,5,10.0,2020,Sakhir Grand Prix,0,0,0,7,6,23,6.25,8.709677419354838,8.0
1,VER,Red Bull Racing,6,8.0,2020,Sakhir Grand Prix,0,0,0,22,8,23,3.625,13.064516129032258,2.0
63,RUS,Mercedes,7,6.0,2020,Sakhir Grand Prix,0,0,0,17,6,23,8.125,8.625,7.0
11,PER,Red Bull Racing,8,4.0,2020,Sakhir Grand Prix,0,0,0,14,8,23,7.625,12.78125,6.0
23,ALB,Williams,9,2.0,2020,Sakhir Grand Prix,0,0,0,0,9,23,14.0,0.2,14.0
20,MAG,Haas F1 Team,10,1.0,2020,Sakhir Grand Prix,0,0,0,11,3,23,13.75,0.8387096774193549,18.0
14,ALO,Aston Martin,11,0.0,2020,Sakhir Grand Prix,0,0,0,1,1,23,9.875,2.3870967741935485,10.0
43,COL,Williams,12,0.0,2020,Sakhir Grand Prix,0,0,0,4,9,23,12.0,0.1935483870967742,10.0
3,RIC,RB,13,0.0,2020,Sakhir Grand Prix,0,0,0,16,7,23,13.125,0.9032258064516129,12.0
31,OCO,Alpine,14,0.0,2020,Sakhir Grand Prix,0,0,0,13,0,23,13.5625,0.41935483870967744,15.0
10,GAS,Alpine,15,0.0,2020,Sakhir Grand Prix,0,0,0,6,0,23,13.9375,0.40625,9.0
77,BOT,Kick Sauber,16,0.0,2020,Sakhir Grand Prix,0,0,0,3,4,23,16.0625,0.0,19.0
27,HUL,Haas F1 Team,17,0.0,2020,Sakhir Grand Prix,0,0,0,8,3,23,11.875,0.8125,11.0
24,ZHO,Kick Sauber,18,0.0,2020,Sakhir Grand Prix,0,0,0,23,4,23,16.25,0.0,20.0
18,STR,Aston Martin,19,0.0,2020,Sakhir Grand Prix,0,0,0,20,1,23,12.25,2.3125,13.0
22,TSU,RB,20,0.0,2020,Sakhir Grand Prix,0,0,0,21,7,23,13.0625,0.875,17.0
81,PIA,McLaren,1,25.0,2020,Abu Dhabi Grand Prix,1,0,0,15,5,1,4.647058823529412,13.393939393939394,2.0
16,LEC,Ferrari,2,18.0,2020,Abu Dhabi Grand Prix,0,1,0,10,2,1,5.0588235294117645,12.090909090909092,1.0
63,RUS,Mercedes,3,15.0,2020,Abu Dhabi Grand Prix,0,0,1,17,6,1,7.823529411764706,8.818181818181818,7.0
4,NOR,McLaren,4,13.0,2020,Abu Dhabi Grand Prix,0,0,0,12,5,1,4.294117647058823,13.382352941176471,3.0
1,VER,Red Bull Racing,5,10.0,2020,Abu Dhabi Grand Prix,0,0,0,22,8,1,3.7058823529411766,12.696969696969697,6.0
14,ALO,Aston Martin,6,8.0,2020,Abu Dhabi Grand Prix,0,0,0,1,1,1,9.647058823529411,2.484848484848485,11.0
23,ALB,Williams,7,6.0,2020,Abu Dhabi Grand Prix,0,0,0,0,9,1,13.588235294117647,0.375,9.0
43,COL,Williams,8,4.0,2020,Abu Dhabi Grand Prix,0,0,0,4,9,1,10.0,0.48484848484848486,12.0
44,HAM,Mercedes,9,2.0,2020,Abu Dhabi Grand Prix,0,0,0,7,6,1,6.411764705882353,8.617647058823529,5.0
50,BEA,Haas F1 Team,10,1.0,2020,Abu Dhabi Grand Prix,0,0,0,2,3,1,8.5,0.8181818181818182,7.0
27,HUL,Haas F1 Team,11,0.0,2020,Abu Dhabi Grand Prix,0,0,0,8,3,1,11.823529411764707,0.7941176470588235,17.0
10,GAS,Alpine,12,0.0,2020,Abu Dhabi Grand Prix,0,0,0,6,0,1,13.823529411764707,0.3939393939393939,15.0
3,RIC,RB,13,0.0,2020,Abu Dhabi Grand Prix,0,0,0,16,7,1,13.117647058823529,0.8484848484848485,13.0
24,ZHO,Kick Sauber,14,0.0,2020,Abu Dhabi Grand Prix,0,0,0,23,4,1,16.11764705882353,0.0,18.0
31,OCO,Alpine,15,0.0,2020,Abu Dhabi Grand Prix,0,0,0,13,0,1,13.647058823529411,0.38235294117647056,14.0
77,BOT,Kick Sauber,16,0.0,2020,Abu Dhabi Grand Prix,0,0,0,3,4,1,16.058823529411764,0.0,16.0
11,PER,Red Bull Racing,17,0.0,2020,Abu Dhabi Grand Prix,0,0,0,14,8,1,8.176470588235293,12.323529411764707,8.0
55,SAI,Ferrari,18,0.0,2020,Abu Dhabi Grand Prix,0,0,0,18,2,1,5.875,11.735294117647058,4.0
18,STR,Aston Martin,19,0.0,2020,Abu Dhabi Grand Prix,0,0,0,20,1,1,12.647058823529411,2.411764705882353,19.0
22,TSU,RB,20,0.0,2020,Abu Dhabi Grand Prix,0,0,0,21,7,1,13.470588235294118,0.8235294117647058,20.0
1,VER,Red Bull Racing,1,26.0,2021,Bahrain Grand Prix,1,0,0,22,8,5,1.0,26.0,5.0
11,PER,Red Bull Racing,2,18.0,2021,Bahrain Grand Prix,0,1,0,14,8,5,2.0,22.0,17.0
55,SAI,Ferrari,3,15.0,2021,Bahrain Grand Prix,0,0,1,18,2,5,3.0,15.0,18.0
16,LEC,Ferrari,4,12.0,2021,Bahrain Grand Prix,0,0,0,10,2,5,4.0,13.5,2.0
63,RUS,Mercedes,5,10.0,2021,Bahrain Grand Prix,0,0,0,17,6,5,5.0,10.0,3.0
4,NOR,McLaren,6,8.0,2021,Bahrain Grand Prix,0,0,0,12,5,5,6.0,8.0,4.0
44,HAM,Mercedes,7,6.0,2021,Bahrain Grand Prix,0,0,0,7,6,5,7.0,8.0,9.0
81,PIA,McLaren,8,4.0,2021,Bahrain Grand Prix,0,0,0,15,5,5,8.0,6.0,1.0
14,ALO,Aston Martin,9,2.0,2021,Bahrain Grand Prix,0,0,0,1,1,5,9.0,2.0,6.0
18,STR,Aston Martin,10,1.0,2021,Bahrain Grand Prix,0,0,0,20,1,5,10.0,1.5,19.0
24,ZHO,Kick Sauber,11,0.0,2021,Bahrain Grand Prix,0,0,0,23,4,5,11.0,0.0,14.0
20,MAG,Haas F1 Team,12,0.0,2021,Bahrain Grand Prix,0,0,0,11,3,5,12.0,0.0,10.0
3,RIC,RB,13,0.0,2021,Bahrain Grand Prix,0,0,0,16,7,5,13.0,0.0,13.0
22,TSU,RB,14,0.0,2021,Bahrain Grand Prix,0,0,0,21,7,5,14.0,0.0,20.0
23,ALB,Williams,15,0.0,2021,Bahrain Grand Prix,0,0,0,0,9,5,15.0,0.0,7.0
27,HUL,Haas F1 Team,16,0.0,2021,Bahrain Grand Prix,0,0,0,8,3,5,16.0,0.0,11.0
31,OCO,Alpine,17,0.0,2021,Bahrain Grand Prix,0,0,0,13,0,5,17.0,0.0,15.0
10,GAS,Alpine,18,0.0,2021,Bahrain Grand Prix,0,0,0,6,0,5,18.0,0.0,12.0
77,BOT,Kick Sauber,19,0.0,2021,Bahrain Grand Prix,0,0,0,3,4,5,19.0,0.0,16.0
2,SAR,Williams,20,0.0,2021,Bahrain Grand Prix,0,0,0,19,9,5,20.0,0.0,16.0
1,VER,Red Bull Racing,1,25.0,2021,Emilia Romagna Grand Prix,1,0,0,22,8,11,1.0,23.0,1.0
11,PER,Red Bull Racing,2,18.0,2021,Emilia Romagna Grand Prix,0,1,0,14,8,11,2.0,21.75,2.0
16,LEC,Ferrari,3,16.0,2021,Emilia Romagna Grand Prix,0,0,1,10,2,11,3.5,14.333333333333334,4.0
81,PIA,McLaren,4,12.0,2021,Emilia Romagna Grand Prix,0,0,0,15,5,11,6.0,8.0,8.0
14,ALO,Aston Martin,5,10.0,2021,Emilia Romagna Grand Prix,0,0,0,1,1,11,7.0,4.333333333333333,9.0
63,RUS,Mercedes,6,8.0,2021,Emilia Romagna Grand Prix,0,0,0,17,6,11,5.5,8.0,5.0
38,BEA,Ferrari,7,6.0,2021,Emilia Romagna Grand Prix,0,0,0,2,2,11,7.0,12.25,10.0
4,NOR,McLaren,8,4.0,2021,Emilia Romagna Grand Prix,0,0,0,12,5,11,7.0,7.0,6.0
44,HAM,Mercedes,9,2.0,2021,Emilia Romagna Grand Prix,0,0,0,7,6,11,8.0,6.5,7.0
27,HUL,Haas F1 Team,10,1.0,2021,Emilia Romagna Grand Prix,0,0,0,8,3,11,13.0,0.3333333333333333,16.0
23,ALB,Williams,11,0.0,2021,Emilia Romagna Grand Prix,0,0,0,0,9,11,13.0,0.0,15.0
20,MAG,Haas F1 Team,12,0.0,2021,Emilia Romagna Grand Prix,0,0,0,11,3,11,12.0,0.25,12.0
31,OCO,Alpine,13,0.0,2021,Emilia Romagna Grand Prix,0,0,0,13,0,11,15.0,0.0,17.0
2,SAR,Williams,14,0.0,2021,Emilia Romagna Grand Prix,0,0,0,19,9,11,17.0,0.0,20.0
22,TSU,RB,15,0.0,2021,Emilia Romagna Grand Prix,0,0,0,21,7,11,14.5,0.0,14.0
3,RIC,RB,16,0.0,2021,Emilia Romagna Grand Prix,0,0,0,16,7,11,14.5,0.0,13.0
77,BOT,Kick Sauber,17,0.0,2021,Emilia Romagna Grand Prix,0,0,0,3,4,11,18.0,0.0,19.0
24,ZHO,Kick Sauber,18,0.0,2021,Emilia Romagna Grand Prix,0,0,0,23,4,11,14.5,0.0,11.0
18,STR,Aston Martin,19,0.0,2021,Emilia Romagna Grand Prix,0,0,0,20,1,11,14.5,3.25,10.0
10,GAS,Alpine,20,0.0,2021,Emilia Romagna Grand Prix,0,0,0,6,0,11,19.0,0.0,18.0
55,SAI,Ferrari,1,25.0,2021,Portuguese Grand Prix,1,0,0,18,2,20,2.0,14.8,3.0
16,LEC,Ferrari,2,19.0,2021,Portuguese Grand Prix,0,1,0,10,2,20,3.0,15.5,3.0
4,NOR,McLaren,3,15.0,2021,Portuguese Grand Prix,0,0,1,12,5,20,5.666666666666667,8.6,8.0
81,PIA,McLaren,4,12.0,2021,Portuguese Grand Prix,0,0,0,15,5,20,5.333333333333333,9.166666666666666,4.0
11,PER,Red Bull Racing,5,10.0,2021,Portuguese Grand Prix,0,0,0,14,8,20,3.0,19.4,2.0
18,STR,Aston Martin,6,8.0,2021,Portuguese Grand Prix,0,0,0,20,1,20,11.666666666666666,4.2,19.0
22,TSU,RB,7,6.0,2021,Portuguese Grand Prix,0,0,0,21,7,20,12.0,1.2,15.0
14,ALO,Aston Martin,8,4.0,2021,Portuguese Grand Prix,0,0,0,1,1,20,7.333333333333333,4.166666666666667,5.0
27,HUL,Haas F1 Team,9,2.0,2021,Portuguese Grand Prix,0,0,0,8,3,20,11.666666666666666,0.6,10.0
20,MAG,Haas F1 Team,10,1.0,2021,Portuguese Grand Prix,0,0,0,11,3,20,11.333333333333334,0.6666666666666666,12.0
23,ALB,Williams,11,0.0,2021,Portuguese Grand Prix,0,0,0,0,9,20,12.333333333333334,0.0,11.0
3,RIC,RB,12,0.0,2021,Portuguese Grand Prix,0,0,0,16,7,20,13.666666666666666,1.0,16.0
10,GAS,Alpine,13,0.0,2021,Portuguese Grand Prix,0,0,0,6,0,20,17.0,0.0,20.0
77,BOT,Kick Sauber,14,0.0,2021,Portuguese Grand Prix,0,0,0,3,4,20,16.666666666666668,0.0,17.0
24,ZHO,Kick Sauber,15,0.0,2021,Portuguese Grand Prix,0,0,0,23,4,20,14.666666666666666,0.0,18.0
31,OCO,Alpine,16,0.0,2021,Portuguese Grand Prix,0,0,0,13,0,20,15.333333333333334,0.0,13.0
63,RUS,Mercedes,17,0.0,2021,Portuguese Grand Prix,0,0,0,17,6,20,9.333333333333334,5.2,6.0
44,HAM,Mercedes,18,0.0,2021,Portuguese Grand Prix,0,0,0,7,6,20,11.333333333333334,4.333333333333333,9.0
1,VER,Red Bull Racing,19,0.0,2021,Portuguese Grand Prix,0,0,0,22,8,20,7.0,16.166666666666668,1.0
1,VER,Red Bull Racing,1,26.0,2021,Spanish Grand Prix,1,0,0,22,8,26,5.5,17.571428571428573,19.0
11,PER,Red Bull Racing,2,18.0,2021,Spanish Grand Prix,0,1,0,14,8,26,2.75,17.625,5.0
55,SAI,Ferrari,3,15.0,2021,Spanish Grand Prix,0,0,1,18,2,26,2.3333333333333335,15.428571428571429,1.0
16,LEC,Ferrari,4,12.0,2021,Spanish Grand Prix,0,0,0,10,2,26,3.25,15.0,2.0
4,NOR,McLaren,5,10.0,2021,Spanish Grand Prix,0,0,0,12,5,26,5.5,9.285714285714286,3.0
14,ALO,Aston Martin,6,8.0,2021,Spanish Grand Prix,0,0,0,1,1,26,7.0,4.714285714285714,8.0
63,RUS,Mercedes,7,6.0,2021,Spanish Grand Prix,0,0,0,17,6,26,8.75,4.571428571428571,17.0
81,PIA,McLaren,8,4.0,2021,Spanish Grand Prix,0,0,0,15,5,26,6.0,8.625,4.0
44,HAM,Mercedes,9,2.0,2021,Spanish Grand Prix,0,0,0,7,6,26,10.75,4.25,18.0
22,TSU,RB,10,1.0,2021,Spanish Grand Prix,0,0,0,21,7,26,11.5,1.0,7.0
27,HUL,Haas F1 Team,11,0.0,2021,Spanish Grand Prix,0,0,0,8,3,26,11.5,0.5714285714285714,9.0
18,STR,Aston Martin,12,0.0,2021,Spanish Grand Prix,0,0,0,20,1,26,11.75,4.125,6.0
20,MAG,Haas F1 Team,13,0.0,2021,Spanish Grand Prix,0,0,0,11,3,26,11.75,0.5,10.0
77,BOT,Kick Sauber,14,0.0,2021,Spanish Grand Prix,0,0,0,3,4,26,16.0,0.0,14.0
31,OCO,Alpine,15,0.0,2021,Spanish Grand Prix,0,0,0,13,0,26,15.25,0.0,16.0
10,GAS,Alpine,16,0.0,2021,Spanish Grand Prix,0,0,0,6,0,26,16.75,0.0,13.0
2,SAR,Williams,17,0.0,2021,Spanish Grand Prix,0,0,0,19,9,26,17.0,0.0,14.0
24,ZHO,Kick Sauber,18,0.0,2021,Spanish Grand Prix,0,0,0,23,4,26,15.5,0.0,15.0
3,RIC,RB,19,0.0,2021,Spanish Grand Prix,0,0,0,16,7,26,15.0,0.875,12.0
23,ALB,Williams,20,0.0,2021,Spanish Grand Prix,0,0,0,0,9,26,14.25,0.0,11.0
1,VER,Red Bull Racing,1,25.0,2021,Monaco Grand Prix,1,0,0,22,8,19,4.6,18.444444444444443,1.0
4,NOR,McLaren,2,18.0,2021,Monaco Grand Prix,0,1,0,12,5,19,4.8,9.666666666666666,5.0
11,PER,Red Bull Racing,3,15.0,2021,Monaco Grand Prix,0,0,1,14,8,19,2.8,18.1,2.0
16,LEC,Ferrari,4,12.0,2021,Monaco Grand Prix,0,0,0,10,2,19,3.4,14.666666666666666,4.0
55,SAI,Ferrari,5,10.0,2021,Monaco Grand Prix,0,0,0,18,2,19,3.0,14.2,3.0
63,RUS,Mercedes,6,8.0,2021,Monaco Grand Prix,0,0,0,17,6,19,8.2,4.666666666666667,7.0
14,ALO,Aston Martin,7,7.0,2021,Monaco Grand Prix,0,0,0,1,1,19,7.0,4.444444444444445,6.0
81,PIA,McLaren,8,4.0,2021,Monaco Grand Prix,0,0,0,15,5,19,6.4,9.1,8.0
44,HAM,Mercedes,9,2.0,2021,Monaco Grand Prix,0,0,0,7,6,19,10.4,4.4,9.0
27,HUL,Haas F1 Team,10,1.0,2021,Monaco Grand Prix,0,0,0,8,3,19,11.2,0.5555555555555556,11.0
31,OCO,Alpine,11,0.0,2021,Monaco Grand Prix,0,0,0,13,0,19,14.4,0.0,15.0
23,ALB,Williams,12,0.0,2021,Monaco Grand Prix,0,0,0,0,9,19,13.8,0.0,20.0
10,GAS,Alpine,13,0.0,2021,Monaco Grand Prix,0,0,0,6,0,19,16.0,0.0,16.0
24,ZHO,Kick Sauber,14,0.0,2021,Monaco Grand Prix,0,0,0,23,4,19,15.2,0.0,18.0
18,STR,Aston Martin,15,0.0,2021,Monaco Grand Prix,0,0,0,20,1,19,12.4,4.0,12.0
20,MAG,Haas F1 Team,16,0.0,2021,Monaco Grand Prix,0,0,0,11,3,19,12.6,0.5,13.0
2,SAR,Williams,17,0.0,2021,Monaco Grand Prix,0,0,0,19,9,19,17.0,0.0,17.0
3,RIC,RB,18,0.0,2021,Monaco Grand Prix,0,0,0,16,7,19,15.6,0.7777777777777778,19.0
22,TSU,RB,19,0.0,2021,Monaco Grand Prix,0,0,0,21,7,19,13.0,0.7,10.0
77,BOT,Kick Sauber,20,0.0,2021,Monaco Grand Prix,0,0,0,3,4,19,16.8,0.0,14.0
4,NOR,McLaren,1,25.0,2021,Azerbaijan Grand Prix,1,0,0,12,5,4,4.166666666666667,10.545454545454545,2.0
1,VER,Red Bull Racing,2,18.0,2021,Azerbaijan Grand Prix,0,1,0,22,8,4,4.166666666666667,18.09090909090909,1.0
16,LEC,Ferrari,3,15.0,2021,Azerbaijan Grand Prix,0,0,1,10,2,4,3.3333333333333335,14.272727272727273,4.0
11,PER,Red Bull Racing,4,12.0,2021,Azerbaijan Grand Prix,0,0,0,14,8,4,3.0,17.583333333333332,3.0
55,SAI,Ferrari,5,10.0,2021,Azerbaijan Grand Prix,0,0,0,18,2,4,3.4,13.916666666666666,5.0
44,HAM,Mercedes,6,8.0,2021,Azerbaijan Grand Prix,0,0,0,7,6,4,9.666666666666666,4.7272727272727275,9.0
22,TSU,RB,7,6.0,2021,Azerbaijan Grand Prix,0,0,0,21,7,4,12.0,1.1818181818181819,19.0
63,RUS,Mercedes,8,4.0,2021,Azerbaijan Grand Prix,0,0,0,17,6,4,8.166666666666666,4.666666666666667,6.0
14,ALO,Aston Martin,9,2.0,2021,Azerbaijan Grand Prix,0,0,0,1,1,4,7.333333333333333,3.8181818181818183,7.0
31,OCO,Alpine,10,1.0,2021,Azerbaijan Grand Prix,0,0,0,13,0,4,13.666666666666666,0.09090909090909091,11.0
27,HUL,Haas F1 Team,11,0.0,2021,Azerbaijan Grand Prix,0,0,0,8,3,4,11.166666666666666,0.45454545454545453,10.0
10,GAS,Alpine,12,0.0,2021,Azerbaijan Grand Prix,0,0,0,6,0,4,15.333333333333334,0.08333333333333333,13.0
81,PIA,McLaren,13,0.0,2021,Azerbaijan Grand Prix,0,0,0,15,5,4,7.5,9.666666666666666,8.0
24,ZHO,Kick Sauber,14,0.0,2021,Azerbaijan Grand Prix,0,0,0,23,4,4,15.0,0.0,14.0
3,RIC,RB,15,0.0,2021,Azerbaijan Grand Prix,0,0,0,16,7,4,15.5,1.0833333333333333,18.0
77,BOT,Kick Sauber,16,0.0,2021,Azerbaijan Grand Prix,0,0,0,3,4,4,16.666666666666668,0.0,20.0
18,STR,Aston Martin,17,0.0,2021,Azerbaijan Grand Prix,0,0,0,20,1,4,13.166666666666666,3.5,15.0
23,ALB,Williams,18,0.0,2021,Azerbaijan Grand Prix,0,0,0,0,9,4,14.5,0.0,12.0
20,MAG,Haas F1 Team,19,0.0,2021,Azerbaijan Grand Prix,0,0,0,11,3,4,13.666666666666666,0.4166666666666667,16.0
2,SAR,Williams,20,0.0,2021,Azerbaijan Grand Prix,0,0,0,19,9,4,17.6,0.0,17.0
1,VER,Red Bull Racing,1,25.0,2021,French Grand Prix,1,0,0,22,8,12,3.7142857142857144,18.153846153846153,2.0
4,NOR,McLaren,2,18.0,2021,French Grand Prix,0,1,0,12,5,12,3.857142857142857,10.307692307692308,1.0
16,LEC,Ferrari,3,15.0,2021,French Grand Prix,0,0,1,10,2,12,3.2857142857142856,14.0,3.0
81,PIA,McLaren,4,12.0,2021,French Grand Prix,0,0,0,15,5,12,7.0,10.428571428571429,13.0
55,SAI,Ferrari,5,10.0,2021,French Grand Prix,0,0,0,18,2,12,3.6666666666666665,13.714285714285714,5.0
44,HAM,Mercedes,6,8.0,2021,French Grand Prix,0,0,0,7,6,12,9.142857142857142,4.923076923076923,6.0
63,RUS,Mercedes,7,7.0,2021,French Grand Prix,0,0,0,17,6,12,8.0,5.071428571428571,8.0
11,PER,Red Bull Racing,8,4.0,2021,French Grand Prix,0,0,0,14,8,12,3.7142857142857144,17.142857142857142,4.0
18,STR,Aston Martin,9,2.0,2021,French Grand Prix,0,0,0,20,1,12,12.571428571428571,3.3846153846153846,17.0
22,TSU,RB,10,1.0,2021,French Grand Prix,0,0,0,21,7,12,11.714285714285714,1.0769230769230769,7.0
27,HUL,Haas F1 Team,11,0.0,2021,French Grand Prix,0,0,0,8,3,12,11.142857142857142,0.38461538461538464,11.0
20,MAG,Haas F1 Team,12,0.0,2021,French Grand Prix,0,0,0,11,3,12,13.428571428571429,0.35714285714285715,19.0
3,RIC,RB,13,0.0,2021,French Grand Prix,0,0,0,16,7,12,15.142857142857142,1.0,15.0
31,OCO,Alpine,14,0.0,2021,French Grand Prix,0,0,0,13,0,12,13.714285714285714,0.07692307692307693,10.0
24,ZHO,Kick Sauber,15,0.0,2021,French Grand Prix,0,0,0,23,4,12,15.0,0.0,14.0
10,GAS,Alpine,16,0.0,2021,French Grand Prix,0,0,0,6,0,12,15.428571428571429,0.07142857142857142,12.0
2,SAR,Williams,17,0.0,2021,French Grand Prix,0,0,0,19,9,12,17.5,0.0,20.0
77,BOT,Kick Sauber,18,0.0,2021,French Grand Prix,0,0,0,3,4,12,16.857142857142858,0.0,16.0
14,ALO,Aston Martin,19,0.0,2021,French Grand Prix,0,0,0,1,1,12,9.0,3.142857142857143,9.0
23,ALB,Williams,20,0.0,2021,French Grand Prix,0,0,0,0,9,12,15.285714285714286,0.0,18.0
16,LEC,Ferrari,1,25.0,2021,Styrian Grand Prix,1,0,0,10,2,27,3.0,14.466666666666667,3.0
81,PIA,McLaren,2,18.0,2021,Styrian Grand Prix,0,1,0,15,5,27,6.375,10.933333333333334,4.0
55,SAI,Ferrari,3,15.0,2021,Styrian Grand Prix,0,0,1,18,2,27,3.5714285714285716,14.5,5.0
4,NOR,McLaren,4,12.0,2021,Styrian Grand Prix,0,0,0,12,5,27,3.875,11.0,2.0
63,RUS,Mercedes,5,10.0,2021,Styrian Grand Prix,0,0,0,17,6,27,7.625,5.4,7.0
1,VER,Red Bull Racing,6,8.0,2021,Styrian Grand Prix,0,0,0,22,8,27,4.0,16.533333333333335,1.0
44,HAM,Mercedes,7,7.0,2021,Styrian Grand Prix,0,0,0,7,6,27,8.875,5.5,6.0
22,TSU,RB,8,4.0,2021,Styrian Grand Prix,0,0,0,21,7,27,11.25,1.2,10.0
23,ALB,Williams,9,2.0,2021,Styrian Grand Prix,0,0,0,0,9,27,14.5,0.14285714285714285,20.0
10,GAS,Alpine,10,1.0,2021,Styrian Grand Prix,0,0,0,6,0,27,14.75,0.13333333333333333,16.0
14,ALO,Aston Martin,11,0.0,2021,Styrian Grand Prix,0,0,0,1,1,27,9.25,2.933333333333333,19.0
3,RIC,RB,12,0.0,2021,Styrian Grand Prix,0,0,0,16,7,27,14.75,1.125,13.0
77,BOT,Kick Sauber,13,0.0,2021,Styrian Grand Prix,0,0,0,3,4,27,16.375,0.0,18.0
18,STR,Aston Martin,14,0.0,2021,Styrian Grand Prix,0,0,0,20,1,27,12.75,2.75,9.0
2,SAR,Williams,15,0.0,2021,Styrian Grand Prix,0,0,0,19,9,27,17.142857142857142,0.13333333333333333,17.0
24,ZHO,Kick Sauber,16,0.0,2021,Styrian Grand Prix,0,0,0,23,4,27,15.125,0.0,15.0
31,OCO,Alpine,17,0.0,2021,Styrian Grand Prix,0,0,0,13,0,27,14.125,0.125,14.0
11,PER,Red Bull Racing,18,0.0,2021,Styrian Grand Prix,0,0,0,14,8,27,5.5,15.5,8.0
27,HUL,Haas F1 Team,19,0.0,2021,Styrian Grand Prix,0,0,0,8,3,27,12.125,0.3333333333333333,11.0
20,MAG,Haas F1 Team,20,0.0,2021,Styrian Grand Prix,0,0,0,11,3,27,14.25,0.3125,12.0
1,VER,Red Bull Racing,1,25.0,2021,Austrian Grand Prix,1,0,0,22,8,3,3.6666666666666665,16.058823529411764,6.0
4,NOR,McLaren,2,18.0,2021,Austrian Grand Prix,0,1,0,12,5,3,3.6666666666666665,11.411764705882353,4.0
63,RUS,Mercedes,3,15.0,2021,Austrian Grand Prix,0,0,1,17,6,3,7.111111111111111,6.0588235294117645,5.0
44,HAM,Mercedes,4,13.0,2021,Austrian Grand Prix,0,0,0,7,6,3,8.333333333333334,6.444444444444445,7.0
81,PIA,McLaren,5,10.0,2021,Austrian Grand Prix,0,0,0,15,5,3,6.222222222222222,11.333333333333334,2.0
14,ALO,Aston Martin,6,8.0,2021,Austrian Grand Prix,0,0,0,1,1,3,8.88888888888889,3.0588235294117645,11.0
18,STR,Aston Martin,7,6.0,2021,Austrian Grand Prix,0,0,0,20,1,3,12.11111111111111,3.2222222222222223,14.0
3,RIC,RB,8,4.0,2021,Austrian Grand Prix,0,0,0,16,7,3,14.0,1.2941176470588236,12.0
10,GAS,Alpine,9,2.0,2021,Austrian Grand Prix,0,0,0,6,0,3,14.11111111111111,0.23529411764705882,10.0
31,OCO,Alpine,10,1.0,2021,Austrian Grand Prix,0,0,0,13,0,3,13.666666666666666,0.2777777777777778,17.0
27,HUL,Haas F1 Team,11,0.0,2021,Austrian Grand Prix,0,0,0,8,3,3,12.0,0.29411764705882354,19.0
20,MAG,Haas F1 Team,12,0.0,2021,Austrian Grand Prix,0,0,0,11,3,3,14.0,0.2777777777777778,20.0
77,BOT,Kick Sauber,13,0.0,2021,Austrian Grand Prix,0,0,0,3,4,3,16.0,0.0,13.0
22,TSU,RB,14,0.0,2021,Austrian Grand Prix,0,0,0,21,7,3,11.555555555555555,1.2222222222222223,8.0
24,ZHO,Kick Sauber,15,0.0,2021,Austrian Grand Prix,0,0,0,23,4,3,15.11111111111111,0.0,16.0
55,SAI,Ferrari,16,0.0,2021,Austrian Grand Prix,0,0,0,18,2,3,5.125,13.647058823529411,3.0
23,ALB,Williams,17,0.0,2021,Austrian Grand Prix,0,0,0,0,9,3,14.777777777777779,0.125,9.0
11,PER,Red Bull Racing,18,0.0,2021,Austrian Grand Prix,0,0,0,14,8,3,6.888888888888889,15.166666666666666,18.0
16,LEC,Ferrari,19,0.0,2021,Austrian Grand Prix,0,0,0,10,2,3,4.777777777777778,12.88888888888889,1.0
2,SAR,Williams,20,0.0,2021,Austrian Grand Prix,0,0,0,19,9,3,17.5,0.11764705882352941,15.0
63,RUS,Mercedes,1,25.0,2021,Hungarian Grand Prix,1,0,0,17,6,13,6.5,7.421052631578948,3.0
81,PIA,McLaren,2,18.0,2021,Hungarian Grand Prix,0,1,0,15,5,13,5.8,11.68421052631579,5.0
55,SAI,Ferrari,3,15.0,2021,Hungarian Grand Prix,0,0,1,18,2,13,4.888888888888889,13.0,16.0
44,HAM,Mercedes,4,12.0,2021,Hungarian Grand Prix,0,0,0,7,6,13,7.9,7.65,4.0
1,VER,Red Bull Racing,5,10.0,2021,Hungarian Grand Prix,0,0,0,22,8,13,3.8,14.894736842105264,1.0
27,HUL,Haas F1 Team,6,8.0,2021,Hungarian Grand Prix,0,0,0,8,3,13,11.4,0.6842105263157895,11.0
11,PER,Red Bull Racing,7,6.0,2021,Hungarian Grand Prix,0,0,0,14,8,13,6.9,14.45,18.0
20,MAG,Haas F1 Team,8,4.0,2021,Hungarian Grand Prix,0,0,0,11,3,13,13.4,0.85,12.0
3,RIC,RB,9,2.0,2021,Hungarian Grand Prix,0,0,0,16,7,13,13.5,1.263157894736842,8.0
10,GAS,Alpine,10,1.0,2021,Hungarian Grand Prix,0,0,0,6,0,13,13.7,0.3157894736842105,9.0
16,LEC,Ferrari,11,0.0,2021,Hungarian Grand Prix,0,0,0,10,2,13,5.4,12.35,19.0
31,OCO,Alpine,12,0.0,2021,Hungarian Grand Prix,0,0,0,13,0,13,13.5,0.3,10.0
18,STR,Aston Martin,13,0.0,2021,Hungarian Grand Prix,0,0,0,20,1,13,12.2,3.0526315789473686,7.0
22,TSU,RB,14,0.0,2021,Hungarian Grand Prix,0,0,0,21,7,13,11.8,1.2,14.0
23,ALB,Williams,15,0.0,2021,Hungarian Grand Prix,0,0,0,0,9,13,14.8,0.1111111111111111,17.0
77,BOT,Kick Sauber,16,0.0,2021,Hungarian Grand Prix,0,0,0,3,4,13,16.0,0.0,13.0
24,ZHO,Kick Sauber,17,0.0,2021,Hungarian Grand Prix,0,0,0,23,4,13,15.3,0.0,15.0
14,ALO,Aston Martin,18,0.0,2021,Hungarian Grand Prix,0,0,0,1,1,13,9.8,2.9,6.0
2,SAR,Williams,19,0.0,2021,Hungarian Grand Prix,0,0,0,19,9,13,17.666666666666668,0.10526315789473684,20.0
4,NOR,McLaren,20,0.0,2021,Hungarian Grand Prix,0,0,0,12,5,13,5.3,11.1,2.0
44,HAM,Mercedes,1,25.0,2021,Belgian Grand Prix,1,0,0,7,6,6,7.2727272727272725,8.476190476190476,4.0
1,VER,Red Bull Racing,2,18.0,2021,Belgian Grand Prix,0,1,0,22,8,6,3.6363636363636362,14.619047619047619,5.0
4,NOR,McLaren,3,15.0,2021,Belgian Grand Prix,0,0,1,12,5,6,5.090909090909091,11.285714285714286,20.0
81,PIA,McLaren,4,12.0,2021,Belgian Grand Prix,0,0,0,15,5,6,5.636363636363637,11.318181818181818,2.0
55,SAI,Ferrari,5,11.0,2021,Belgian Grand Prix,0,0,0,18,2,6,4.9,12.285714285714286,3.0
27,HUL,Haas F1 Team,6,8.0,2021,Belgian Grand Prix,0,0,0,8,3,6,10.909090909090908,1.1904761904761905,6.0
18,STR,Aston Martin,7,6.0,2021,Belgian Grand Prix,0,0,0,20,1,6,11.727272727272727,3.0476190476190474,13.0
14,ALO,Aston Martin,8,4.0,2021,Belgian Grand Prix,0,0,0,1,1,6,9.636363636363637,3.090909090909091,18.0
23,ALB,Williams,9,2.0,2021,Belgian Grand Prix,0,0,0,0,9,6,14.272727272727273,0.2,15.0
22,TSU,RB,10,1.0,2021,Belgian Grand Prix,0,0,0,21,7,6,11.636363636363637,1.1904761904761905,14.0
2,SAR,Williams,11,0.0,2021,Belgian Grand Prix,0,0,0,19,9,6,17.0,0.19047619047619047,19.0
20,MAG,Haas F1 Team,12,0.0,2021,Belgian Grand Prix,0,0,0,11,3,6,13.272727272727273,1.1363636363636365,8.0
3,RIC,RB,13,0.0,2021,Belgian Grand Prix,0,0,0,16,7,6,13.454545454545455,1.1363636363636365,9.0
16,LEC,Ferrari,14,0.0,2021,Belgian Grand Prix,0,0,0,10,2,6,6.181818181818182,11.727272727272727,11.0
77,BOT,Kick Sauber,15,0.0,2021,Belgian Grand Prix,0,0,0,3,4,6,15.909090909090908,0.0,16.0
31,OCO,Alpine,16,0.0,2021,Belgian Grand Prix,0,0,0,13,0,6,13.727272727272727,0.2857142857142857,12.0
11,PER,Red Bull Racing,17,0.0,2021,Belgian Grand Prix,0,0,0,14,8,6,7.818181818181818,13.954545454545455,7.0
24,ZHO,Kick Sauber,18,0.0,2021,Belgian Grand Prix,0,0,0,23,4,6,15.545454545454545,0.0,17.0
63,RUS,Mercedes,19,0.0,2021,Belgian Grand Prix,0,0,0,17,6,6,7.636363636363637,8.090909090909092,1.0
10,GAS,Alpine,20,0.0,2021,Belgian Grand Prix,0,0,0,6,0,6,14.272727272727273,0.2727272727272727,10.0
81,PIA,McLaren,1,25.0,2021,Dutch Grand Prix,1,0,0,15,5,9,5.25,11.91304347826087,4.0
4,NOR,McLaren,2,18.0,2021,Dutch Grand Prix,0,1,0,12,5,9,4.833333333333333,12.166666666666666,3.0
44,HAM,Mercedes,3,15.0,2021,Dutch Grand Prix,0,0,1,7,6,9,6.916666666666667,8.391304347826088,1.0
16,LEC,Ferrari,4,12.0,2021,Dutch Grand Prix,0,0,0,10,2,9,6.0,11.73913043478261,14.0
1,VER,Red Bull Racing,5,10.0,2021,Dutch Grand Prix,0,0,0,22,8,9,3.75,13.782608695652174,2.0
55,SAI,Ferrari,6,8.0,2021,Dutch Grand Prix,0,0,0,18,2,9,5.0,11.583333333333334,5.0
11,PER,Red Bull Racing,7,6.0,2021,Dutch Grand Prix,0,0,0,14,8,9,7.75,13.458333333333334,17.0
63,RUS,Mercedes,8,5.0,2021,Dutch Grand Prix,0,0,0,17,6,9,7.666666666666667,8.25,19.0
22,TSU,RB,9,2.0,2021,Dutch Grand Prix,0,0,0,21,7,9,11.416666666666666,1.173913043478261,10.0
18,STR,Aston Martin,10,1.0,2021,Dutch Grand Prix,0,0,0,20,1,9,11.583333333333334,3.0,7.0
14,ALO,Aston Martin,11,0.0,2021,Dutch Grand Prix,0,0,0,1,1,9,9.75,2.875,8.0
3,RIC,RB,12,0.0,2021,Dutch Grand Prix,0,0,0,16,7,9,13.333333333333334,1.125,13.0
27,HUL,Haas F1 Team,13,0.0,2021,Dutch Grand Prix,0,0,0,8,3,9,11.083333333333334,1.0869565217391304,6.0
23,ALB,Williams,14,0.0,2021,Dutch Grand Prix,0,0,0,0,9,9,14.25,0.18181818181818182,9.0
20,MAG,Haas F1 Team,15,0.0,2021,Dutch Grand Prix,0,0,0,11,3,9,13.416666666666666,1.0416666666666667,12.0
77,BOT,Kick Sauber,16,0.0,2021,Dutch Grand Prix,0,0,0,3,4,9,15.916666666666666,0.0,15.0
2,SAR,Williams,17,0.0,2021,Dutch Grand Prix,0,0,0,19,9,9,17.0,0.17391304347826086,11.0
31,OCO,Alpine,18,0.0,2021,Dutch Grand Prix,0,0,0,13,0,9,14.083333333333334,0.2608695652173913,16.0
24,ZHO,Kick Sauber,19,0.0,2021,Dutch Grand Prix,0,0,0,23,4,9,15.833333333333334,0.0,18.0
10,GAS,Alpine,20,0.0,2021,Dutch Grand Prix,0,0,0,6,0,9,14.75,0.25,20.0
4,NOR,McLaren,1,26.0,2021,Russian Grand Prix,1,0,0,12,5,22,4.538461538461538,12.72,2.0
1,VER,Red Bull Racing,2,18.0,2021,Russian Grand Prix,0,1,0,22,8,22,3.6153846153846154,13.64,5.0
16,LEC,Ferrari,3,15.0,2021,Russian Grand Prix,0,0,1,10,2,22,5.769230769230769,11.72,4.0
81,PIA,McLaren,4,12.0,2021,Russian Grand Prix,0,0,0,15,5,22,5.153846153846154,12.692307692307692,1.0
55,SAI,Ferrari,5,10.0,2021,Russian Grand Prix,0,0,0,18,2,22,5.0,11.653846153846153,6.0
11,PER,Red Bull Racing,6,8.0,2021,Russian Grand Prix,0,0,0,14,8,22,7.615384615384615,13.423076923076923,7.0
63,RUS,Mercedes,7,6.0,2021,Russian Grand Prix,0,0,0,17,6,22,7.615384615384615,8.16,8.0
44,HAM,Mercedes,8,4.0,2021,Russian Grand Prix,0,0,0,7,6,22,7.0,8.0,3.0
10,GAS,Alpine,9,2.0,2021,Russian Grand Prix,0,0,0,6,0,22,14.307692307692308,0.32,20.0
14,ALO,Aston Martin,10,1.0,2021,Russian Grand Prix,0,0,0,1,1,22,9.76923076923077,2.8,11.0
27,HUL,Haas F1 Team,11,0.0,2021,Russian Grand Prix,0,0,0,8,3,22,11.076923076923077,1.0,13.0
3,RIC,RB,12,0.0,2021,Russian Grand Prix,0,0,0,16,7,22,13.23076923076923,1.08,12.0
18,STR,Aston Martin,13,0.0,2021,Russian Grand Prix,0,0,0,20,1,22,11.692307692307692,2.6923076923076925,10.0
23,ALB,Williams,14,0.0,2021,Russian Grand Prix,0,0,0,0,9,22,14.23076923076923,0.16666666666666666,14.0
31,OCO,Alpine,15,0.0,2021,Russian Grand Prix,0,0,0,13,0,22,14.153846153846153,0.3076923076923077,18.0
2,SAR,Williams,16,0.0,2021,Russian Grand Prix,0,0,0,19,9,22,16.916666666666668,0.16,17.0
22,TSU,RB,17,0.0,2021,Russian Grand Prix,0,0,0,21,7,22,11.846153846153847,1.0384615384615385,9.0
20,MAG,Haas F1 Team,18,0.0,2021,Russian Grand Prix,0,0,0,11,3,22,13.76923076923077,0.9615384615384616,15.0
77,BOT,Kick Sauber,19,0.0,2021,Russian Grand Prix,0,0,0,3,4,22,16.153846153846153,0.0,16.0
24,ZHO,Kick Sauber,20,0.0,2021,Russian Grand Prix,0,0,0,23,4,22,16.153846153846153,0.0,19.0
16,LEC,Ferrari,1,25.0,2021,Turkish Grand Prix,1,0,0,10,2,28,5.428571428571429,12.148148148148149,3.0
81,PIA,McLaren,2,18.0,2021,Turkish Grand Prix,0,1,0,15,5,28,4.928571428571429,12.88888888888889,4.0
4,NOR,McLaren,3,16.0,2021,Turkish Grand Prix,0,0,1,12,5,28,4.428571428571429,13.0,1.0
55,SAI,Ferrari,4,12.0,2021,Turkish Grand Prix,0,0,0,18,2,28,4.923076923076923,12.142857142857142,5.0
44,HAM,Mercedes,5,10.0,2021,Turkish Grand Prix,0,0,0,7,6,28,6.857142857142857,8.074074074074074,8.0
1,VER,Red Bull Racing,6,8.0,2021,Turkish Grand Prix,0,0,0,22,8,28,3.7857142857142856,13.222222222222221,2.0
63,RUS,Mercedes,7,6.0,2021,Turkish Grand Prix,0,0,0,17,6,28,7.571428571428571,8.0,7.0
11,PER,Red Bull Racing,8,4.0,2021,Turkish Grand Prix,0,0,0,14,8,28,7.642857142857143,12.892857142857142,6.0
23,ALB,Williams,9,2.0,2021,Turkish Grand Prix,0,0,0,0,9,28,13.857142857142858,0.23076923076923078,14.0
20,MAG,Haas F1 Team,10,1.0,2021,Turkish Grand Prix,0,0,0,11,3,28,13.5,0.9629629629629629,18.0
14,ALO,Aston Martin,11,0.0,2021,Turkish Grand Prix,0,0,0,1,1,28,9.857142857142858,2.5925925925925926,10.0
43,COL,Williams,12,0.0,2021,Turkish Grand Prix,0,0,0,4,9,28,12.0,0.2222222222222222,8.0
3,RIC,RB,13,0.0,2021,Turkish Grand Prix,0,0,0,16,7,28,13.214285714285714,1.0,12.0
31,OCO,Alpine,14,0.0,2021,Turkish Grand Prix,0,0,0,13,0,28,14.142857142857142,0.2962962962962963,15.0
10,GAS,Alpine,15,0.0,2021,Turkish Grand Prix,0,0,0,6,0,28,14.357142857142858,0.2857142857142857,9.0
77,BOT,Kick Sauber,16,0.0,2021,Turkish Grand Prix,0,0,0,3,4,28,16.142857142857142,0.0,19.0
27,HUL,Haas F1 Team,17,0.0,2021,Turkish Grand Prix,0,0,0,8,3,28,11.5,0.9285714285714286,11.0
24,ZHO,Kick Sauber,18,0.0,2021,Turkish Grand Prix,0,0,0,23,4,28,16.285714285714285,0.0,20.0
18,STR,Aston Martin,19,0.0,2021,Turkish Grand Prix,0,0,0,20,1,28,12.214285714285714,2.5,13.0
22,TSU,RB,20,0.0,2021,Turkish Grand Prix,0,0,0,21,7,28,12.428571428571429,0.9642857142857143,17.0
81,PIA,McLaren,1,25.0,2021,United States Grand Prix,1,0,0,15,5,30,4.666666666666667,13.413793103448276,2.0
16,LEC,Ferrari,2,18.0,2021,United States Grand Prix,0,1,0,10,2,30,5.2,12.344827586206897,1.0
63,RUS,Mercedes,3,15.0,2021,United States Grand Prix,0,0,1,17,6,30,7.266666666666667,8.241379310344827,7.0
4,NOR,McLaren,4,13.0,2021,United States Grand Prix,0,0,0,12,5,30,4.4,13.4,3.0
1,VER,Red Bull Racing,5,10.0,2021,United States Grand Prix,0,0,0,22,8,30,3.8666666666666667,12.793103448275861,6.0
14,ALO,Aston Martin,6,8.0,2021,United States Grand Prix,0,0,0,1,1,30,9.6,2.689655172413793,11.0
23,ALB,Williams,7,6.0,2021,United States Grand Prix,0,0,0,0,9,30,13.4,0.42857142857142855,9.0
43,COL,Williams,8,4.0,2021,United States Grand Prix,0,0,0,4,9,30,10.0,0.5517241379310345,12.0
44,HAM,Mercedes,9,2.0,2021,United States Grand Prix,0,0,0,7,6,30,7.0,8.033333333333333,5.0
50,BEA,Haas F1 Team,10,1.0,2021,United States Grand Prix,0,0,0,2,3,30,8.5,0.9310344827586207,7.0
27,HUL,Haas F1 Team,11,0.0,2021,United States Grand Prix,0,0,0,8,3,30,11.466666666666667,0.9,17.0
10,GAS,Alpine,12,0.0,2021,United States Grand Prix,0,0,0,6,0,30,14.2,0.27586206896551724,15.0
3,RIC,RB,13,0.0,2021,United States Grand Prix,0,0,0,16,7,30,13.2,0.9310344827586207,13.0
24,ZHO,Kick Sauber,14,0.0,2021,United States Grand Prix,0,0,0,23,4,30,16.133333333333333,0.0,18.0
31,OCO,Alpine,15,0.0,2021,United States Grand Prix,0,0,0,13,0,30,14.2,0.26666666666666666,14.0
77,BOT,Kick Sauber,16,0.0,2021,United States Grand Prix,0,0,0,3,4,30,16.133333333333333,0.0,16.0
11,PER,Red Bull Racing,17,0.0,2021,United States Grand Prix,0,0,0,14,8,30,8.266666666666667,12.366666666666667,8.0
55,SAI,Ferrari,18,0.0,2021,United States Grand Prix,0,0,0,18,2,30,5.857142857142857,11.933333333333334,4.0
18,STR,Aston Martin,19,0.0,2021,United States Grand Prix,0,0,0,20,1,30,12.666666666666666,2.6,19.0
22,TSU,RB,20,0.0,2021,United States Grand Prix,0,0,0,21,7,30,12.933333333333334,0.9,20.0
4,NOR,McLaren,1,25.0,2021,Mexico City Grand Prix,1,0,0,12,5,17,4.1875,13.774193548387096,4.0
1,VER,Red Bull Racing,2,18.0,2021,Mexico City Grand Prix,0,1,0,22,8,17,3.75,12.548387096774194,5.0
81,PIA,McLaren,3,15.0,2021,Mexico City Grand Prix,0,0,1,15,5,17,4.5625,13.8125,1.0
63,RUS,Mercedes,4,12.0,2021,Mexico City Grand Prix,0,0,0,17,6,17,7.0625,8.161290322580646,3.0
16,LEC,Ferrari,5,10.0,2021,Mexico City Grand Prix,0,0,0,10,2,17,5.1875,11.870967741935484,2.0
44,HAM,Mercedes,6,8.0,2021,Mexico City Grand Prix,0,0,0,7,6,17,6.9375,8.15625,9.0
55,SAI,Ferrari,7,6.0,2021,Mexico City Grand Prix,0,0,0,18,2,17,5.933333333333334,11.6875,18.0
14,ALO,Aston Martin,8,4.0,2021,Mexico City Grand Prix,0,0,0,1,1,17,9.5,2.6451612903225805,6.0
27,HUL,Haas F1 Team,9,2.0,2021,Mexico City Grand Prix,0,0,0,8,3,17,11.3125,0.9354838709677419,11.0
11,PER,Red Bull Racing,10,1.0,2021,Mexico City Grand Prix,0,0,0,14,8,17,8.375,12.1875,17.0
43,COL,Williams,11,0.0,2021,Mexico City Grand Prix,0,0,0,4,9,17,10.333333333333334,0.5333333333333333,8.0
22,TSU,RB,12,0.0,2021,Mexico City Grand Prix,0,0,0,21,7,17,12.875,0.8709677419354839,20.0
31,OCO,Alpine,13,0.0,2021,Mexico City Grand Prix,0,0,0,13,0,17,14.125,0.25806451612903225,15.0
18,STR,Aston Martin,14,0.0,2021,Mexico City Grand Prix,0,0,0,20,1,17,12.75,2.5625,19.0
24,ZHO,Kick Sauber,15,0.0,2021,Mexico City Grand Prix,0,0,0,23,4,17,16.0625,0.0,14.0
77,BOT,Kick Sauber,16,0.0,2021,Mexico City Grand Prix,0,0,0,3,4,17,16.125,0.0,16.0
10,GAS,Alpine,17,0.0,2021,Mexico City Grand Prix,0,0,0,6,0,17,14.375,0.25,12.0
3,RIC,RB,18,0.0,2021,Mexico City Grand Prix,0,0,0,16,7,17,13.5,0.84375,13.0
20,MAG,Haas F1 Team,19,0.0,2021,Mexico City Grand Prix,0,0,0,11,3,17,13.866666666666667,0.90625,10.0
23,ALB,Williams,20,0.0,2021,Mexico City Grand Prix,0,0,0,0,9,17,13.8125,0.5161290322580645,7.0
55,SAI,Ferrari,1,25.0,2021,Qatar Grand Prix,1,0,0,18,2,21,5.625,12.090909090909092,7.0
4,NOR,McLaren,2,18.0,2021,Qatar Grand Prix,0,1,0,12,5,21,4.0588235294117645,13.93939393939394,1.0
16,LEC,Ferrari,3,16.0,2021,Qatar Grand Prix,0,0,1,10,2,21,5.0588235294117645,12.205882352941176,5.0
44,HAM,Mercedes,4,12.0,2021,Qatar Grand Prix,0,0,0,7,6,21,6.764705882352941,8.272727272727273,6.0
63,RUS,Mercedes,5,10.0,2021,Qatar Grand Prix,0,0,0,17,6,21,6.9411764705882355,8.323529411764707,4.0
1,VER,Red Bull Racing,6,8.0,2021,Qatar Grand Prix,0,0,0,22,8,21,3.8823529411764706,12.06060606060606,2.0
20,MAG,Haas F1 Team,7,6.0,2021,Qatar Grand Prix,0,0,0,11,3,21,13.4375,1.0606060606060606,19.0
81,PIA,McLaren,8,4.0,2021,Qatar Grand Prix,0,0,0,15,5,21,4.764705882352941,13.647058823529411,3.0
27,HUL,Haas F1 Team,9,2.0,2021,Qatar Grand Prix,0,0,0,8,3,21,11.176470588235293,1.088235294117647,9.0
10,GAS,Alpine,10,1.0,2021,Qatar Grand Prix,0,0,0,6,0,21,14.117647058823529,0.2727272727272727,17.0
18,STR,Aston Martin,11,0.0,2021,Qatar Grand Prix,0,0,0,20,1,21,12.647058823529411,2.484848484848485,14.0
43,COL,Williams,12,0.0,2021,Qatar Grand Prix,0,0,0,4,9,21,10.75,0.5,11.0
31,OCO,Alpine,13,0.0,2021,Qatar Grand Prix,0,0,0,13,0,21,14.058823529411764,0.2647058823529412,13.0
77,BOT,Kick Sauber,14,0.0,2021,Qatar Grand Prix,0,0,0,3,4,21,16.0,0.0,16.0
24,ZHO,Kick Sauber,15,0.0,2021,Qatar Grand Prix,0,0,0,23,4,21,16.0,0.0,15.0
30,LAW,RB,16,0.0,2021,Qatar Grand Prix,0,0,0,9,7,21,16.0,0.8181818181818182,10.0
11,PER,Red Bull Racing,17,0.0,2021,Qatar Grand Prix,0,0,0,14,8,21,8.882352941176471,11.705882352941176,10.0
14,ALO,Aston Martin,18,0.0,2021,Qatar Grand Prix,0,0,0,1,1,21,10.0,2.411764705882353,8.0
23,ALB,Williams,19,0.0,2021,Qatar Grand Prix,0,0,0,0,9,21,14.117647058823529,0.48484848484848486,20.0
22,TSU,RB,20,0.0,2021,Qatar Grand Prix,0,0,0,21,7,21,13.294117647058824,0.7941176470588235,12.0
1,VER,Red Bull Racing,1,26.0,2021,Saudi Arabian Grand Prix,1,0,0,22,8,24,3.7222222222222223,12.114285714285714,6.0
31,OCO,Alpine,2,18.0,2021,Saudi Arabian Grand Prix,0,1,0,13,0,24,13.38888888888889,0.7714285714285715,13.0
10,GAS,Alpine,3,15.0,2021,Saudi Arabian Grand Prix,0,0,1,6,0,24,13.5,1.1666666666666667,10.0
63,RUS,Mercedes,4,12.0,2021,Saudi Arabian Grand Prix,0,0,0,17,6,24,6.777777777777778,8.428571428571429,5.0
16,LEC,Ferrari,5,10.0,2021,Saudi Arabian Grand Prix,0,0,0,10,2,24,5.055555555555555,12.142857142857142,3.0
4,NOR,McLaren,6,8.0,2021,Saudi Arabian Grand Prix,0,0,0,12,5,24,4.166666666666667,13.485714285714286,2.0
22,TSU,RB,7,6.0,2021,Saudi Arabian Grand Prix,0,0,0,21,7,24,12.944444444444445,0.9428571428571428,20.0
81,PIA,McLaren,8,4.0,2021,Saudi Arabian Grand Prix,0,0,0,15,5,24,4.944444444444445,13.222222222222221,8.0
30,LAW,RB,9,2.0,2021,Saudi Arabian Grand Prix,0,0,0,9,7,24,12.5,0.9722222222222222,16.0
44,HAM,Mercedes,10,1.0,2021,Saudi Arabian Grand Prix,0,0,0,7,6,24,6.944444444444445,8.222222222222221,4.0
11,PER,Red Bull Racing,11,0.0,2021,Saudi Arabian Grand Prix,0,0,0,14,8,24,9.0,11.777777777777779,17.0
50,BEA,Haas F1 Team,12,0.0,2021,Saudi Arabian Grand Prix,0,0,0,2,3,24,9.666666666666666,1.0571428571428572,10.0
77,BOT,Kick Sauber,13,0.0,2021,Saudi Arabian Grand Prix,0,0,0,3,4,24,15.833333333333334,0.0,14.0
14,ALO,Aston Martin,14,0.0,2021,Saudi Arabian Grand Prix,0,0,0,1,1,24,10.222222222222221,2.342857142857143,18.0
24,ZHO,Kick Sauber,15,0.0,2021,Saudi Arabian Grand Prix,0,0,0,23,4,24,15.944444444444445,0.0,15.0
55,SAI,Ferrari,16,0.0,2021,Saudi Arabian Grand Prix,0,0,0,18,2,24,6.235294117647059,11.805555555555555,1.0
43,COL,Williams,17,0.0,2021,Saudi Arabian Grand Prix,0,0,0,4,9,24,12.0,0.47058823529411764,12.0
23,ALB,Williams,18,0.0,2021,Saudi Arabian Grand Prix,0,0,0,0,9,24,14.333333333333334,0.45714285714285713,19.0
18,STR,Aston Martin,19,0.0,2021,Saudi Arabian Grand Prix,0,0,0,20,1,24,13.0,2.2777777777777777,11.0
27,HUL,Haas F1 Team,20,0.0,2021,Saudi Arabian Grand Prix,0,0,0,8,3,24,11.666666666666666,1.0277777777777777,9.0
63,RUS,Mercedes,1,25.0,2021,Abu Dhabi Grand Prix,1,0,0,17,6,1,6.473684210526316,8.675675675675675,4.0
44,HAM,Mercedes,2,18.0,2021,Abu Dhabi Grand Prix,0,1,0,7,6,1,6.684210526315789,8.921052631578947,10.0
55,SAI,Ferrari,3,15.0,2021,Abu Dhabi Grand Prix,0,0,1,18,2,1,6.055555555555555,11.891891891891891,16.0
16,LEC,Ferrari,4,12.0,2021,Abu Dhabi Grand Prix,0,0,0,10,2,1,5.0,11.894736842105264,5.0
1,VER,Red Bull Racing,5,10.0,2021,Abu Dhabi Grand Prix,0,0,0,22,8,1,3.789473684210526,11.72972972972973,1.0
4,NOR,McLaren,6,9.0,2021,Abu Dhabi Grand Prix,0,0,0,12,5,1,4.2631578947368425,13.108108108108109,6.0
81,PIA,McLaren,7,6.0,2021,Abu Dhabi Grand Prix,0,0,0,15,5,1,5.052631578947368,12.921052631578947,8.0
27,HUL,Haas F1 Team,8,4.0,2021,Abu Dhabi Grand Prix,0,0,0,8,3,1,11.473684210526315,1.1081081081081081,20.0
22,TSU,RB,9,2.0,2021,Abu Dhabi Grand Prix,0,0,0,21,7,1,12.736842105263158,1.0,7.0
11,PER,Red Bull Racing,10,1.0,2021,Abu Dhabi Grand Prix,0,0,0,14,8,1,9.052631578947368,11.447368421052632,11.0
14,ALO,Aston Martin,11,0.0,2021,Abu Dhabi Grand Prix,0,0,0,1,1,1,10.263157894736842,2.2162162162162162,14.0
20,MAG,Haas F1 Team,12,0.0,2021,Abu Dhabi Grand Prix,0,0,0,11,3,1,13.352941176470589,1.0789473684210527,7.0
24,ZHO,Kick Sauber,13,0.0,2021,Abu Dhabi Grand Prix,0,0,0,23,4,1,15.789473684210526,0.0,15.0
43,COL,Williams,14,0.0,2021,Abu Dhabi Grand Prix,0,0,0,4,9,1,12.333333333333334,0.4444444444444444,17.0
18,STR,Aston Martin,15,0.0,2021,Abu Dhabi Grand Prix,0,0,0,20,1,1,13.105263157894736,2.1578947368421053,19.0
30,LAW,RB,16,0.0,2021,Abu Dhabi Grand Prix,0,0,0,9,7,1,13.666666666666666,0.9736842105263158,9.0
31,OCO,Alpine,17,0.0,2021,Abu Dhabi Grand Prix,0,0,0,13,0,1,13.578947368421053,1.135135135135135,2.0
77,BOT,Kick Sauber,18,0.0,2021,Abu Dhabi Grand Prix,0,0,0,3,4,1,15.947368421052632,0.0,13.0
23,ALB,Williams,19,0.0,2021,Abu Dhabi Grand Prix,0,0,0,0,9,1,14.578947368421053,0.43243243243243246,18.0
10,GAS,Alpine,20,0.0,2021,Abu Dhabi Grand Prix,0,0,0,6,0,1,13.842105263157896,1.105263157894737,3.0
1,VER,Red Bull Racing,1,26.0,2022,Bahrain Grand Prix,1,0,0,22,8,5,1.0,26.0,5.0
11,PER,Red Bull Racing,2,18.0,2022,Bahrain Grand Prix,0,1,0,14,8,5,2.0,22.0,10.0
55,SAI,Ferrari,3,15.0,2022,Bahrain Grand Prix,0,0,1,18,2,5,3.0,15.0,3.0
16,LEC,Ferrari,4,12.0,2022,Bahrain Grand Prix,0,0,0,10,2,5,4.0,13.5,4.0
63,RUS,Mercedes,5,10.0,2022,Bahrain Grand Prix,0,0,0,17,6,5,5.0,10.0,1.0
4,NOR,McLaren,6,8.0,2022,Bahrain Grand Prix,0,0,0,12,5,5,6.0,8.0,6.0
44,HAM,Mercedes,7,6.0,2022,Bahrain Grand Prix,0,0,0,7,6,5,7.0,8.0,2.0
81,PIA,McLaren,8,4.0,2022,Bahrain Grand Prix,0,0,0,15,5,5,8.0,6.0,7.0
14,ALO,Aston Martin,9,2.0,2022,Bahrain Grand Prix,0,0,0,1,1,5,9.0,2.0,11.0
18,STR,Aston Martin,10,1.0,2022,Bahrain Grand Prix,0,0,0,20,1,5,10.0,1.5,15.0
24,ZHO,Kick Sauber,11,0.0,2022,Bahrain Grand Prix,0,0,0,23,4,5,11.0,0.0,13.0
20,MAG,Haas F1 Team,12,0.0,2022,Bahrain Grand Prix,0,0,0,11,3,5,12.0,0.0,12.0
3,RIC,RB,13,0.0,2022,Bahrain Grand Prix,0,0,0,16,7,5,13.0,0.0,18.0
22,TSU,RB,14,0.0,2022,Bahrain Grand Prix,0,0,0,21,7,5,14.0,0.0,9.0
23,ALB,Williams,15,0.0,2022,Bahrain Grand Prix,0,0,0,0,9,5,15.0,0.0,19.0
27,HUL,Haas F1 Team,16,0.0,2022,Bahrain Grand Prix,0,0,0,8,3,5,16.0,0.0,8.0
31,OCO,Alpine,17,0.0,2022,Bahrain Grand Prix,0,0,0,13,0,5,17.0,0.0,17.0
10,GAS,Alpine,18,0.0,2022,Bahrain Grand Prix,0,0,0,6,0,5,18.0,0.0,20.0
77,BOT,Kick Sauber,19,0.0,2022,Bahrain Grand Prix,0,0,0,3,4,5,19.0,0.0,18.0
2,SAR,Williams,20,0.0,2022,Bahrain Grand Prix,0,0,0,19,9,5,20.0,0.0,16.0
1,VER,Red Bull Racing,1,25.0,2022,Saudi Arabian Grand Prix,1,0,0,22,8,24,1.0,23.0,1.0
11,PER,Red Bull Racing,2,18.0,2022,Saudi Arabian Grand Prix,0,1,0,14,8,24,2.0,21.75,2.0
16,LEC,Ferrari,3,16.0,2022,Saudi Arabian Grand Prix,0,0,1,10,2,24,3.5,14.333333333333334,4.0
81,PIA,McLaren,4,12.0,2022,Saudi Arabian Grand Prix,0,0,0,15,5,24,6.0,8.0,8.0
14,ALO,Aston Martin,5,10.0,2022,Saudi Arabian Grand Prix,0,0,0,1,1,24,7.0,4.333333333333333,9.0
63,RUS,Mercedes,6,8.0,2022,Saudi Arabian Grand Prix,0,0,0,17,6,24,5.5,8.0,5.0
38,BEA,Ferrari,7,6.0,2022,Saudi Arabian Grand Prix,0,0,0,2,2,24,7.0,12.25,12.0
4,NOR,McLaren,8,4.0,2022,Saudi Arabian Grand Prix,0,0,0,12,5,24,7.0,7.0,6.0
44,HAM,Mercedes,9,2.0,2022,Saudi Arabian Grand Prix,0,0,0,7,6,24,8.0,6.5,7.0
27,HUL,Haas F1 Team,10,1.0,2022,Saudi Arabian Grand Prix,0,0,0,8,3,24,13.0,0.3333333333333333,16.0
23,ALB,Williams,11,0.0,2022,Saudi Arabian Grand Prix,0,0,0,0,9,24,13.0,0.0,15.0
20,MAG,Haas F1 Team,12,0.0,2022,Saudi Arabian Grand Prix,0,0,0,11,3,24,12.0,0.25,12.0
31,OCO,Alpine,13,0.0,2022,Saudi Arabian Grand Prix,0,0,0,13,0,24,15.0,0.0,17.0
2,SAR,Williams,14,0.0,2022,Saudi Arabian Grand Prix,0,0,0,19,9,24,17.0,0.0,20.0
22,TSU,RB,15,0.0,2022,Saudi Arabian Grand Prix,0,0,0,21,7,24,14.5,0.0,14.0
3,RIC,RB,16,0.0,2022,Saudi Arabian Grand Prix,0,0,0,16,7,24,14.5,0.0,13.0
77,BOT,Kick Sauber,17,0.0,2022,Saudi Arabian Grand Prix,0,0,0,3,4,24,18.0,0.0,19.0
24,ZHO,Kick Sauber,18,0.0,2022,Saudi Arabian Grand Prix,0,0,0,23,4,24,14.5,0.0,11.0
18,STR,Aston Martin,19,0.0,2022,Saudi Arabian Grand Prix,0,0,0,20,1,24,14.5,3.25,10.0
10,GAS,Alpine,20,0.0,2022,Saudi Arabian Grand Prix,0,0,0,6,0,24,19.0,0.0,18.0
55,SAI,Ferrari,1,25.0,2022,Australian Grand Prix,1,0,0,18,2,2,2.0,14.8,3.0
16,LEC,Ferrari,2,19.0,2022,Australian Grand Prix,0,1,0,10,2,2,3.0,15.5,3.0
4,NOR,McLaren,3,15.0,2022,Australian Grand Prix,0,0,1,12,5,2,5.666666666666667,8.6,8.0
81,PIA,McLaren,4,12.0,2022,Australian Grand Prix,0,0,0,15,5,2,5.333333333333333,9.166666666666666,4.0
11,PER,Red Bull Racing,5,10.0,2022,Australian Grand Prix,0,0,0,14,8,2,3.0,19.4,2.0
18,STR,Aston Martin,6,8.0,2022,Australian Grand Prix,0,0,0,20,1,2,11.666666666666666,4.2,19.0
22,TSU,RB,7,6.0,2022,Australian Grand Prix,0,0,0,21,7,2,12.0,1.2,15.0
14,ALO,Aston Martin,8,4.0,2022,Australian Grand Prix,0,0,0,1,1,2,7.333333333333333,4.166666666666667,5.0
27,HUL,Haas F1 Team,9,2.0,2022,Australian Grand Prix,0,0,0,8,3,2,11.666666666666666,0.6,10.0
20,MAG,Haas F1 Team,10,1.0,2022,Australian Grand Prix,0,0,0,11,3,2,11.333333333333334,0.6666666666666666,12.0
23,ALB,Williams,11,0.0,2022,Australian Grand Prix,0,0,0,0,9,2,12.333333333333334,0.0,11.0
3,RIC,RB,12,0.0,2022,Australian Grand Prix,0,0,0,16,7,2,13.666666666666666,1.0,16.0
10,GAS,Alpine,13,0.0,2022,Australian Grand Prix,0,0,0,6,0,2,17.0,0.0,20.0
77,BOT,Kick Sauber,14,0.0,2022,Australian Grand Prix,0,0,0,3,4,2,16.666666666666668,0.0,17.0
24,ZHO,Kick Sauber,15,0.0,2022,Australian Grand Prix,0,0,0,23,4,2,14.666666666666666,0.0,18.0
31,OCO,Alpine,16,0.0,2022,Australian Grand Prix,0,0,0,13,0,2,15.333333333333334,0.0,13.0
63,RUS,Mercedes,17,0.0,2022,Australian Grand Prix,0,0,0,17,6,2,9.333333333333334,5.2,6.0
44,HAM,Mercedes,18,0.0,2022,Australian Grand Prix,0,0,0,7,6,2,11.333333333333334,4.333333333333333,9.0
1,VER,Red Bull Racing,19,0.0,2022,Australian Grand Prix,0,0,0,22,8,2,7.0,16.166666666666668,1.0
1,VER,Red Bull Racing,1,25.0,2022,Miami Grand Prix,1,0,0,22,8,18,5.5,17.428571428571427,19.0
4,NOR,McLaren,2,18.0,2022,Miami Grand Prix,0,1,0,12,5,18,4.75,10.428571428571429,3.0
11,PER,Red Bull Racing,3,15.0,2022,Miami Grand Prix,0,0,1,14,8,18,3.0,17.125,5.0
16,LEC,Ferrari,4,12.0,2022,Miami Grand Prix,0,0,0,10,2,18,3.25,15.0,2.0
55,SAI,Ferrari,5,10.0,2022,Miami Grand Prix,0,0,0,18,2,18,3.0,14.375,1.0
63,RUS,Mercedes,6,8.0,2022,Miami Grand Prix,0,0,0,17,6,18,8.5,4.857142857142857,17.0
14,ALO,Aston Martin,7,7.0,2022,Miami Grand Prix,0,0,0,1,1,18,7.25,4.571428571428571,8.0
81,PIA,McLaren,8,4.0,2022,Miami Grand Prix,0,0,0,15,5,18,6.0,9.625,4.0
44,HAM,Mercedes,9,2.0,2022,Miami Grand Prix,0,0,0,7,6,18,10.75,4.5,18.0
27,HUL,Haas F1 Team,10,1.0,2022,Miami Grand Prix,0,0,0,8,3,18,11.25,0.7142857142857143,9.0
31,OCO,Alpine,11,0.0,2022,Miami Grand Prix,0,0,0,13,0,18,14.25,0.0,16.0
23,ALB,Williams,12,0.0,2022,Miami Grand Prix,0,0,0,0,9,18,12.25,0.0,11.0
10,GAS,Alpine,13,0.0,2022,Miami Grand Prix,0,0,0,6,0,18,16.0,0.0,13.0
24,ZHO,Kick Sauber,14,0.0,2022,Miami Grand Prix,0,0,0,23,4,18,14.5,0.0,15.0
18,STR,Aston Martin,15,0.0,2022,Miami Grand Prix,0,0,0,20,1,18,12.5,4.0,6.0
20,MAG,Haas F1 Team,16,0.0,2022,Miami Grand Prix,0,0,0,11,3,18,12.5,0.625,10.0
2,SAR,Williams,17,0.0,2022,Miami Grand Prix,0,0,0,19,9,18,17.0,0.0,14.0
3,RIC,RB,18,0.0,2022,Miami Grand Prix,0,0,0,16,7,18,14.75,0.8571428571428571,12.0
22,TSU,RB,19,0.0,2022,Miami Grand Prix,0,0,0,21,7,18,13.75,0.75,7.0
77,BOT,Kick Sauber,20,0.0,2022,Miami Grand Prix,0,0,0,3,4,18,17.5,0.0,14.0
4,NOR,McLaren,1,25.0,2022,Spanish Grand Prix,1,0,0,12,5,26,4.0,11.333333333333334,2.0
1,VER,Red Bull Racing,2,18.0,2022,Spanish Grand Prix,0,1,0,22,8,26,4.8,17.22222222222222,1.0
16,LEC,Ferrari,3,15.0,2022,Spanish Grand Prix,0,0,1,10,2,26,3.2,14.444444444444445,4.0
11,PER,Red Bull Racing,4,12.0,2022,Spanish Grand Prix,0,0,0,14,8,26,3.2,16.7,3.0
55,SAI,Ferrari,5,10.0,2022,Spanish Grand Prix,0,0,0,18,2,26,3.5,14.0,5.0
44,HAM,Mercedes,6,8.0,2022,Spanish Grand Prix,0,0,0,7,6,26,9.8,4.888888888888889,9.0
22,TSU,RB,7,6.0,2022,Spanish Grand Prix,0,0,0,21,7,26,12.4,1.3333333333333333,19.0
63,RUS,Mercedes,8,4.0,2022,Spanish Grand Prix,0,0,0,17,6,26,8.4,4.8,6.0
14,ALO,Aston Martin,9,2.0,2022,Spanish Grand Prix,0,0,0,1,1,26,7.6,3.7777777777777777,7.0
31,OCO,Alpine,10,1.0,2022,Spanish Grand Prix,0,0,0,13,0,26,13.4,0.1111111111111111,11.0
27,HUL,Haas F1 Team,11,0.0,2022,Spanish Grand Prix,0,0,0,8,3,26,11.2,0.5555555555555556,10.0
10,GAS,Alpine,12,0.0,2022,Spanish Grand Prix,0,0,0,6,0,26,15.2,0.1,13.0
81,PIA,McLaren,13,0.0,2022,Spanish Grand Prix,0,0,0,15,5,26,7.4,10.2,8.0
24,ZHO,Kick Sauber,14,0.0,2022,Spanish Grand Prix,0,0,0,23,4,26,14.4,0.0,14.0
3,RIC,RB,15,0.0,2022,Spanish Grand Prix,0,0,0,16,7,26,14.8,1.2,18.0
77,BOT,Kick Sauber,16,0.0,2022,Spanish Grand Prix,0,0,0,3,4,26,17.2,0.0,20.0
18,STR,Aston Martin,17,0.0,2022,Spanish Grand Prix,0,0,0,20,1,26,13.4,3.4,15.0
23,ALB,Williams,18,0.0,2022,Spanish Grand Prix,0,0,0,0,9,26,13.4,0.0,12.0
20,MAG,Haas F1 Team,19,0.0,2022,Spanish Grand Prix,0,0,0,11,3,26,13.8,0.5,16.0
2,SAR,Williams,20,0.0,2022,Spanish Grand Prix,0,0,0,19,9,26,17.75,0.0,17.0
1,VER,Red Bull Racing,1,25.0,2022,Monaco Grand Prix,1,0,0,22,8,19,4.166666666666667,17.454545454545453,2.0
4,NOR,McLaren,2,18.0,2022,Monaco Grand Prix,0,1,0,12,5,19,3.6666666666666665,10.909090909090908,1.0
16,LEC,Ferrari,3,15.0,2022,Monaco Grand Prix,0,0,1,10,2,19,3.1666666666666665,14.090909090909092,3.0
81,PIA,McLaren,4,12.0,2022,Monaco Grand Prix,0,0,0,15,5,19,6.833333333333333,11.0,13.0
55,SAI,Ferrari,5,10.0,2022,Monaco Grand Prix,0,0,0,18,2,19,3.8,13.75,5.0
44,HAM,Mercedes,6,8.0,2022,Monaco Grand Prix,0,0,0,7,6,19,9.166666666666666,5.090909090909091,6.0
63,RUS,Mercedes,7,7.0,2022,Monaco Grand Prix,0,0,0,17,6,19,8.166666666666666,5.25,8.0
11,PER,Red Bull Racing,8,4.0,2022,Monaco Grand Prix,0,0,0,14,8,19,4.0,16.333333333333332,4.0
18,STR,Aston Martin,9,2.0,2022,Monaco Grand Prix,0,0,0,20,1,19,12.666666666666666,3.272727272727273,17.0
22,TSU,RB,10,1.0,2022,Monaco Grand Prix,0,0,0,21,7,19,12.0,1.1818181818181819,7.0
27,HUL,Haas F1 Team,11,0.0,2022,Monaco Grand Prix,0,0,0,8,3,19,11.166666666666666,0.45454545454545453,11.0
20,MAG,Haas F1 Team,12,0.0,2022,Monaco Grand Prix,0,0,0,11,3,19,13.5,0.4166666666666667,19.0
3,RIC,RB,13,0.0,2022,Monaco Grand Prix,0,0,0,16,7,19,14.5,1.0833333333333333,15.0
31,OCO,Alpine,14,0.0,2022,Monaco Grand Prix,0,0,0,13,0,19,13.5,0.09090909090909091,10.0
24,ZHO,Kick Sauber,15,0.0,2022,Monaco Grand Prix,0,0,0,23,4,19,14.5,0.0,14.0
10,GAS,Alpine,16,0.0,2022,Monaco Grand Prix,0,0,0,6,0,19,15.333333333333334,0.08333333333333333,12.0
2,SAR,Williams,17,0.0,2022,Monaco Grand Prix,0,0,0,19,9,19,17.6,0.0,20.0
77,BOT,Kick Sauber,18,0.0,2022,Monaco Grand Prix,0,0,0,3,4,19,17.333333333333332,0.0,16.0
14,ALO,Aston Martin,19,0.0,2022,Monaco Grand Prix,0,0,0,1,1,19,9.5,3.0,9.0
23,ALB,Williams,20,0.0,2022,Monaco Grand Prix,0,0,0,0,9,19,14.5,0.0,18.0
16,LEC,Ferrari,1,25.0,2022,Azerbaijan Grand Prix,1,0,0,10,2,4,2.857142857142857,14.615384615384615,3.0
81,PIA,McLaren,2,18.0,2022,Azerbaijan Grand Prix,0,1,0,15,5,4,6.142857142857143,11.538461538461538,4.0
55,SAI,Ferrari,3,15.0,2022,Azerbaijan Grand Prix,0,0,1,18,2,4,3.6666666666666665,14.642857142857142,5.0
4,NOR,McLaren,4,12.0,2022,Azerbaijan Grand Prix,0,0,0,12,5,4,3.7142857142857144,11.571428571428571,2.0
63,RUS,Mercedes,5,10.0,2022,Azerbaijan Grand Prix,0,0,0,17,6,4,7.714285714285714,5.615384615384615,7.0
1,VER,Red Bull Racing,6,8.0,2022,Azerbaijan Grand Prix,0,0,0,22,8,4,4.428571428571429,15.692307692307692,1.0
44,HAM,Mercedes,7,7.0,2022,Azerbaijan Grand Prix,0,0,0,7,6,4,8.857142857142858,5.714285714285714,6.0
22,TSU,RB,8,4.0,2022,Azerbaijan Grand Prix,0,0,0,21,7,4,11.428571428571429,1.3076923076923077,10.0
23,ALB,Williams,9,2.0,2022,Azerbaijan Grand Prix,0,0,0,0,9,4,13.714285714285714,0.16666666666666666,20.0
10,GAS,Alpine,10,1.0,2022,Azerbaijan Grand Prix,0,0,0,6,0,4,14.571428571428571,0.15384615384615385,16.0
14,ALO,Aston Martin,11,0.0,2022,Azerbaijan Grand Prix,0,0,0,1,1,4,9.714285714285714,2.769230769230769,19.0
3,RIC,RB,12,0.0,2022,Azerbaijan Grand Prix,0,0,0,16,7,4,14.142857142857142,1.2142857142857142,13.0
77,BOT,Kick Sauber,13,0.0,2022,Azerbaijan Grand Prix,0,0,0,3,4,4,16.714285714285715,0.0,18.0
18,STR,Aston Martin,14,0.0,2022,Azerbaijan Grand Prix,0,0,0,20,1,4,12.857142857142858,2.5714285714285716,9.0
2,SAR,Williams,15,0.0,2022,Azerbaijan Grand Prix,0,0,0,19,9,4,17.166666666666668,0.15384615384615385,17.0
24,ZHO,Kick Sauber,16,0.0,2022,Azerbaijan Grand Prix,0,0,0,23,4,4,14.714285714285714,0.0,15.0
31,OCO,Alpine,17,0.0,2022,Azerbaijan Grand Prix,0,0,0,13,0,4,14.0,0.14285714285714285,14.0
11,PER,Red Bull Racing,18,0.0,2022,Azerbaijan Grand Prix,0,0,0,14,8,4,6.0,14.571428571428571,8.0
27,HUL,Haas F1 Team,19,0.0,2022,Azerbaijan Grand Prix,0,0,0,8,3,4,12.285714285714286,0.38461538461538464,11.0
20,MAG,Haas F1 Team,20,0.0,2022,Azerbaijan Grand Prix,0,0,0,11,3,4,14.428571428571429,0.35714285714285715,12.0
1,VER,Red Bull Racing,1,25.0,2022,Canadian Grand Prix,1,0,0,22,8,8,4.0,15.266666666666667,6.0
4,NOR,McLaren,2,18.0,2022,Canadian Grand Prix,0,1,0,12,5,8,3.5,12.0,4.0
63,RUS,Mercedes,3,15.0,2022,Canadian Grand Prix,0,0,1,17,6,8,7.125,6.333333333333333,5.0
44,HAM,Mercedes,4,13.0,2022,Canadian Grand Prix,0,0,0,7,6,8,8.25,6.75,7.0
81,PIA,McLaren,5,10.0,2022,Canadian Grand Prix,0,0,0,15,5,8,6.0,11.875,2.0
14,ALO,Aston Martin,6,8.0,2022,Canadian Grand Prix,0,0,0,1,1,8,9.25,2.933333333333333,11.0
18,STR,Aston Martin,7,6.0,2022,Canadian Grand Prix,0,0,0,20,1,8,12.125,3.125,14.0
3,RIC,RB,8,4.0,2022,Canadian Grand Prix,0,0,0,16,7,8,13.375,1.4,12.0
10,GAS,Alpine,9,2.0,2022,Canadian Grand Prix,0,0,0,6,0,8,13.875,0.26666666666666666,10.0
31,OCO,Alpine,10,1.0,2022,Canadian Grand Prix,0,0,0,13,0,8,13.5,0.3125,17.0
27,HUL,Haas F1 Team,11,0.0,2022,Canadian Grand Prix,0,0,0,8,3,8,12.125,0.3333333333333333,19.0
20,MAG,Haas F1 Team,12,0.0,2022,Canadian Grand Prix,0,0,0,11,3,8,14.125,0.3125,20.0
77,BOT,Kick Sauber,13,0.0,2022,Canadian Grand Prix,0,0,0,3,4,8,16.25,0.0,13.0
22,TSU,RB,14,0.0,2022,Canadian Grand Prix,0,0,0,21,7,8,11.75,1.3125,8.0
24,ZHO,Kick Sauber,15,0.0,2022,Canadian Grand Prix,0,0,0,23,4,8,14.75,0.0,16.0
55,SAI,Ferrari,16,0.0,2022,Canadian Grand Prix,0,0,0,18,2,8,5.428571428571429,13.666666666666666,3.0
23,ALB,Williams,17,0.0,2022,Canadian Grand Prix,0,0,0,0,9,8,14.125,0.14285714285714285,9.0
11,PER,Red Bull Racing,18,0.0,2022,Canadian Grand Prix,0,0,0,14,8,8,7.5,14.3125,18.0
16,LEC,Ferrari,19,0.0,2022,Canadian Grand Prix,0,0,0,10,2,8,4.875,12.8125,1.0
2,SAR,Williams,20,0.0,2022,Canadian Grand Prix,0,0,0,19,9,8,17.571428571428573,0.13333333333333333,15.0
1,VER,Red Bull Racing,1,25.0,2022,British Grand Prix,1,0,0,22,8,7,3.6666666666666665,14.941176470588236,1.0
4,NOR,McLaren,2,19.0,2022,British Grand Prix,0,1,0,12,5,7,3.3333333333333335,12.294117647058824,2.0
44,HAM,Mercedes,3,15.0,2022,British Grand Prix,0,0,1,7,6,7,7.666666666666667,7.235294117647059,4.0
63,RUS,Mercedes,4,12.0,2022,British Grand Prix,0,0,0,17,6,7,6.777777777777778,7.5,3.0
16,LEC,Ferrari,5,10.0,2022,British Grand Prix,0,0,0,10,2,7,4.888888888888889,12.647058823529411,19.0
55,SAI,Ferrari,6,8.0,2022,British Grand Prix,0,0,0,18,2,7,5.5,12.38888888888889,16.0
81,PIA,McLaren,7,6.0,2022,British Grand Prix,0,0,0,15,5,7,6.111111111111111,11.944444444444445,5.0
11,PER,Red Bull Racing,8,4.0,2022,British Grand Prix,0,0,0,14,8,7,7.555555555555555,14.333333333333334,18.0
10,GAS,Alpine,9,2.0,2022,British Grand Prix,0,0,0,6,0,7,13.333333333333334,0.4117647058823529,9.0
31,OCO,Alpine,10,1.0,2022,British Grand Prix,0,0,0,13,0,7,13.11111111111111,0.4444444444444444,10.0
27,HUL,Haas F1 Team,11,0.0,2022,British Grand Prix,0,0,0,8,3,7,12.0,0.29411764705882354,11.0
14,ALO,Aston Martin,12,0.0,2022,British Grand Prix,0,0,0,1,1,7,9.555555555555555,2.9411764705882355,6.0
24,ZHO,Kick Sauber,13,0.0,2022,British Grand Prix,0,0,0,23,4,7,14.555555555555555,0.0,15.0
18,STR,Aston Martin,14,0.0,2022,British Grand Prix,0,0,0,20,1,7,12.333333333333334,2.7777777777777777,7.0
3,RIC,RB,15,0.0,2022,British Grand Prix,0,0,0,16,7,7,13.555555555555555,1.2352941176470589,8.0
77,BOT,Kick Sauber,16,0.0,2022,British Grand Prix,0,0,0,3,4,7,16.22222222222222,0.0,13.0
20,MAG,Haas F1 Team,17,0.0,2022,British Grand Prix,0,0,0,11,3,7,14.444444444444445,0.2777777777777778,12.0
23,ALB,Williams,18,0.0,2022,British Grand Prix,0,0,0,0,9,7,14.555555555555555,0.125,17.0
22,TSU,RB,19,0.0,2022,British Grand Prix,0,0,0,21,7,7,12.555555555555555,1.1666666666666667,14.0
2,SAR,Williams,20,0.0,2022,British Grand Prix,0,0,0,19,9,7,17.875,0.11764705882352941,20.0
44,HAM,Mercedes,1,25.0,2022,French Grand Prix,1,0,0,7,6,12,7.0,8.421052631578947,3.0
1,VER,Red Bull Racing,2,18.0,2022,French Grand Prix,0,1,0,22,8,12,3.5,14.526315789473685,1.0
4,NOR,McLaren,3,15.0,2022,French Grand Prix,0,0,1,12,5,12,3.3,12.105263157894736,2.0
81,PIA,McLaren,4,12.0,2022,French Grand Prix,0,0,0,15,5,12,5.9,12.1,7.0
55,SAI,Ferrari,5,11.0,2022,French Grand Prix,0,0,0,18,2,12,5.444444444444445,12.31578947368421,6.0
27,HUL,Haas F1 Team,6,8.0,2022,French Grand Prix,0,0,0,8,3,12,11.4,0.6842105263157895,11.0
18,STR,Aston Martin,7,6.0,2022,French Grand Prix,0,0,0,20,1,12,11.8,2.9473684210526314,14.0
14,ALO,Aston Martin,8,4.0,2022,French Grand Prix,0,0,0,1,1,12,9.4,3.0,12.0
23,ALB,Williams,9,2.0,2022,French Grand Prix,0,0,0,0,9,12,14.0,0.2222222222222222,18.0
22,TSU,RB,10,1.0,2022,French Grand Prix,0,0,0,21,7,12,12.3,1.1578947368421053,19.0
2,SAR,Williams,11,0.0,2022,French Grand Prix,0,0,0,19,9,12,17.11111111111111,0.21052631578947367,20.0
20,MAG,Haas F1 Team,12,0.0,2022,French Grand Prix,0,0,0,11,3,12,14.2,0.65,17.0
3,RIC,RB,13,0.0,2022,French Grand Prix,0,0,0,16,7,12,13.5,1.1,15.0
16,LEC,Ferrari,14,0.0,2022,French Grand Prix,0,0,0,10,2,12,5.8,11.7,5.0
77,BOT,Kick Sauber,15,0.0,2022,French Grand Prix,0,0,0,3,4,12,16.1,0.0,16.0
31,OCO,Alpine,16,0.0,2022,French Grand Prix,0,0,0,13,0,12,13.4,0.42105263157894735,10.0
11,PER,Red Bull Racing,17,0.0,2022,French Grand Prix,0,0,0,14,8,12,8.5,13.8,8.0
24,ZHO,Kick Sauber,18,0.0,2022,French Grand Prix,0,0,0,23,4,12,14.9,0.0,13.0
63,RUS,Mercedes,19,0.0,2022,French Grand Prix,0,0,0,17,6,12,8.0,8.0,4.0
10,GAS,Alpine,20,0.0,2022,French Grand Prix,0,0,0,6,0,12,14.0,0.4,9.0
81,PIA,McLaren,1,25.0,2022,Hungarian Grand Prix,1,0,0,15,5,13,5.454545454545454,12.714285714285714,4.0
4,NOR,McLaren,2,18.0,2022,Hungarian Grand Prix,0,1,0,12,5,13,3.1818181818181817,12.954545454545455,3.0
44,HAM,Mercedes,3,15.0,2022,Hungarian Grand Prix,0,0,1,7,6,13,6.636363636363637,8.333333333333334,1.0
16,LEC,Ferrari,4,12.0,2022,Hungarian Grand Prix,0,0,0,10,2,13,5.636363636363637,11.714285714285714,14.0
1,VER,Red Bull Racing,5,10.0,2022,Hungarian Grand Prix,0,0,0,22,8,13,3.6363636363636362,13.619047619047619,2.0
55,SAI,Ferrari,6,8.0,2022,Hungarian Grand Prix,0,0,0,18,2,13,5.5,11.545454545454545,5.0
11,PER,Red Bull Racing,7,6.0,2022,Hungarian Grand Prix,0,0,0,14,8,13,8.363636363636363,13.272727272727273,17.0
63,RUS,Mercedes,8,5.0,2022,Hungarian Grand Prix,0,0,0,17,6,13,8.0,8.181818181818182,19.0
22,TSU,RB,9,2.0,2022,Hungarian Grand Prix,0,0,0,21,7,13,12.0,1.1428571428571428,10.0
18,STR,Aston Martin,10,1.0,2022,Hungarian Grand Prix,0,0,0,20,1,13,11.636363636363637,2.9047619047619047,7.0
14,ALO,Aston Martin,11,0.0,2022,Hungarian Grand Prix,0,0,0,1,1,13,9.545454545454545,2.772727272727273,8.0
3,RIC,RB,12,0.0,2022,Hungarian Grand Prix,0,0,0,16,7,13,13.363636363636363,1.0909090909090908,13.0
27,HUL,Haas F1 Team,13,0.0,2022,Hungarian Grand Prix,0,0,0,8,3,13,11.545454545454545,0.6190476190476191,6.0
23,ALB,Williams,14,0.0,2022,Hungarian Grand Prix,0,0,0,0,9,13,14.0,0.2,9.0
20,MAG,Haas F1 Team,15,0.0,2022,Hungarian Grand Prix,0,0,0,11,3,13,14.272727272727273,0.5909090909090909,12.0
77,BOT,Kick Sauber,16,0.0,2022,Hungarian Grand Prix,0,0,0,3,4,13,16.09090909090909,0.0,15.0
2,SAR,Williams,17,0.0,2022,Hungarian Grand Prix,0,0,0,19,9,13,17.1,0.19047619047619047,11.0
31,OCO,Alpine,18,0.0,2022,Hungarian Grand Prix,0,0,0,13,0,13,13.818181818181818,0.38095238095238093,16.0
24,ZHO,Kick Sauber,19,0.0,2022,Hungarian Grand Prix,0,0,0,23,4,13,15.272727272727273,0.0,18.0
10,GAS,Alpine,20,0.0,2022,Hungarian Grand Prix,0,0,0,6,0,13,14.545454545454545,0.36363636363636365,20.0
44,HAM,Mercedes,1,25.0,2022,Belgian Grand Prix,1,0,0,7,6,6,6.166666666666667,8.91304347826087,3.0
81,PIA,McLaren,2,18.0,2022,Belgian Grand Prix,0,1,0,15,5,6,5.166666666666667,13.173913043478262,1.0
16,LEC,Ferrari,3,15.0,2022,Belgian Grand Prix,0,0,1,10,2,6,5.416666666666667,11.695652173913043,4.0
1,VER,Red Bull Racing,4,12.0,2022,Belgian Grand Prix,0,0,0,22,8,6,3.6666666666666665,13.217391304347826,5.0
4,NOR,McLaren,5,10.0,2022,Belgian Grand Prix,0,0,0,12,5,6,3.3333333333333335,13.041666666666666,2.0
55,SAI,Ferrari,6,8.0,2022,Belgian Grand Prix,0,0,0,18,2,6,5.545454545454546,11.541666666666666,6.0
11,PER,Red Bull Racing,7,7.0,2022,Belgian Grand Prix,0,0,0,14,8,6,8.25,12.958333333333334,7.0
14,ALO,Aston Martin,8,4.0,2022,Belgian Grand Prix,0,0,0,1,1,6,9.416666666666666,2.8260869565217392,11.0
31,OCO,Alpine,9,2.0,2022,Belgian Grand Prix,0,0,0,13,0,6,13.416666666666666,0.43478260869565216,18.0
3,RIC,RB,10,1.0,2022,Belgian Grand Prix,0,0,0,16,7,6,13.083333333333334,1.0869565217391304,12.0
18,STR,Aston Martin,11,0.0,2022,Belgian Grand Prix,0,0,0,20,1,6,11.583333333333334,2.7083333333333335,10.0
23,ALB,Williams,12,0.0,2022,Belgian Grand Prix,0,0,0,0,9,6,13.833333333333334,0.18181818181818182,14.0
10,GAS,Alpine,13,0.0,2022,Belgian Grand Prix,0,0,0,6,0,6,14.416666666666666,0.4166666666666667,20.0
20,MAG,Haas F1 Team,14,0.0,2022,Belgian Grand Prix,0,0,0,11,3,6,14.25,0.5652173913043478,15.0
77,BOT,Kick Sauber,15,0.0,2022,Belgian Grand Prix,0,0,0,3,4,6,16.0,0.0,16.0
22,TSU,RB,16,0.0,2022,Belgian Grand Prix,0,0,0,21,7,6,12.333333333333334,1.0416666666666667,9.0
2,SAR,Williams,17,0.0,2022,Belgian Grand Prix,0,0,0,19,9,6,17.09090909090909,0.17391304347826086,17.0
27,HUL,Haas F1 Team,18,0.0,2022,Belgian Grand Prix,0,0,0,8,3,6,12.083333333333334,0.5416666666666666,13.0
24,ZHO,Kick Sauber,19,0.0,2022,Belgian Grand Prix,0,0,0,23,4,6,15.583333333333334,0.0,19.0
63,RUS,Mercedes,20,0.0,2022,Belgian Grand Prix,0,0,0,17,6,6,9.0,8.541666666666666,8.0
4,NOR,McLaren,1,26.0,2022,Dutch Grand Prix,1,0,0,12,5,9,3.1538461538461537,13.56,5.0
1,VER,Red Bull Racing,2,18.0,2022,Dutch Grand Prix,0,1,0,22,8,9,3.5384615384615383,13.16,4.0
16,LEC,Ferrari,3,15.0,2022,Dutch Grand Prix,0,0,1,10,2,9,5.230769230769231,11.68,3.0
81,PIA,McLaren,4,12.0,2022,Dutch Grand Prix,0,0,0,15,5,9,5.076923076923077,13.5,2.0
55,SAI,Ferrari,5,10.0,2022,Dutch Grand Prix,0,0,0,18,2,9,5.5,11.615384615384615,6.0
11,PER,Red Bull Racing,6,8.0,2022,Dutch Grand Prix,0,0,0,14,8,9,8.076923076923077,12.961538461538462,7.0
63,RUS,Mercedes,7,6.0,2022,Dutch Grand Prix,0,0,0,17,6,9,8.846153846153847,8.44,20.0
44,HAM,Mercedes,8,4.0,2022,Dutch Grand Prix,0,0,0,7,6,9,6.3076923076923075,8.26923076923077,1.0
10,GAS,Alpine,9,2.0,2022,Dutch Grand Prix,0,0,0,6,0,9,14.0,0.48,13.0
14,ALO,Aston Martin,10,1.0,2022,Dutch Grand Prix,0,0,0,1,1,9,9.461538461538462,2.64,8.0
27,HUL,Haas F1 Team,11,0.0,2022,Dutch Grand Prix,0,0,0,8,3,9,12.0,0.52,18.0
3,RIC,RB,12,0.0,2022,Dutch Grand Prix,0,0,0,16,7,9,13.0,1.0,10.0
18,STR,Aston Martin,13,0.0,2022,Dutch Grand Prix,0,0,0,20,1,9,11.692307692307692,2.5384615384615383,11.0
23,ALB,Williams,14,0.0,2022,Dutch Grand Prix,0,0,0,0,9,9,13.846153846153847,0.16666666666666666,12.0
31,OCO,Alpine,15,0.0,2022,Dutch Grand Prix,0,0,0,13,0,9,13.538461538461538,0.46153846153846156,9.0
2,SAR,Williams,16,0.0,2022,Dutch Grand Prix,0,0,0,19,9,9,17.0,0.16,17.0
22,TSU,RB,17,0.0,2022,Dutch Grand Prix,0,0,0,21,7,9,12.692307692307692,0.9615384615384616,16.0
20,MAG,Haas F1 Team,18,0.0,2022,Dutch Grand Prix,0,0,0,11,3,9,14.538461538461538,0.5,14.0
77,BOT,Kick Sauber,19,0.0,2022,Dutch Grand Prix,0,0,0,3,4,9,16.23076923076923,0.0,15.0
24,ZHO,Kick Sauber,20,0.0,2022,Dutch Grand Prix,0,0,0,23,4,9,15.923076923076923,0.0,19.0
16,LEC,Ferrari,1,25.0,2022,Italian Grand Prix,1,0,0,10,2,14,4.928571428571429,12.11111111111111,3.0
81,PIA,McLaren,2,18.0,2022,Italian Grand Prix,0,1,0,15,5,14,4.857142857142857,13.666666666666666,4.0
4,NOR,McLaren,3,16.0,2022,Italian Grand Prix,0,0,1,12,5,14,3.142857142857143,13.75,1.0
55,SAI,Ferrari,4,12.0,2022,Italian Grand Prix,0,0,0,18,2,14,5.384615384615385,12.107142857142858,5.0
44,HAM,Mercedes,5,10.0,2022,Italian Grand Prix,0,0,0,7,6,14,6.214285714285714,8.333333333333334,8.0
1,VER,Red Bull Racing,6,8.0,2022,Italian Grand Prix,0,0,0,22,8,14,3.7142857142857144,12.777777777777779,2.0
63,RUS,Mercedes,7,6.0,2022,Italian Grand Prix,0,0,0,17,6,14,8.714285714285714,8.25,7.0
11,PER,Red Bull Racing,8,4.0,2022,Italian Grand Prix,0,0,0,14,8,14,8.071428571428571,12.464285714285714,6.0
23,ALB,Williams,9,2.0,2022,Italian Grand Prix,0,0,0,0,9,14,13.5,0.23076923076923078,14.0
20,MAG,Haas F1 Team,10,1.0,2022,Italian Grand Prix,0,0,0,11,3,14,14.214285714285714,0.5185185185185185,18.0
14,ALO,Aston Martin,11,0.0,2022,Italian Grand Prix,0,0,0,1,1,14,9.571428571428571,2.4444444444444446,10.0
43,COL,Williams,12,0.0,2022,Italian Grand Prix,0,0,0,4,9,14,12.0,0.2222222222222222,14.0
3,RIC,RB,13,0.0,2022,Italian Grand Prix,0,0,0,16,7,14,13.0,0.9259259259259259,12.0
31,OCO,Alpine,14,0.0,2022,Italian Grand Prix,0,0,0,13,0,14,13.571428571428571,0.4444444444444444,15.0
10,GAS,Alpine,15,0.0,2022,Italian Grand Prix,0,0,0,6,0,14,14.071428571428571,0.42857142857142855,9.0
77,BOT,Kick Sauber,16,0.0,2022,Italian Grand Prix,0,0,0,3,4,14,16.214285714285715,0.0,19.0
27,HUL,Haas F1 Team,17,0.0,2022,Italian Grand Prix,0,0,0,8,3,14,12.357142857142858,0.5,11.0
24,ZHO,Kick Sauber,18,0.0,2022,Italian Grand Prix,0,0,0,23,4,14,16.071428571428573,0.0,20.0
18,STR,Aston Martin,19,0.0,2022,Italian Grand Prix,0,0,0,20,1,14,12.214285714285714,2.357142857142857,13.0
22,TSU,RB,20,0.0,2022,Italian Grand Prix,0,0,0,21,7,14,13.214285714285714,0.8928571428571429,17.0
81,PIA,McLaren,1,25.0,2022,Singapore Grand Prix,1,0,0,15,5,25,4.6,14.137931034482758,2.0
16,LEC,Ferrari,2,18.0,2022,Singapore Grand Prix,0,1,0,10,2,25,4.733333333333333,12.310344827586206,1.0
63,RUS,Mercedes,3,15.0,2022,Singapore Grand Prix,0,0,1,17,6,25,8.333333333333334,8.482758620689655,7.0
4,NOR,McLaren,4,13.0,2022,Singapore Grand Prix,0,0,0,12,5,25,3.2,14.1,3.0
1,VER,Red Bull Racing,5,10.0,2022,Singapore Grand Prix,0,0,0,22,8,25,3.8,12.379310344827585,6.0
14,ALO,Aston Martin,6,8.0,2022,Singapore Grand Prix,0,0,0,1,1,25,9.333333333333334,2.5517241379310347,11.0
23,ALB,Williams,7,6.0,2022,Singapore Grand Prix,0,0,0,0,9,25,13.066666666666666,0.42857142857142855,9.0
43,COL,Williams,8,4.0,2022,Singapore Grand Prix,0,0,0,4,9,25,10.0,0.5517241379310345,12.0
44,HAM,Mercedes,9,2.0,2022,Singapore Grand Prix,0,0,0,7,6,25,6.4,8.266666666666667,5.0
50,BEA,Haas F1 Team,10,1.0,2022,Singapore Grand Prix,0,0,0,2,3,25,8.5,0.5172413793103449,7.0
27,HUL,Haas F1 Team,11,0.0,2022,Singapore Grand Prix,0,0,0,8,3,25,12.266666666666667,0.5,17.0
10,GAS,Alpine,12,0.0,2022,Singapore Grand Prix,0,0,0,6,0,25,13.933333333333334,0.41379310344827586,15.0
3,RIC,RB,13,0.0,2022,Singapore Grand Prix,0,0,0,16,7,25,13.0,0.8620689655172413,13.0
24,ZHO,Kick Sauber,14,0.0,2022,Singapore Grand Prix,0,0,0,23,4,25,15.933333333333334,0.0,18.0
31,OCO,Alpine,15,0.0,2022,Singapore Grand Prix,0,0,0,13,0,25,13.666666666666666,0.4,14.0
77,BOT,Kick Sauber,16,0.0,2022,Singapore Grand Prix,0,0,0,3,4,25,16.2,0.0,16.0
11,PER,Red Bull Racing,17,0.0,2022,Singapore Grand Prix,0,0,0,14,8,25,8.666666666666666,11.966666666666667,8.0
55,SAI,Ferrari,18,0.0,2022,Singapore Grand Prix,0,0,0,18,2,25,6.285714285714286,11.9,4.0
18,STR,Aston Martin,19,0.0,2022,Singapore Grand Prix,0,0,0,20,1,25,12.666666666666666,2.466666666666667,19.0
22,TSU,RB,20,0.0,2022,Singapore Grand Prix,0,0,0,21,7,25,13.666666666666666,0.8333333333333334,20.0
4,NOR,McLaren,1,25.0,2022,Japanese Grand Prix,1,0,0,12,5,15,3.0625,14.451612903225806,4.0
1,VER,Red Bull Racing,2,18.0,2022,Japanese Grand Prix,0,1,0,22,8,15,3.6875,12.161290322580646,5.0
81,PIA,McLaren,3,15.0,2022,Japanese Grand Prix,0,0,1,15,5,15,4.5,14.46875,1.0
63,RUS,Mercedes,4,12.0,2022,Japanese Grand Prix,0,0,0,17,6,15,8.0625,8.387096774193548,3.0
16,LEC,Ferrari,5,10.0,2022,Japanese Grand Prix,0,0,0,10,2,15,4.75,11.838709677419354,2.0
44,HAM,Mercedes,6,8.0,2022,Japanese Grand Prix,0,0,0,7,6,15,6.375,8.375,9.0
55,SAI,Ferrari,7,6.0,2022,Japanese Grand Prix,0,0,0,18,2,15,6.333333333333333,11.65625,18.0
14,ALO,Aston Martin,8,4.0,2022,Japanese Grand Prix,0,0,0,1,1,15,9.25,2.5161290322580645,6.0
27,HUL,Haas F1 Team,9,2.0,2022,Japanese Grand Prix,0,0,0,8,3,15,12.0625,0.5483870967741935,11.0
11,PER,Red Bull Racing,10,1.0,2022,Japanese Grand Prix,0,0,0,14,8,15,8.75,11.8125,17.0
43,COL,Williams,11,0.0,2022,Japanese Grand Prix,0,0,0,4,9,15,10.333333333333334,0.5333333333333333,8.0
22,TSU,RB,12,0.0,2022,Japanese Grand Prix,0,0,0,21,7,15,13.5625,0.8064516129032258,20.0
31,OCO,Alpine,13,0.0,2022,Japanese Grand Prix,0,0,0,13,0,15,13.625,0.3870967741935484,15.0
18,STR,Aston Martin,14,0.0,2022,Japanese Grand Prix,0,0,0,20,1,15,12.75,2.4375,19.0
24,ZHO,Kick Sauber,15,0.0,2022,Japanese Grand Prix,0,0,0,23,4,15,15.875,0.0,14.0
77,BOT,Kick Sauber,16,0.0,2022,Japanese Grand Prix,0,0,0,3,4,15,16.1875,0.0,16.0
10,GAS,Alpine,17,0.0,2022,Japanese Grand Prix,0,0,0,6,0,15,14.125,0.375,12.0
3,RIC,RB,18,0.0,2022,Japanese Grand Prix,0,0,0,16,7,15,13.3125,0.78125,13.0
20,MAG,Haas F1 Team,19,0.0,2022,Japanese Grand Prix,0,0,0,11,3,15,14.533333333333333,0.53125,10.0
23,ALB,Williams,20,0.0,2022,Japanese Grand Prix,0,0,0,0,9,15,13.5,0.5161290322580645,7.0
16,LEC,Ferrari,1,25.0,2022,United States Grand Prix,1,0,0,10,2,30,4.529411764705882,12.06060606060606,5.0
55,SAI,Ferrari,2,18.0,2022,United States Grand Prix,0,1,0,18,2,30,6.0625,12.235294117647058,7.0
1,VER,Red Bull Racing,3,15.0,2022,United States Grand Prix,0,0,1,22,8,30,3.6470588235294117,11.909090909090908,2.0
4,NOR,McLaren,4,12.0,2022,United States Grand Prix,0,0,0,12,5,30,3.1176470588235294,14.393939393939394,1.0
81,PIA,McLaren,5,10.0,2022,United States Grand Prix,0,0,0,15,5,30,4.529411764705882,14.264705882352942,3.0
63,RUS,Mercedes,6,8.0,2022,United States Grand Prix,0,0,0,17,6,30,7.9411764705882355,8.363636363636363,4.0
11,PER,Red Bull Racing,7,6.0,2022,United States Grand Prix,0,0,0,14,8,30,8.647058823529411,11.735294117647058,10.0
27,HUL,Haas F1 Team,8,4.0,2022,United States Grand Prix,0,0,0,8,3,30,11.823529411764707,0.6363636363636364,9.0
30,LAW,RB,9,2.0,2022,United States Grand Prix,0,0,0,9,7,30,9.0,0.8181818181818182,16.0
43,COL,Williams,10,1.0,2022,United States Grand Prix,0,0,0,4,9,30,10.25,0.53125,11.0
20,MAG,Haas F1 Team,11,0.0,2022,United States Grand Prix,0,0,0,11,3,30,14.3125,0.6176470588235294,19.0
10,GAS,Alpine,12,0.0,2022,United States Grand Prix,0,0,0,6,0,30,14.0,0.36363636363636365,17.0
14,ALO,Aston Martin,13,0.0,2022,United States Grand Prix,0,0,0,1,1,30,9.470588235294118,2.3636363636363638,8.0
22,TSU,RB,14,0.0,2022,United States Grand Prix,0,0,0,21,7,30,13.588235294117647,0.7941176470588235,12.0
18,STR,Aston Martin,15,0.0,2022,United States Grand Prix,0,0,0,20,1,30,12.882352941176471,2.2941176470588234,14.0
23,ALB,Williams,16,0.0,2022,United States Grand Prix,0,0,0,0,9,30,13.647058823529411,0.5151515151515151,20.0
77,BOT,Kick Sauber,17,0.0,2022,United States Grand Prix,0,0,0,3,4,30,16.235294117647058,0.0,16.0
31,OCO,Alpine,18,0.0,2022,United States Grand Prix,0,0,0,13,0,30,13.882352941176471,0.35294117647058826,13.0
24,ZHO,Kick Sauber,19,0.0,2022,United States Grand Prix,0,0,0,23,4,30,16.058823529411764,0.0,15.0
44,HAM,Mercedes,20,0.0,2022,United States Grand Prix,0,0,0,7,6,30,7.176470588235294,8.117647058823529,6.0
55,SAI,Ferrari,1,25.0,2022,Mexico City Grand Prix,1,0,0,18,2,17,5.764705882352941,12.6,2.0
4,NOR,McLaren,2,18.0,2022,Mexico City Grand Prix,0,1,0,12,5,17,3.0555555555555554,14.371428571428572,4.0
16,LEC,Ferrari,3,16.0,2022,Mexico City Grand Prix,0,0,1,10,2,17,4.444444444444445,12.694444444444445,1.0
44,HAM,Mercedes,4,12.0,2022,Mexico City Grand Prix,0,0,0,7,6,17,7.0,8.228571428571428,20.0
63,RUS,Mercedes,5,10.0,2022,Mexico City Grand Prix,0,0,0,17,6,17,7.777777777777778,8.277777777777779,6.0
1,VER,Red Bull Racing,6,8.0,2022,Mexico City Grand Prix,0,0,0,22,8,17,3.7777777777777777,11.628571428571428,3.0
20,MAG,Haas F1 Team,7,6.0,2022,Mexico City Grand Prix,0,0,0,11,3,17,13.882352941176471,0.7714285714285715,11.0
81,PIA,McLaren,8,4.0,2022,Mexico City Grand Prix,0,0,0,15,5,17,4.722222222222222,14.083333333333334,5.0
27,HUL,Haas F1 Team,9,2.0,2022,Mexico City Grand Prix,0,0,0,8,3,17,11.666666666666666,0.8055555555555556,8.0
10,GAS,Alpine,10,1.0,2022,Mexico City Grand Prix,0,0,0,6,0,17,13.777777777777779,0.37142857142857144,12.0
18,STR,Aston Martin,11,0.0,2022,Mexico City Grand Prix,0,0,0,20,1,17,12.777777777777779,2.2285714285714286,15.0
43,COL,Williams,12,0.0,2022,Mexico City Grand Prix,0,0,0,4,9,17,10.6,0.5,10.0
31,OCO,Alpine,13,0.0,2022,Mexico City Grand Prix,0,0,0,13,0,17,13.833333333333334,0.3611111111111111,18.0
77,BOT,Kick Sauber,14,0.0,2022,Mexico City Grand Prix,0,0,0,3,4,17,16.11111111111111,0.0,17.0
24,ZHO,Kick Sauber,15,0.0,2022,Mexico City Grand Prix,0,0,0,23,4,17,16.0,0.0,19.0
30,LAW,RB,16,0.0,2022,Mexico City Grand Prix,0,0,0,9,7,17,12.5,0.7714285714285715,9.0
11,PER,Red Bull Racing,17,0.0,2022,Mexico City Grand Prix,0,0,0,14,8,17,9.11111111111111,11.305555555555555,7.0
14,ALO,Aston Martin,18,0.0,2022,Mexico City Grand Prix,0,0,0,1,1,17,9.944444444444445,2.1666666666666665,13.0
23,ALB,Williams,19,0.0,2022,Mexico City Grand Prix,0,0,0,0,9,17,13.944444444444445,0.4857142857142857,16.0
22,TSU,RB,20,0.0,2022,Mexico City Grand Prix,0,0,0,21,7,17,13.944444444444445,0.75,14.0
63,RUS,Mercedes,1,25.0,2022,Abu Dhabi Grand Prix,1,0,0,17,6,1,7.421052631578948,8.72972972972973,5.0
44,HAM,Mercedes,2,18.0,2022,Abu Dhabi Grand Prix,0,1,0,7,6,1,6.7368421052631575,8.973684210526315,4.0
55,SAI,Ferrari,3,15.0,2022,Abu Dhabi Grand Prix,0,0,1,18,2,1,5.611111111111111,12.756756756756756,1.0
16,LEC,Ferrari,4,12.0,2022,Abu Dhabi Grand Prix,0,0,0,10,2,1,4.421052631578948,12.736842105263158,3.0
1,VER,Red Bull Racing,5,10.0,2022,Abu Dhabi Grand Prix,0,0,0,22,8,1,3.8421052631578947,11.27027027027027,6.0
4,NOR,McLaren,6,9.0,2022,Abu Dhabi Grand Prix,0,0,0,12,5,1,3.210526315789474,13.945945945945946,2.0
81,PIA,McLaren,7,6.0,2022,Abu Dhabi Grand Prix,0,0,0,15,5,1,4.842105263157895,13.736842105263158,8.0
27,HUL,Haas F1 Team,8,4.0,2022,Abu Dhabi Grand Prix,0,0,0,8,3,1,11.473684210526315,0.8918918918918919,9.0
22,TSU,RB,9,2.0,2022,Abu Dhabi Grand Prix,0,0,0,21,7,1,13.68421052631579,0.7837837837837838,20.0
11,PER,Red Bull Racing,10,1.0,2022,Abu Dhabi Grand Prix,0,0,0,14,8,1,9.157894736842104,11.0,17.0
14,ALO,Aston Martin,11,0.0,2022,Abu Dhabi Grand Prix,0,0,0,1,1,1,10.0,2.108108108108108,18.0
20,MAG,Haas F1 Team,12,0.0,2022,Abu Dhabi Grand Prix,0,0,0,11,3,1,13.777777777777779,0.868421052631579,7.0
24,ZHO,Kick Sauber,13,0.0,2022,Abu Dhabi Grand Prix,0,0,0,23,4,1,15.842105263157896,0.0,15.0
43,COL,Williams,14,0.0,2022,Abu Dhabi Grand Prix,0,0,0,4,9,1,11.166666666666666,0.4722222222222222,12.0
18,STR,Aston Martin,15,0.0,2022,Abu Dhabi Grand Prix,0,0,0,20,1,1,12.894736842105264,2.0526315789473686,11.0
30,LAW,RB,16,0.0,2022,Abu Dhabi Grand Prix,0,0,0,9,7,1,13.666666666666666,0.7631578947368421,16.0
31,OCO,Alpine,17,0.0,2022,Abu Dhabi Grand Prix,0,0,0,13,0,1,14.0,0.35135135135135137,13.0
77,BOT,Kick Sauber,18,0.0,2022,Abu Dhabi Grand Prix,0,0,0,3,4,1,16.210526315789473,0.0,14.0
23,ALB,Williams,19,0.0,2022,Abu Dhabi Grand Prix,0,0,0,0,9,1,14.210526315789474,0.4594594594594595,19.0
10,GAS,Alpine,20,0.0,2022,Abu Dhabi Grand Prix,0,0,0,6,0,1,14.105263157894736,0.34210526315789475,10.0
1,VER,Red Bull Racing,1,26.0,2023,Bahrain Grand Prix,1,0,0,22,8,5,1.0,26.0,5.0
11,PER,Red Bull Racing,2,18.0,2023,Bahrain Grand Prix,0,1,0,14,8,5,2.0,22.0,10.0
55,SAI,Ferrari,3,15.0,2023,Bahrain Grand Prix,0,0,1,18,2,5,3.0,15.0,3.0
16,LEC,Ferrari,4,12.0,2023,Bahrain Grand Prix,0,0,0,10,2,5,4.0,13.5,4.0
63,RUS,Mercedes,5,10.0,2023,Bahrain Grand Prix,0,0,0,17,6,5,5.0,10.0,1.0
4,NOR,McLaren,6,8.0,2023,Bahrain Grand Prix,0,0,0,12,5,5,6.0,8.0,6.0
44,HAM,Mercedes,7,6.0,2023,Bahrain Grand Prix,0,0,0,7,6,5,7.0,8.0,2.0
81,PIA,McLaren,8,4.0,2023,Bahrain Grand Prix,0,0,0,15,5,5,8.0,6.0,7.0
14,ALO,Aston Martin,9,2.0,2023,Bahrain Grand Prix,0,0,0,1,1,5,9.0,2.0,11.0
18,STR,Aston Martin,10,1.0,2023,Bahrain Grand Prix,0,0,0,20,1,5,10.0,1.5,15.0
24,ZHO,Kick Sauber,11,0.0,2023,Bahrain Grand Prix,0,0,0,23,4,5,11.0,0.0,13.0
20,MAG,Haas F1 Team,12,0.0,2023,Bahrain Grand Prix,0,0,0,11,3,5,12.0,0.0,12.0
3,RIC,RB,13,0.0,2023,Bahrain Grand Prix,0,0,0,16,7,5,13.0,0.0,18.0
22,TSU,RB,14,0.0,2023,Bahrain Grand Prix,0,0,0,21,7,5,14.0,0.0,9.0
23,ALB,Williams,15,0.0,2023,Bahrain Grand Prix,0,0,0,0,9,5,15.0,0.0,19.0
27,HUL,Haas F1 Team,16,0.0,2023,Bahrain Grand Prix,0,0,0,8,3,5,16.0,0.0,8.0
31,OCO,Alpine,17,0.0,2023,Bahrain Grand Prix,0,0,0,13,0,5,17.0,0.0,17.0
10,GAS,Alpine,18,0.0,2023,Bahrain Grand Prix,0,0,0,6,0,5,18.0,0.0,20.0
77,BOT,Kick Sauber,19,0.0,2023,Bahrain Grand Prix,0,0,0,3,4,5,19.0,0.0,18.0
2,SAR,Williams,20,0.0,2023,Bahrain Grand Prix,0,0,0,19,9,5,20.0,0.0,16.0
1,VER,Red Bull Racing,1,25.0,2023,Saudi Arabian Grand Prix,1,0,0,22,8,24,1.0,23.0,1.0
11,PER,Red Bull Racing,2,18.0,2023,Saudi Arabian Grand Prix,0,1,0,14,8,24,2.0,21.75,2.0
16,LEC,Ferrari,3,16.0,2023,Saudi Arabian Grand Prix,0,0,1,10,2,24,3.5,14.333333333333334,4.0
81,PIA,McLaren,4,12.0,2023,Saudi Arabian Grand Prix,0,0,0,15,5,24,6.0,8.0,8.0
14,ALO,Aston Martin,5,10.0,2023,Saudi Arabian Grand Prix,0,0,0,1,1,24,7.0,4.333333333333333,9.0
63,RUS,Mercedes,6,8.0,2023,Saudi Arabian Grand Prix,0,0,0,17,6,24,5.5,8.0,5.0
38,BEA,Ferrari,7,6.0,2023,Saudi Arabian Grand Prix,0,0,0,2,2,24,7.0,12.25,10.0
4,NOR,McLaren,8,4.0,2023,Saudi Arabian Grand Prix,0,0,0,12,5,24,7.0,7.0,6.0
44,HAM,Mercedes,9,2.0,2023,Saudi Arabian Grand Prix,0,0,0,7,6,24,8.0,6.5,7.0
27,HUL,Haas F1 Team,10,1.0,2023,Saudi Arabian Grand Prix,0,0,0,8,3,24,13.0,0.3333333333333333,16.0
23,ALB,Williams,11,0.0,2023,Saudi Arabian Grand Prix,0,0,0,0,9,24,13.0,0.0,15.0
20,MAG,Haas F1 Team,12,0.0,2023,Saudi Arabian Grand Prix,0,0,0,11,3,24,12.0,0.25,12.0
31,OCO,Alpine,13,0.0,2023,Saudi Arabian Grand Prix,0,0,0,13,0,24,15.0,0.0,17.0
2,SAR,Williams,14,0.0,2023,Saudi Arabian Grand Prix,0,0,0,19,9,24,17.0,0.0,20.0
22,TSU,RB,15,0.0,2023,Saudi Arabian Grand Prix,0,0,0,21,7,24,14.5,0.0,14.0
3,RIC,RB,16,0.0,2023,Saudi Arabian Grand Prix,0,0,0,16,7,24,14.5,0.0,13.0
77,BOT,Kick Sauber,17,0.0,2023,Saudi Arabian Grand Prix,0,0,0,3,4,24,18.0,0.0,19.0
24,ZHO,Kick Sauber,18,0.0,2023,Saudi Arabian Grand Prix,0,0,0,23,4,24,14.5,0.0,11.0
18,STR,Aston Martin,19,0.0,2023,Saudi Arabian Grand Prix,0,0,0,20,1,24,14.5,3.25,10.0
10,GAS,Alpine,20,0.0,2023,Saudi Arabian Grand Prix,0,0,0,6,0,24,19.0,0.0,18.0
55,SAI,Ferrari,1,25.0,2023,Australian Grand Prix,1,0,0,18,2,2,2.0,14.8,3.0
16,LEC,Ferrari,2,19.0,2023,Australian Grand Prix,0,1,0,10,2,2,3.0,15.5,3.0
4,NOR,McLaren,3,15.0,2023,Australian Grand Prix,0,0,1,12,5,2,5.666666666666667,8.6,8.0
81,PIA,McLaren,4,12.0,2023,Australian Grand Prix,0,0,0,15,5,2,5.333333333333333,9.166666666666666,4.0
11,PER,Red Bull Racing,5,10.0,2023,Australian Grand Prix,0,0,0,14,8,2,3.0,19.4,2.0
18,STR,Aston Martin,6,8.0,2023,Australian Grand Prix,0,0,0,20,1,2,11.666666666666666,4.2,19.0
22,TSU,RB,7,6.0,2023,Australian Grand Prix,0,0,0,21,7,2,12.0,1.2,15.0
14,ALO,Aston Martin,8,4.0,2023,Australian Grand Prix,0,0,0,1,1,2,7.333333333333333,4.166666666666667,5.0
27,HUL,Haas F1 Team,9,2.0,2023,Australian Grand Prix,0,0,0,8,3,2,11.666666666666666,0.6,10.0
20,MAG,Haas F1 Team,10,1.0,2023,Australian Grand Prix,0,0,0,11,3,2,11.333333333333334,0.6666666666666666,12.0
23,ALB,Williams,11,0.0,2023,Australian Grand Prix,0,0,0,0,9,2,12.333333333333334,0.0,11.0
3,RIC,RB,12,0.0,2023,Australian Grand Prix,0,0,0,16,7,2,13.666666666666666,1.0,16.0
10,GAS,Alpine,13,0.0,2023,Australian Grand Prix,0,0,0,6,0,2,17.0,0.0,20.0
77,BOT,Kick Sauber,14,0.0,2023,Australian Grand Prix,0,0,0,3,4,2,16.666666666666668,0.0,17.0
24,ZHO,Kick Sauber,15,0.0,2023,Australian Grand Prix,0,0,0,23,4,2,14.666666666666666,0.0,18.0
31,OCO,Alpine,16,0.0,2023,Australian Grand Prix,0,0,0,13,0,2,15.333333333333334,0.0,13.0
63,RUS,Mercedes,17,0.0,2023,Australian Grand Prix,0,0,0,17,6,2,9.333333333333334,5.2,6.0
44,HAM,Mercedes,18,0.0,2023,Australian Grand Prix,0,0,0,7,6,2,11.333333333333334,4.333333333333333,9.0
1,VER,Red Bull Racing,19,0.0,2023,Australian Grand Prix,0,0,0,22,8,2,7.0,16.166666666666668,1.0
1,VER,Red Bull Racing,1,25.0,2023,Miami Grand Prix,1,0,0,22,8,18,5.5,17.428571428571427,19.0
4,NOR,McLaren,2,18.0,2023,Miami Grand Prix,0,1,0,12,5,18,4.75,10.428571428571429,3.0
11,PER,Red Bull Racing,3,15.0,2023,Miami Grand Prix,0,0,1,14,8,18,3.0,17.125,5.0
16,LEC,Ferrari,4,12.0,2023,Miami Grand Prix,0,0,0,10,2,18,3.25,15.0,2.0
55,SAI,Ferrari,5,10.0,2023,Miami Grand Prix,0,0,0,18,2,18,3.0,14.375,1.0
63,RUS,Mercedes,6,8.0,2023,Miami Grand Prix,0,0,0,17,6,18,8.5,4.857142857142857,17.0
14,ALO,Aston Martin,7,7.0,2023,Miami Grand Prix,0,0,0,1,1,18,7.25,4.571428571428571,8.0
81,PIA,McLaren,8,4.0,2023,Miami Grand Prix,0,0,0,15,5,18,6.0,9.625,4.0
44,HAM,Mercedes,9,2.0,2023,Miami Grand Prix,0,0,0,7,6,18,10.75,4.5,18.0
27,HUL,Haas F1 Team,10,1.0,2023,Miami Grand Prix,0,0,0,8,3,18,11.25,0.7142857142857143,9.0
31,OCO,Alpine,11,0.0,2023,Miami Grand Prix,0,0,0,13,0,18,14.25,0.0,16.0
23,ALB,Williams,12,0.0,2023,Miami Grand Prix,0,0,0,0,9,18,12.25,0.0,11.0
10,GAS,Alpine,13,0.0,2023,Miami Grand Prix,0,0,0,6,0,18,16.0,0.0,13.0
24,ZHO,Kick Sauber,14,0.0,2023,Miami Grand Prix,0,0,0,23,4,18,14.5,0.0,15.0
18,STR,Aston Martin,15,0.0,2023,Miami Grand Prix,0,0,0,20,1,18,12.5,4.0,6.0
20,MAG,Haas F1 Team,16,0.0,2023,Miami Grand Prix,0,0,0,11,3,18,12.5,0.625,10.0
2,SAR,Williams,17,0.0,2023,Miami Grand Prix,0,0,0,19,9,18,17.0,0.0,14.0
3,RIC,RB,18,0.0,2023,Miami Grand Prix,0,0,0,16,7,18,14.75,0.8571428571428571,12.0
22,TSU,RB,19,0.0,2023,Miami Grand Prix,0,0,0,21,7,18,13.75,0.75,7.0
77,BOT,Kick Sauber,20,0.0,2023,Miami Grand Prix,0,0,0,3,4,18,17.5,0.0,14.0
4,NOR,McLaren,1,25.0,2023,Monaco Grand Prix,1,0,0,12,5,19,4.0,11.333333333333334,2.0
1,VER,Red Bull Racing,2,18.0,2023,Monaco Grand Prix,0,1,0,22,8,19,4.8,17.22222222222222,1.0
16,LEC,Ferrari,3,15.0,2023,Monaco Grand Prix,0,0,1,10,2,19,3.2,14.444444444444445,4.0
11,PER,Red Bull Racing,4,12.0,2023,Monaco Grand Prix,0,0,0,14,8,19,3.2,16.7,3.0
55,SAI,Ferrari,5,10.0,2023,Monaco Grand Prix,0,0,0,18,2,19,3.5,14.0,5.0
44,HAM,Mercedes,6,8.0,2023,Monaco Grand Prix,0,0,0,7,6,19,9.8,4.888888888888889,9.0
22,TSU,RB,7,6.0,2023,Monaco Grand Prix,0,0,0,21,7,19,12.4,1.3333333333333333,19.0
63,RUS,Mercedes,8,4.0,2023,Monaco Grand Prix,0,0,0,17,6,19,8.4,4.8,6.0
14,ALO,Aston Martin,9,2.0,2023,Monaco Grand Prix,0,0,0,1,1,19,7.6,3.7777777777777777,7.0
31,OCO,Alpine,10,1.0,2023,Monaco Grand Prix,0,0,0,13,0,19,13.4,0.1111111111111111,11.0
27,HUL,Haas F1 Team,11,0.0,2023,Monaco Grand Prix,0,0,0,8,3,19,11.2,0.5555555555555556,10.0
10,GAS,Alpine,12,0.0,2023,Monaco Grand Prix,0,0,0,6,0,19,15.2,0.1,13.0
81,PIA,McLaren,13,0.0,2023,Monaco Grand Prix,0,0,0,15,5,19,7.4,10.2,8.0
24,ZHO,Kick Sauber,14,0.0,2023,Monaco Grand Prix,0,0,0,23,4,19,14.4,0.0,14.0
3,RIC,RB,15,0.0,2023,Monaco Grand Prix,0,0,0,16,7,19,14.8,1.2,18.0
77,BOT,Kick Sauber,16,0.0,2023,Monaco Grand Prix,0,0,0,3,4,19,17.2,0.0,20.0
18,STR,Aston Martin,17,0.0,2023,Monaco Grand Prix,0,0,0,20,1,19,13.4,3.4,15.0
23,ALB,Williams,18,0.0,2023,Monaco Grand Prix,0,0,0,0,9,19,13.4,0.0,12.0
20,MAG,Haas F1 Team,19,0.0,2023,Monaco Grand Prix,0,0,0,11,3,19,13.8,0.5,16.0
2,SAR,Williams,20,0.0,2023,Monaco Grand Prix,0,0,0,19,9,19,17.75,0.0,17.0
1,VER,Red Bull Racing,1,25.0,2023,Spanish Grand Prix,1,0,0,22,8,26,4.166666666666667,17.454545454545453,2.0
4,NOR,McLaren,2,18.0,2023,Spanish Grand Prix,0,1,0,12,5,26,3.6666666666666665,10.909090909090908,1.0
16,LEC,Ferrari,3,15.0,2023,Spanish Grand Prix,0,0,1,10,2,26,3.1666666666666665,14.090909090909092,3.0
81,PIA,McLaren,4,12.0,2023,Spanish Grand Prix,0,0,0,15,5,26,6.833333333333333,11.0,13.0
55,SAI,Ferrari,5,10.0,2023,Spanish Grand Prix,0,0,0,18,2,26,3.8,13.75,5.0
44,HAM,Mercedes,6,8.0,2023,Spanish Grand Prix,0,0,0,7,6,26,9.166666666666666,5.090909090909091,6.0
63,RUS,Mercedes,7,7.0,2023,Spanish Grand Prix,0,0,0,17,6,26,8.166666666666666,5.25,8.0
11,PER,Red Bull Racing,8,4.0,2023,Spanish Grand Prix,0,0,0,14,8,26,4.0,16.333333333333332,4.0
18,STR,Aston Martin,9,2.0,2023,Spanish Grand Prix,0,0,0,20,1,26,12.666666666666666,3.272727272727273,17.0
22,TSU,RB,10,1.0,2023,Spanish Grand Prix,0,0,0,21,7,26,12.0,1.1818181818181819,7.0
27,HUL,Haas F1 Team,11,0.0,2023,Spanish Grand Prix,0,0,0,8,3,26,11.166666666666666,0.45454545454545453,11.0
20,MAG,Haas F1 Team,12,0.0,2023,Spanish Grand Prix,0,0,0,11,3,26,13.5,0.4166666666666667,19.0
3,RIC,RB,13,0.0,2023,Spanish Grand Prix,0,0,0,16,7,26,14.5,1.0833333333333333,15.0
31,OCO,Alpine,14,0.0,2023,Spanish Grand Prix,0,0,0,13,0,26,13.5,0.09090909090909091,10.0
24,ZHO,Kick Sauber,15,0.0,2023,Spanish Grand Prix,0,0,0,23,4,26,14.5,0.0,14.0
10,GAS,Alpine,16,0.0,2023,Spanish Grand Prix,0,0,0,6,0,26,15.333333333333334,0.08333333333333333,12.0
2,SAR,Williams,17,0.0,2023,Spanish Grand Prix,0,0,0,19,9,26,17.6,0.0,20.0
77,BOT,Kick Sauber,18,0.0,2023,Spanish Grand Prix,0,0,0,3,4,26,17.333333333333332,0.0,16.0
14,ALO,Aston Martin,19,0.0,2023,Spanish Grand Prix,0,0,0,1,1,26,9.5,3.0,9.0
23,ALB,Williams,20,0.0,2023,Spanish Grand Prix,0,0,0,0,9,26,14.5,0.0,18.0
16,LEC,Ferrari,1,25.0,2023,Canadian Grand Prix,1,0,0,10,2,8,2.857142857142857,14.615384615384615,3.0
81,PIA,McLaren,2,18.0,2023,Canadian Grand Prix,0,1,0,15,5,8,6.142857142857143,11.538461538461538,4.0
55,SAI,Ferrari,3,15.0,2023,Canadian Grand Prix,0,0,1,18,2,8,3.6666666666666665,14.642857142857142,5.0
4,NOR,McLaren,4,12.0,2023,Canadian Grand Prix,0,0,0,12,5,8,3.7142857142857144,11.571428571428571,2.0
63,RUS,Mercedes,5,10.0,2023,Canadian Grand Prix,0,0,0,17,6,8,7.714285714285714,5.615384615384615,7.0
1,VER,Red Bull Racing,6,8.0,2023,Canadian Grand Prix,0,0,0,22,8,8,4.428571428571429,15.692307692307692,1.0
44,HAM,Mercedes,7,7.0,2023,Canadian Grand Prix,0,0,0,7,6,8,8.857142857142858,5.714285714285714,6.0
22,TSU,RB,8,4.0,2023,Canadian Grand Prix,0,0,0,21,7,8,11.428571428571429,1.3076923076923077,10.0
23,ALB,Williams,9,2.0,2023,Canadian Grand Prix,0,0,0,0,9,8,13.714285714285714,0.16666666666666666,20.0
10,GAS,Alpine,10,1.0,2023,Canadian Grand Prix,0,0,0,6,0,8,14.571428571428571,0.15384615384615385,16.0
14,ALO,Aston Martin,11,0.0,2023,Canadian Grand Prix,0,0,0,1,1,8,9.714285714285714,2.769230769230769,19.0
3,RIC,RB,12,0.0,2023,Canadian Grand Prix,0,0,0,16,7,8,14.142857142857142,1.2142857142857142,13.0
77,BOT,Kick Sauber,13,0.0,2023,Canadian Grand Prix,0,0,0,3,4,8,16.714285714285715,0.0,18.0
18,STR,Aston Martin,14,0.0,2023,Canadian Grand Prix,0,0,0,20,1,8,12.857142857142858,2.5714285714285716,9.0
2,SAR,Williams,15,0.0,2023,Canadian Grand Prix,0,0,0,19,9,8,17.166666666666668,0.15384615384615385,17.0
24,ZHO,Kick Sauber,16,0.0,2023,Canadian Grand Prix,0,0,0,23,4,8,14.714285714285714,0.0,15.0
31,OCO,Alpine,17,0.0,2023,Canadian Grand Prix,0,0,0,13,0,8,14.0,0.14285714285714285,14.0
11,PER,Red Bull Racing,18,0.0,2023,Canadian Grand Prix,0,0,0,14,8,8,6.0,14.571428571428571,8.0
27,HUL,Haas F1 Team,19,0.0,2023,Canadian Grand Prix,0,0,0,8,3,8,12.285714285714286,0.38461538461538464,11.0
20,MAG,Haas F1 Team,20,0.0,2023,Canadian Grand Prix,0,0,0,11,3,8,14.428571428571429,0.35714285714285715,12.0
1,VER,Red Bull Racing,1,25.0,2023,British Grand Prix,1,0,0,22,8,7,4.0,15.266666666666667,6.0
4,NOR,McLaren,2,19.0,2023,British Grand Prix,0,1,0,12,5,7,3.5,12.066666666666666,4.0
44,HAM,Mercedes,3,15.0,2023,British Grand Prix,0,0,1,7,6,7,8.125,6.333333333333333,7.0
63,RUS,Mercedes,4,12.0,2023,British Grand Prix,0,0,0,17,6,7,7.25,6.6875,5.0
16,LEC,Ferrari,5,10.0,2023,British Grand Prix,0,0,0,10,2,7,3.125,14.333333333333334,1.0
55,SAI,Ferrari,6,8.0,2023,British Grand Prix,0,0,0,18,2,7,4.0,13.9375,3.0
81,PIA,McLaren,7,6.0,2023,British Grand Prix,0,0,0,15,5,7,6.25,11.6875,2.0
11,PER,Red Bull Racing,8,4.0,2023,British Grand Prix,0,0,0,14,8,7,6.25,14.5625,18.0
10,GAS,Alpine,9,2.0,2023,British Grand Prix,0,0,0,6,0,7,13.875,0.26666666666666666,10.0
31,OCO,Alpine,10,1.0,2023,British Grand Prix,0,0,0,13,0,7,13.5,0.3125,17.0
27,HUL,Haas F1 Team,11,0.0,2023,British Grand Prix,0,0,0,8,3,7,12.125,0.3333333333333333,19.0
14,ALO,Aston Martin,12,0.0,2023,British Grand Prix,0,0,0,1,1,7,10.0,2.4,11.0
24,ZHO,Kick Sauber,13,0.0,2023,British Grand Prix,0,0,0,23,4,7,14.5,0.0,16.0
18,STR,Aston Martin,14,0.0,2023,British Grand Prix,0,0,0,20,1,7,13.0,2.25,14.0
3,RIC,RB,15,0.0,2023,British Grand Prix,0,0,0,16,7,7,14.25,1.1333333333333333,12.0
77,BOT,Kick Sauber,16,0.0,2023,British Grand Prix,0,0,0,3,4,7,16.625,0.0,13.0
20,MAG,Haas F1 Team,17,0.0,2023,British Grand Prix,0,0,0,11,3,7,14.75,0.3125,20.0
23,ALB,Williams,18,0.0,2023,British Grand Prix,0,0,0,0,9,7,14.25,0.14285714285714285,9.0
22,TSU,RB,19,0.0,2023,British Grand Prix,0,0,0,21,7,7,12.375,1.0625,8.0
2,SAR,Williams,20,0.0,2023,British Grand Prix,0,0,0,19,9,7,17.571428571428573,0.13333333333333333,15.0
63,RUS,Mercedes,1,25.0,2023,Hungarian Grand Prix,1,0,0,17,6,13,6.555555555555555,7.764705882352941,4.0
81,PIA,McLaren,2,18.0,2023,Hungarian Grand Prix,0,1,0,15,5,13,5.777777777777778,12.058823529411764,7.0
55,SAI,Ferrari,3,15.0,2023,Hungarian Grand Prix,0,0,1,18,2,13,3.875,14.0,6.0
44,HAM,Mercedes,4,12.0,2023,Hungarian Grand Prix,0,0,0,7,6,13,7.666666666666667,8.0,3.0
1,VER,Red Bull Racing,5,10.0,2023,Hungarian Grand Prix,0,0,0,22,8,13,4.111111111111111,14.294117647058824,1.0
27,HUL,Haas F1 Team,6,8.0,2023,Hungarian Grand Prix,0,0,0,8,3,13,11.444444444444445,0.7647058823529411,11.0
11,PER,Red Bull Racing,7,6.0,2023,Hungarian Grand Prix,0,0,0,14,8,13,6.333333333333333,13.833333333333334,8.0
20,MAG,Haas F1 Team,8,4.0,2023,Hungarian Grand Prix,0,0,0,11,3,13,14.0,0.9444444444444444,17.0
3,RIC,RB,9,2.0,2023,Hungarian Grand Prix,0,0,0,16,7,13,13.666666666666666,1.1176470588235294,15.0
10,GAS,Alpine,10,1.0,2023,Hungarian Grand Prix,0,0,0,6,0,13,13.444444444444445,0.35294117647058826,9.0
16,LEC,Ferrari,11,0.0,2023,Hungarian Grand Prix,0,0,0,10,2,13,4.0,13.222222222222221,5.0
31,OCO,Alpine,12,0.0,2023,Hungarian Grand Prix,0,0,0,13,0,13,13.333333333333334,0.3333333333333333,10.0
18,STR,Aston Martin,13,0.0,2023,Hungarian Grand Prix,0,0,0,20,1,13,13.0,2.1176470588235294,14.0
22,TSU,RB,14,0.0,2023,Hungarian Grand Prix,0,0,0,21,7,13,12.555555555555555,1.0555555555555556,19.0
23,ALB,Williams,15,0.0,2023,Hungarian Grand Prix,0,0,0,0,9,13,14.333333333333334,0.125,18.0
77,BOT,Kick Sauber,16,0.0,2023,Hungarian Grand Prix,0,0,0,3,4,13,16.555555555555557,0.0,16.0
24,ZHO,Kick Sauber,17,0.0,2023,Hungarian Grand Prix,0,0,0,23,4,13,14.777777777777779,0.0,13.0
14,ALO,Aston Martin,18,0.0,2023,Hungarian Grand Prix,0,0,0,1,1,13,10.88888888888889,2.0,12.0
2,SAR,Williams,19,0.0,2023,Hungarian Grand Prix,0,0,0,19,9,13,17.75,0.11764705882352941,20.0
4,NOR,McLaren,20,0.0,2023,Hungarian Grand Prix,0,0,0,12,5,13,5.333333333333333,11.38888888888889,2.0
81,PIA,McLaren,1,25.0,2023,Dutch Grand Prix,1,0,0,15,5,9,5.3,12.105263157894736,2.0
4,NOR,McLaren,2,18.0,2023,Dutch Grand Prix,0,1,0,12,5,9,5.0,12.4,20.0
44,HAM,Mercedes,3,15.0,2023,Dutch Grand Prix,0,0,1,7,6,9,7.2,8.368421052631579,4.0
16,LEC,Ferrari,4,12.0,2023,Dutch Grand Prix,0,0,0,10,2,9,4.0,13.157894736842104,11.0
1,VER,Red Bull Racing,5,10.0,2023,Dutch Grand Prix,0,0,0,22,8,9,4.2,13.631578947368421,5.0
55,SAI,Ferrari,6,8.0,2023,Dutch Grand Prix,0,0,0,18,2,9,4.111111111111111,12.9,3.0
11,PER,Red Bull Racing,7,6.0,2023,Dutch Grand Prix,0,0,0,14,8,9,6.4,13.25,7.0
63,RUS,Mercedes,8,5.0,2023,Dutch Grand Prix,0,0,0,17,6,9,6.7,8.2,1.0
22,TSU,RB,9,2.0,2023,Dutch Grand Prix,0,0,0,21,7,9,12.2,1.105263157894737,14.0
18,STR,Aston Martin,10,1.0,2023,Dutch Grand Prix,0,0,0,20,1,9,12.7,1.9473684210526316,13.0
14,ALO,Aston Martin,11,0.0,2023,Dutch Grand Prix,0,0,0,1,1,9,10.9,1.85,18.0
3,RIC,RB,12,0.0,2023,Dutch Grand Prix,0,0,0,16,7,9,13.5,1.05,9.0
27,HUL,Haas F1 Team,13,0.0,2023,Dutch Grand Prix,0,0,0,8,3,9,11.6,0.8947368421052632,6.0
23,ALB,Williams,14,0.0,2023,Dutch Grand Prix,0,0,0,0,9,9,14.3,0.1111111111111111,15.0
20,MAG,Haas F1 Team,15,0.0,2023,Dutch Grand Prix,0,0,0,11,3,9,14.1,0.85,8.0
77,BOT,Kick Sauber,16,0.0,2023,Dutch Grand Prix,0,0,0,3,4,9,16.5,0.0,16.0
2,SAR,Williams,17,0.0,2023,Dutch Grand Prix,0,0,0,19,9,9,17.666666666666668,0.10526315789473684,19.0
31,OCO,Alpine,18,0.0,2023,Dutch Grand Prix,0,0,0,13,0,9,13.8,0.3157894736842105,12.0
24,ZHO,Kick Sauber,19,0.0,2023,Dutch Grand Prix,0,0,0,23,4,9,15.2,0.0,17.0
10,GAS,Alpine,20,0.0,2023,Dutch Grand Prix,0,0,0,6,0,9,14.1,0.3,10.0
44,HAM,Mercedes,1,25.0,2023,Italian Grand Prix,1,0,0,7,6,14,6.636363636363637,9.0,3.0
81,PIA,McLaren,2,18.0,2023,Italian Grand Prix,0,1,0,15,5,14,5.0,12.666666666666666,1.0
16,LEC,Ferrari,3,15.0,2023,Italian Grand Prix,0,0,1,10,2,14,3.909090909090909,13.0,4.0
1,VER,Red Bull Racing,4,12.0,2023,Italian Grand Prix,0,0,0,22,8,14,4.181818181818182,13.19047619047619,5.0
4,NOR,McLaren,5,10.0,2023,Italian Grand Prix,0,0,0,12,5,14,5.0,12.545454545454545,2.0
55,SAI,Ferrari,6,8.0,2023,Italian Grand Prix,0,0,0,18,2,14,4.3,12.772727272727273,6.0
11,PER,Red Bull Racing,7,7.0,2023,Italian Grand Prix,0,0,0,14,8,14,6.454545454545454,12.909090909090908,7.0
14,ALO,Aston Martin,8,4.0,2023,Italian Grand Prix,0,0,0,1,1,14,10.636363636363637,1.9523809523809523,11.0
31,OCO,Alpine,9,2.0,2023,Italian Grand Prix,0,0,0,13,0,14,13.363636363636363,0.38095238095238093,18.0
3,RIC,RB,10,1.0,2023,Italian Grand Prix,0,0,0,16,7,14,13.181818181818182,1.0476190476190477,12.0
18,STR,Aston Martin,11,0.0,2023,Italian Grand Prix,0,0,0,20,1,14,12.545454545454545,1.8636363636363635,10.0
23,ALB,Williams,12,0.0,2023,Italian Grand Prix,0,0,0,0,9,14,14.090909090909092,0.1,14.0
10,GAS,Alpine,13,0.0,2023,Italian Grand Prix,0,0,0,6,0,14,14.0,0.36363636363636365,20.0
20,MAG,Haas F1 Team,14,0.0,2023,Italian Grand Prix,0,0,0,11,3,14,14.090909090909092,0.8095238095238095,15.0
77,BOT,Kick Sauber,15,0.0,2023,Italian Grand Prix,0,0,0,3,4,14,16.363636363636363,0.0,16.0
22,TSU,RB,16,0.0,2023,Italian Grand Prix,0,0,0,21,7,14,12.545454545454545,1.0,9.0
2,SAR,Williams,17,0.0,2023,Italian Grand Prix,0,0,0,19,9,14,17.6,0.09523809523809523,17.0
27,HUL,Haas F1 Team,18,0.0,2023,Italian Grand Prix,0,0,0,8,3,14,12.181818181818182,0.7727272727272727,13.0
24,ZHO,Kick Sauber,19,0.0,2023,Italian Grand Prix,0,0,0,23,4,14,15.545454545454545,0.0,19.0
63,RUS,Mercedes,20,0.0,2023,Italian Grand Prix,0,0,0,17,6,14,7.909090909090909,8.590909090909092,8.0
4,NOR,McLaren,1,26.0,2023,Singapore Grand Prix,1,0,0,12,5,25,4.666666666666667,13.130434782608695,5.0
1,VER,Red Bull Racing,2,18.0,2023,Singapore Grand Prix,0,1,0,22,8,25,4.0,13.130434782608695,4.0
16,LEC,Ferrari,3,15.0,2023,Singapore Grand Prix,0,0,1,10,2,25,3.8333333333333335,12.869565217391305,3.0
81,PIA,McLaren,4,12.0,2023,Singapore Grand Prix,0,0,0,15,5,25,4.916666666666667,13.083333333333334,2.0
55,SAI,Ferrari,5,10.0,2023,Singapore Grand Prix,0,0,0,18,2,25,4.363636363636363,12.75,6.0
11,PER,Red Bull Racing,6,8.0,2023,Singapore Grand Prix,0,0,0,14,8,25,6.416666666666667,12.916666666666666,7.0
63,RUS,Mercedes,7,6.0,2023,Singapore Grand Prix,0,0,0,17,6,25,7.833333333333333,8.478260869565217,20.0
44,HAM,Mercedes,8,4.0,2023,Singapore Grand Prix,0,0,0,7,6,25,6.75,8.291666666666666,1.0
10,GAS,Alpine,9,2.0,2023,Singapore Grand Prix,0,0,0,6,0,25,13.583333333333334,0.43478260869565216,13.0
14,ALO,Aston Martin,10,1.0,2023,Singapore Grand Prix,0,0,0,1,1,25,10.583333333333334,1.826086956521739,8.0
27,HUL,Haas F1 Team,11,0.0,2023,Singapore Grand Prix,0,0,0,8,3,25,12.083333333333334,0.7391304347826086,18.0
3,RIC,RB,12,0.0,2023,Singapore Grand Prix,0,0,0,16,7,25,13.083333333333334,0.9565217391304348,10.0
18,STR,Aston Martin,13,0.0,2023,Singapore Grand Prix,0,0,0,20,1,25,12.583333333333334,1.75,11.0
23,ALB,Williams,14,0.0,2023,Singapore Grand Prix,0,0,0,0,9,25,14.083333333333334,0.09090909090909091,12.0
31,OCO,Alpine,15,0.0,2023,Singapore Grand Prix,0,0,0,13,0,25,13.5,0.4166666666666667,9.0
2,SAR,Williams,16,0.0,2023,Singapore Grand Prix,0,0,0,19,9,25,17.454545454545453,0.08695652173913043,17.0
22,TSU,RB,17,0.0,2023,Singapore Grand Prix,0,0,0,21,7,25,12.916666666666666,0.9166666666666666,16.0
20,MAG,Haas F1 Team,18,0.0,2023,Singapore Grand Prix,0,0,0,11,3,25,14.416666666666666,0.7083333333333334,14.0
77,BOT,Kick Sauber,19,0.0,2023,Singapore Grand Prix,0,0,0,3,4,25,16.583333333333332,0.0,15.0
24,ZHO,Kick Sauber,20,0.0,2023,Singapore Grand Prix,0,0,0,23,4,25,15.916666666666666,0.0,19.0
16,LEC,Ferrari,1,25.0,2023,Japanese Grand Prix,1,0,0,10,2,15,3.6153846153846154,13.24,3.0
81,PIA,McLaren,2,18.0,2023,Japanese Grand Prix,0,1,0,15,5,15,4.6923076923076925,13.28,4.0
4,NOR,McLaren,3,16.0,2023,Japanese Grand Prix,0,0,1,12,5,15,4.538461538461538,13.384615384615385,1.0
55,SAI,Ferrari,4,12.0,2023,Japanese Grand Prix,0,0,0,18,2,15,4.333333333333333,13.192307692307692,5.0
44,HAM,Mercedes,5,10.0,2023,Japanese Grand Prix,0,0,0,7,6,15,6.615384615384615,8.36,8.0
1,VER,Red Bull Racing,6,8.0,2023,Japanese Grand Prix,0,0,0,22,8,15,4.153846153846154,12.72,2.0
63,RUS,Mercedes,7,6.0,2023,Japanese Grand Prix,0,0,0,17,6,15,7.769230769230769,8.26923076923077,7.0
11,PER,Red Bull Racing,8,4.0,2023,Japanese Grand Prix,0,0,0,14,8,15,6.538461538461538,12.384615384615385,6.0
23,ALB,Williams,9,2.0,2023,Japanese Grand Prix,0,0,0,0,9,15,13.692307692307692,0.16666666666666666,14.0
20,MAG,Haas F1 Team,10,1.0,2023,Japanese Grand Prix,0,0,0,11,3,15,14.076923076923077,0.72,18.0
14,ALO,Aston Martin,11,0.0,2023,Japanese Grand Prix,0,0,0,1,1,15,10.615384615384615,1.68,10.0
43,COL,Williams,12,0.0,2023,Japanese Grand Prix,0,0,0,4,9,15,12.0,0.16,14.0
3,RIC,RB,13,0.0,2023,Japanese Grand Prix,0,0,0,16,7,15,13.076923076923077,0.88,12.0
31,OCO,Alpine,14,0.0,2023,Japanese Grand Prix,0,0,0,13,0,15,13.538461538461538,0.4,15.0
10,GAS,Alpine,15,0.0,2023,Japanese Grand Prix,0,0,0,6,0,15,13.692307692307692,0.38461538461538464,9.0
77,BOT,Kick Sauber,16,0.0,2023,Japanese Grand Prix,0,0,0,3,4,15,16.53846153846154,0.0,19.0
27,HUL,Haas F1 Team,17,0.0,2023,Japanese Grand Prix,0,0,0,8,3,15,12.461538461538462,0.6923076923076923,11.0
24,ZHO,Kick Sauber,18,0.0,2023,Japanese Grand Prix,0,0,0,23,4,15,16.076923076923077,0.0,20.0
18,STR,Aston Martin,19,0.0,2023,Japanese Grand Prix,0,0,0,20,1,15,13.076923076923077,1.6153846153846154,13.0
22,TSU,RB,20,0.0,2023,Japanese Grand Prix,0,0,0,21,7,15,13.461538461538462,0.8461538461538461,17.0
16,LEC,Ferrari,1,25.0,2023,Mexico City Grand Prix,1,0,0,10,2,17,3.4285714285714284,13.62962962962963,1.0
55,SAI,Ferrari,2,18.0,2023,Mexico City Grand Prix,0,1,0,18,2,17,4.153846153846154,13.785714285714286,4.0
1,VER,Red Bull Racing,3,15.0,2023,Mexico City Grand Prix,0,0,1,22,8,17,4.071428571428571,12.481481481481481,6.0
4,NOR,McLaren,4,12.0,2023,Mexico City Grand Prix,0,0,0,12,5,17,4.5,13.333333333333334,3.0
81,PIA,McLaren,5,10.0,2023,Mexico City Grand Prix,0,0,0,15,5,17,4.714285714285714,13.214285714285714,2.0
63,RUS,Mercedes,6,8.0,2023,Mexico City Grand Prix,0,0,0,17,6,17,7.642857142857143,8.25925925925926,7.0
11,PER,Red Bull Racing,7,6.0,2023,Mexico City Grand Prix,0,0,0,14,8,17,6.571428571428571,12.25,8.0
27,HUL,Haas F1 Team,8,4.0,2023,Mexico City Grand Prix,0,0,0,8,3,17,12.142857142857142,0.8148148148148148,17.0
30,LAW,RB,9,2.0,2023,Mexico City Grand Prix,0,0,0,9,7,17,9.0,0.8888888888888888,16.0
43,COL,Williams,10,1.0,2023,Mexico City Grand Prix,0,0,0,4,9,17,11.0,0.19230769230769232,12.0
20,MAG,Haas F1 Team,11,0.0,2023,Mexico City Grand Prix,0,0,0,11,3,17,13.857142857142858,0.7857142857142857,10.0
10,GAS,Alpine,12,0.0,2023,Mexico City Grand Prix,0,0,0,6,0,17,13.571428571428571,0.37037037037037035,15.0
14,ALO,Aston Martin,13,0.0,2023,Mexico City Grand Prix,0,0,0,1,1,17,10.785714285714286,1.5555555555555556,11.0
22,TSU,RB,14,0.0,2023,Mexico City Grand Prix,0,0,0,21,7,17,13.5,0.8571428571428571,20.0
18,STR,Aston Martin,15,0.0,2023,Mexico City Grand Prix,0,0,0,20,1,17,13.214285714285714,1.5,19.0
23,ALB,Williams,16,0.0,2023,Mexico City Grand Prix,0,0,0,0,9,17,13.857142857142858,0.18518518518518517,9.0
77,BOT,Kick Sauber,17,0.0,2023,Mexico City Grand Prix,0,0,0,3,4,17,16.571428571428573,0.0,16.0
31,OCO,Alpine,18,0.0,2023,Mexico City Grand Prix,0,0,0,13,0,17,13.857142857142858,0.35714285714285715,14.0
24,ZHO,Kick Sauber,19,0.0,2023,Mexico City Grand Prix,0,0,0,23,4,17,16.285714285714285,0.0,18.0
44,HAM,Mercedes,20,0.0,2023,Mexico City Grand Prix,0,0,0,7,6,17,7.571428571428571,7.964285714285714,5.0
1,VER,Red Bull Racing,1,26.0,2023,Las Vegas Grand Prix,1,0,0,22,8,16,3.8666666666666667,12.724137931034482,3.0
31,OCO,Alpine,2,18.0,2023,Las Vegas Grand Prix,0,1,0,13,0,16,13.066666666666666,0.9655172413793104,18.0
10,GAS,Alpine,3,15.0,2023,Las Vegas Grand Prix,0,0,1,6,0,16,12.866666666666667,1.4333333333333333,12.0
63,RUS,Mercedes,4,12.0,2023,Las Vegas Grand Prix,0,0,0,17,6,16,7.4,8.10344827586207,6.0
16,LEC,Ferrari,5,10.0,2023,Las Vegas Grand Prix,0,0,0,10,2,16,3.533333333333333,13.655172413793103,1.0
4,NOR,McLaren,6,8.0,2023,Las Vegas Grand Prix,0,0,0,12,5,16,4.6,13.03448275862069,4.0
22,TSU,RB,7,6.0,2023,Las Vegas Grand Prix,0,0,0,21,7,16,13.066666666666666,1.0344827586206897,14.0
81,PIA,McLaren,8,4.0,2023,Las Vegas Grand Prix,0,0,0,15,5,16,4.933333333333334,12.733333333333333,5.0
30,LAW,RB,9,2.0,2023,Las Vegas Grand Prix,0,0,0,9,7,16,9.0,1.0666666666666667,9.0
44,HAM,Mercedes,10,1.0,2023,Las Vegas Grand Prix,0,0,0,7,6,16,7.733333333333333,7.866666666666666,20.0
11,PER,Red Bull Racing,11,0.0,2023,Las Vegas Grand Prix,0,0,0,14,8,16,6.866666666666666,12.3,7.0
50,BEA,Haas F1 Team,12,0.0,2023,Las Vegas Grand Prix,0,0,0,2,3,16,9.5,0.7586206896551724,7.0
77,BOT,Kick Sauber,13,0.0,2023,Las Vegas Grand Prix,0,0,0,3,4,16,16.333333333333332,0.0,17.0
14,ALO,Aston Martin,14,0.0,2023,Las Vegas Grand Prix,0,0,0,1,1,16,11.0,1.4482758620689655,13.0
24,ZHO,Kick Sauber,15,0.0,2023,Las Vegas Grand Prix,0,0,0,23,4,16,16.2,0.0,19.0
55,SAI,Ferrari,16,0.0,2023,Las Vegas Grand Prix,0,0,0,18,2,16,5.0,13.2,2.0
43,COL,Williams,17,0.0,2023,Las Vegas Grand Prix,0,0,0,4,9,16,13.0,0.17857142857142858,10.0
23,ALB,Williams,18,0.0,2023,Las Vegas Grand Prix,0,0,0,0,9,16,14.133333333333333,0.1724137931034483,16.0
18,STR,Aston Martin,19,0.0,2023,Las Vegas Grand Prix,0,0,0,20,1,16,13.6,1.4,15.0
27,HUL,Haas F1 Team,20,0.0,2023,Las Vegas Grand Prix,0,0,0,8,3,16,12.666666666666666,0.7333333333333333,8.0
63,RUS,Mercedes,1,25.0,2023,Abu Dhabi Grand Prix,1,0,0,17,6,1,7.0,8.419354838709678,4.0
44,HAM,Mercedes,2,18.0,2023,Abu Dhabi Grand Prix,0,1,0,7,6,1,7.375,8.71875,10.0
55,SAI,Ferrari,3,15.0,2023,Abu Dhabi Grand Prix,0,0,1,18,2,1,4.866666666666666,13.258064516129032,16.0
16,LEC,Ferrari,4,12.0,2023,Abu Dhabi Grand Prix,0,0,0,10,2,1,3.5625,13.21875,5.0
1,VER,Red Bull Racing,5,10.0,2023,Abu Dhabi Grand Prix,0,0,0,22,8,1,3.9375,12.225806451612904,1.0
4,NOR,McLaren,6,9.0,2023,Abu Dhabi Grand Prix,0,0,0,12,5,1,4.6875,12.612903225806452,6.0
81,PIA,McLaren,7,6.0,2023,Abu Dhabi Grand Prix,0,0,0,15,5,1,5.0625,12.40625,8.0
27,HUL,Haas F1 Team,8,4.0,2023,Abu Dhabi Grand Prix,0,0,0,8,3,1,12.375,0.8387096774193549,20.0
22,TSU,RB,9,2.0,2023,Abu Dhabi Grand Prix,0,0,0,21,7,1,12.8125,1.096774193548387,7.0
11,PER,Red Bull Racing,10,1.0,2023,Abu Dhabi Grand Prix,0,0,0,14,8,1,7.0625,11.875,11.0
14,ALO,Aston Martin,11,0.0,2023,Abu Dhabi Grand Prix,0,0,0,1,1,1,11.0,1.3548387096774193,14.0
20,MAG,Haas F1 Team,12,0.0,2023,Abu Dhabi Grand Prix,0,0,0,11,3,1,13.733333333333333,0.8125,11.0
24,ZHO,Kick Sauber,13,0.0,2023,Abu Dhabi Grand Prix,0,0,0,23,4,1,16.0,0.0,15.0
43,COL,Williams,14,0.0,2023,Abu Dhabi Grand Prix,0,0,0,4,9,1,13.25,0.16666666666666666,17.0
18,STR,Aston Martin,15,0.0,2023,Abu Dhabi Grand Prix,0,0,0,20,1,1,13.6875,1.3125,19.0
30,LAW,RB,16,0.0,2023,Abu Dhabi Grand Prix,0,0,0,9,7,1,11.333333333333334,1.0625,9.0
31,OCO,Alpine,17,0.0,2023,Abu Dhabi Grand Prix,0,0,0,13,0,1,13.3125,1.3870967741935485,2.0
77,BOT,Kick Sauber,18,0.0,2023,Abu Dhabi Grand Prix,0,0,0,3,4,1,16.4375,0.0,13.0
23,ALB,Williams,19,0.0,2023,Abu Dhabi Grand Prix,0,0,0,0,9,1,14.4375,0.16129032258064516,18.0
10,GAS,Alpine,20,0.0,2023,Abu Dhabi Grand Prix,0,0,0,6,0,1,13.3125,1.34375,3.0
1,VER,Red Bull Racing,1,26.0,2024,Bahrain Grand Prix,1,0,0,22,8,5,1.0,26.0,5.0
11,PER,Red Bull Racing,2,18.0,2024,Bahrain Grand Prix,0,1,0,14,8,5,2.0,22.0,10.0
55,SAI,Ferrari,3,15.0,2024,Bahrain Grand Prix,0,0,1,18,2,5,3.0,15.0,3.0
16,LEC,Ferrari,4,12.0,2024,Bahrain Grand Prix,0,0,0,10,2,5,4.0,13.5,4.0
63,RUS,Mercedes,5,10.0,2024,Bahrain Grand Prix,0,0,0,17,6,5,5.0,10.0,1.0
4,NOR,McLaren,6,8.0,2024,Bahrain Grand Prix,0,0,0,12,5,5,6.0,8.0,6.0
44,HAM,Mercedes,7,6.0,2024,Bahrain Grand Prix,0,0,0,7,6,5,7.0,8.0,2.0
81,PIA,McLaren,8,4.0,2024,Bahrain Grand Prix,0,0,0,15,5,5,8.0,6.0,7.0
14,ALO,Aston Martin,9,2.0,2024,Bahrain Grand Prix,0,0,0,1,1,5,9.0,2.0,11.0
18,STR,Aston Martin,10,1.0,2024,Bahrain Grand Prix,0,0,0,20,1,5,10.0,1.5,15.0
24,ZHO,Kick Sauber,11,0.0,2024,Bahrain Grand Prix,0,0,0,23,4,5,11.0,0.0,13.0
20,MAG,Haas F1 Team,12,0.0,2024,Bahrain Grand Prix,0,0,0,11,3,5,12.0,0.0,12.0
3,RIC,RB,13,0.0,2024,Bahrain Grand Prix,0,0,0,16,7,5,13.0,0.0,13.0
22,TSU,RB,14,0.0,2024,Bahrain Grand Prix,0,0,0,21,7,5,14.0,0.0,9.0
23,ALB,Williams,15,0.0,2024,Bahrain Grand Prix,0,0,0,0,9,5,15.0,0.0,19.0
27,HUL,Haas F1 Team,16,0.0,2024,Bahrain Grand Prix,0,0,0,8,3,5,16.0,0.0,8.0
31,OCO,Alpine,17,0.0,2024,Bahrain Grand Prix,0,0,0,13,0,5,17.0,0.0,17.0
10,GAS,Alpine,18,0.0,2024,Bahrain Grand Prix,0,0,0,6,0,5,18.0,0.0,20.0
77,BOT,Kick Sauber,19,0.0,2024,Bahrain Grand Prix,0,0,0,3,4,5,19.0,0.0,18.0
2,SAR,Williams,20,0.0,2024,Bahrain Grand Prix,0,0,0,19,9,5,20.0,0.0,16.0
1,VER,Red Bull Racing,1,25.0,2024,Saudi Arabian Grand Prix,1,0,0,22,8,24,1.0,23.0,1.0
11,PER,Red Bull Racing,2,18.0,2024,Saudi Arabian Grand Prix,0,1,0,14,8,24,2.0,21.75,2.0
16,LEC,Ferrari,3,16.0,2024,Saudi Arabian Grand Prix,0,0,1,10,2,24,3.5,14.333333333333334,4.0
81,PIA,McLaren,4,12.0,2024,Saudi Arabian Grand Prix,0,0,0,15,5,24,6.0,8.0,8.0
14,ALO,Aston Martin,5,10.0,2024,Saudi Arabian Grand Prix,0,0,0,1,1,24,7.0,4.333333333333333,9.0
63,RUS,Mercedes,6,8.0,2024,Saudi Arabian Grand Prix,0,0,0,17,6,24,5.5,8.0,5.0
38,BEA,Ferrari,7,6.0,2024,Saudi Arabian Grand Prix,0,0,0,2,2,24,7.0,12.25,12.0
4,NOR,McLaren,8,4.0,2024,Saudi Arabian Grand Prix,0,0,0,12,5,24,7.0,7.0,6.0
44,HAM,Mercedes,9,2.0,2024,Saudi Arabian Grand Prix,0,0,0,7,6,24,8.0,6.5,7.0
27,HUL,Haas F1 Team,10,1.0,2024,Saudi Arabian Grand Prix,0,0,0,8,3,24,13.0,0.3333333333333333,16.0
23,ALB,Williams,11,0.0,2024,Saudi Arabian Grand Prix,0,0,0,0,9,24,13.0,0.0,15.0
20,MAG,Haas F1 Team,12,0.0,2024,Saudi Arabian Grand Prix,0,0,0,11,3,24,12.0,0.25,12.0
31,OCO,Alpine,13,0.0,2024,Saudi Arabian Grand Prix,0,0,0,13,0,24,15.0,0.0,17.0
2,SAR,Williams,14,0.0,2024,Saudi Arabian Grand Prix,0,0,0,19,9,24,17.0,0.0,20.0
22,TSU,RB,15,0.0,2024,Saudi Arabian Grand Prix,0,0,0,21,7,24,14.5,0.0,14.0
3,RIC,RB,16,0.0,2024,Saudi Arabian Grand Prix,0,0,0,16,7,24,14.5,0.0,13.0
77,BOT,Kick Sauber,17,0.0,2024,Saudi Arabian Grand Prix,0,0,0,3,4,24,18.0,0.0,19.0
24,ZHO,Kick Sauber,18,0.0,2024,Saudi Arabian Grand Prix,0,0,0,23,4,24,14.5,0.0,11.0
18,STR,Aston Martin,19,0.0,2024,Saudi Arabian Grand Prix,0,0,0,20,1,24,14.5,3.25,10.0
10,GAS,Alpine,20,0.0,2024,Saudi Arabian Grand Prix,0,0,0,6,0,24,19.0,0.0,18.0
55,SAI,Ferrari,1,25.0,2024,Australian Grand Prix,1,0,0,18,2,2,2.0,14.8,3.0
16,LEC,Ferrari,2,19.0,2024,Australian Grand Prix,0,1,0,10,2,2,3.0,15.5,3.0
4,NOR,McLaren,3,15.0,2024,Australian Grand Prix,0,0,1,12,5,2,5.666666666666667,8.6,8.0
81,PIA,McLaren,4,12.0,2024,Australian Grand Prix,0,0,0,15,5,2,5.333333333333333,9.166666666666666,4.0
11,PER,Red Bull Racing,5,10.0,2024,Australian Grand Prix,0,0,0,14,8,2,3.0,19.4,2.0
18,STR,Aston Martin,6,8.0,2024,Australian Grand Prix,0,0,0,20,1,2,11.666666666666666,4.2,19.0
22,TSU,RB,7,6.0,2024,Australian Grand Prix,0,0,0,21,7,2,12.0,1.2,15.0
14,ALO,Aston Martin,8,4.0,2024,Australian Grand Prix,0,0,0,1,1,2,7.333333333333333,4.166666666666667,5.0
27,HUL,Haas F1 Team,9,2.0,2024,Australian Grand Prix,0,0,0,8,3,2,11.666666666666666,0.6,10.0
20,MAG,Haas F1 Team,10,1.0,2024,Australian Grand Prix,0,0,0,11,3,2,11.333333333333334,0.6666666666666666,12.0
23,ALB,Williams,11,0.0,2024,Australian Grand Prix,0,0,0,0,9,2,12.333333333333334,0.0,11.0
3,RIC,RB,12,0.0,2024,Australian Grand Prix,0,0,0,16,7,2,13.666666666666666,1.0,16.0
10,GAS,Alpine,13,0.0,2024,Australian Grand Prix,0,0,0,6,0,2,17.0,0.0,20.0
77,BOT,Kick Sauber,14,0.0,2024,Australian Grand Prix,0,0,0,3,4,2,16.666666666666668,0.0,17.0
24,ZHO,Kick Sauber,15,0.0,2024,Australian Grand Prix,0,0,0,23,4,2,14.666666666666666,0.0,18.0
31,OCO,Alpine,16,0.0,2024,Australian Grand Prix,0,0,0,13,0,2,15.333333333333334,0.0,13.0
63,RUS,Mercedes,17,0.0,2024,Australian Grand Prix,0,0,0,17,6,2,9.333333333333334,5.2,6.0
44,HAM,Mercedes,18,0.0,2024,Australian Grand Prix,0,0,0,7,6,2,11.333333333333334,4.333333333333333,9.0
1,VER,Red Bull Racing,19,0.0,2024,Australian Grand Prix,0,0,0,22,8,2,7.0,16.166666666666668,1.0
1,VER,Red Bull Racing,1,26.0,2024,Japanese Grand Prix,1,0,0,22,8,15,5.5,17.571428571428573,19.0
11,PER,Red Bull Racing,2,18.0,2024,Japanese Grand Prix,0,1,0,14,8,15,2.75,17.625,5.0
55,SAI,Ferrari,3,15.0,2024,Japanese Grand Prix,0,0,1,18,2,15,2.3333333333333335,15.428571428571429,1.0
16,LEC,Ferrari,4,12.0,2024,Japanese Grand Prix,0,0,0,10,2,15,3.25,15.0,2.0
4,NOR,McLaren,5,10.0,2024,Japanese Grand Prix,0,0,0,12,5,15,5.5,9.285714285714286,3.0
14,ALO,Aston Martin,6,8.0,2024,Japanese Grand Prix,0,0,0,1,1,15,7.0,4.714285714285714,8.0
63,RUS,Mercedes,7,6.0,2024,Japanese Grand Prix,0,0,0,17,6,15,8.75,4.571428571428571,17.0
81,PIA,McLaren,8,4.0,2024,Japanese Grand Prix,0,0,0,15,5,15,6.0,8.625,4.0
44,HAM,Mercedes,9,2.0,2024,Japanese Grand Prix,0,0,0,7,6,15,10.75,4.25,18.0
22,TSU,RB,10,1.0,2024,Japanese Grand Prix,0,0,0,21,7,15,11.5,1.0,7.0
27,HUL,Haas F1 Team,11,0.0,2024,Japanese Grand Prix,0,0,0,8,3,15,11.5,0.5714285714285714,9.0
18,STR,Aston Martin,12,0.0,2024,Japanese Grand Prix,0,0,0,20,1,15,11.75,4.125,6.0
20,MAG,Haas F1 Team,13,0.0,2024,Japanese Grand Prix,0,0,0,11,3,15,11.75,0.5,10.0
77,BOT,Kick Sauber,14,0.0,2024,Japanese Grand Prix,0,0,0,3,4,15,16.0,0.0,14.0
31,OCO,Alpine,15,0.0,2024,Japanese Grand Prix,0,0,0,13,0,15,15.25,0.0,16.0
10,GAS,Alpine,16,0.0,2024,Japanese Grand Prix,0,0,0,6,0,15,16.75,0.0,13.0
2,SAR,Williams,17,0.0,2024,Japanese Grand Prix,0,0,0,19,9,15,17.0,0.0,14.0
24,ZHO,Kick Sauber,18,0.0,2024,Japanese Grand Prix,0,0,0,23,4,15,15.5,0.0,15.0
3,RIC,RB,19,0.0,2024,Japanese Grand Prix,0,0,0,16,7,15,15.0,0.875,12.0
23,ALB,Williams,20,0.0,2024,Japanese Grand Prix,0,0,0,0,9,15,14.25,0.0,11.0
1,VER,Red Bull Racing,1,25.0,2024,Emilia Romagna Grand Prix,1,0,0,22,8,11,4.6,18.444444444444443,1.0
4,NOR,McLaren,2,18.0,2024,Emilia Romagna Grand Prix,0,1,0,12,5,11,4.8,9.666666666666666,5.0
16,LEC,Ferrari,3,15.0,2024,Emilia Romagna Grand Prix,0,0,1,10,2,11,3.2,15.0,4.0
81,PIA,McLaren,4,12.0,2024,Emilia Romagna Grand Prix,0,0,0,15,5,11,5.6,9.9,8.0
55,SAI,Ferrari,5,10.0,2024,Emilia Romagna Grand Prix,0,0,0,18,2,11,3.0,14.5,3.0
44,HAM,Mercedes,6,8.0,2024,Emilia Romagna Grand Prix,0,0,0,7,6,11,9.8,4.666666666666667,9.0
63,RUS,Mercedes,7,7.0,2024,Emilia Romagna Grand Prix,0,0,0,17,6,11,8.4,4.9,7.0
11,PER,Red Bull Racing,8,4.0,2024,Emilia Romagna Grand Prix,0,0,0,14,8,11,3.8,17.0,2.0
18,STR,Aston Martin,9,2.0,2024,Emilia Romagna Grand Prix,0,0,0,20,1,11,11.2,3.888888888888889,12.0
22,TSU,RB,10,1.0,2024,Emilia Romagna Grand Prix,0,0,0,21,7,11,11.2,0.8888888888888888,10.0
27,HUL,Haas F1 Team,11,0.0,2024,Emilia Romagna Grand Prix,0,0,0,8,3,11,11.4,0.4444444444444444,11.0
20,MAG,Haas F1 Team,12,0.0,2024,Emilia Romagna Grand Prix,0,0,0,11,3,11,11.8,0.4,13.0
3,RIC,RB,13,0.0,2024,Emilia Romagna Grand Prix,0,0,0,16,7,11,14.6,0.8,19.0
31,OCO,Alpine,14,0.0,2024,Emilia Romagna Grand Prix,0,0,0,13,0,11,15.0,0.0,15.0
24,ZHO,Kick Sauber,15,0.0,2024,Emilia Romagna Grand Prix,0,0,0,23,4,11,15.4,0.0,18.0
10,GAS,Alpine,16,0.0,2024,Emilia Romagna Grand Prix,0,0,0,6,0,11,16.6,0.0,16.0
2,SAR,Williams,17,0.0,2024,Emilia Romagna Grand Prix,0,0,0,19,9,11,17.0,0.0,17.0
77,BOT,Kick Sauber,18,0.0,2024,Emilia Romagna Grand Prix,0,0,0,3,4,11,16.4,0.0,14.0
14,ALO,Aston Martin,19,0.0,2024,Emilia Romagna Grand Prix,0,0,0,1,1,11,9.4,3.5,6.0
23,ALB,Williams,20,0.0,2024,Emilia Romagna Grand Prix,0,0,0,0,9,11,15.4,0.0,20.0
16,LEC,Ferrari,1,25.0,2024,Monaco Grand Prix,1,0,0,10,2,19,2.8333333333333335,15.454545454545455,3.0
81,PIA,McLaren,2,18.0,2024,Monaco Grand Prix,0,1,0,15,5,19,5.0,10.636363636363637,4.0
55,SAI,Ferrari,3,15.0,2024,Monaco Grand Prix,0,0,1,18,2,19,3.0,15.416666666666666,5.0
4,NOR,McLaren,4,12.0,2024,Monaco Grand Prix,0,0,0,12,5,19,4.666666666666667,10.75,2.0
63,RUS,Mercedes,5,10.0,2024,Monaco Grand Prix,0,0,0,17,6,19,7.833333333333333,5.363636363636363,7.0
1,VER,Red Bull Racing,6,8.0,2024,Monaco Grand Prix,0,0,0,22,8,19,4.833333333333333,16.181818181818183,1.0
44,HAM,Mercedes,7,7.0,2024,Monaco Grand Prix,0,0,0,7,6,19,9.333333333333334,5.5,6.0
22,TSU,RB,8,4.0,2024,Monaco Grand Prix,0,0,0,21,7,19,10.666666666666666,1.0909090909090908,10.0
23,ALB,Williams,9,2.0,2024,Monaco Grand Prix,0,0,0,0,9,19,14.333333333333334,0.2,20.0
10,GAS,Alpine,10,1.0,2024,Monaco Grand Prix,0,0,0,6,0,19,15.5,0.09090909090909091,16.0
14,ALO,Aston Martin,11,0.0,2024,Monaco Grand Prix,0,0,0,1,1,19,9.666666666666666,3.1818181818181817,19.0
3,RIC,RB,12,0.0,2024,Monaco Grand Prix,0,0,0,16,7,19,14.166666666666666,1.0,13.0
77,BOT,Kick Sauber,13,0.0,2024,Monaco Grand Prix,0,0,0,3,4,19,15.833333333333334,0.0,18.0
18,STR,Aston Martin,14,0.0,2024,Monaco Grand Prix,0,0,0,20,1,19,11.666666666666666,2.9166666666666665,9.0
2,SAR,Williams,15,0.0,2024,Monaco Grand Prix,0,0,0,19,9,19,16.6,0.18181818181818182,17.0
24,ZHO,Kick Sauber,16,0.0,2024,Monaco Grand Prix,0,0,0,23,4,19,15.5,0.0,15.0
31,OCO,Alpine,17,0.0,2024,Monaco Grand Prix,0,0,0,13,0,19,15.333333333333334,0.08333333333333333,14.0
11,PER,Red Bull Racing,18,0.0,2024,Monaco Grand Prix,0,0,0,14,8,19,6.166666666666667,14.833333333333334,8.0
27,HUL,Haas F1 Team,19,0.0,2024,Monaco Grand Prix,0,0,0,8,3,19,12.666666666666666,0.36363636363636365,11.0
20,MAG,Haas F1 Team,20,0.0,2024,Monaco Grand Prix,0,0,0,11,3,19,13.166666666666666,0.3333333333333333,12.0
1,VER,Red Bull Racing,1,25.0,2024,Canadian Grand Prix,1,0,0,22,8,8,4.285714285714286,15.615384615384615,6.0
4,NOR,McLaren,2,18.0,2024,Canadian Grand Prix,0,1,0,12,5,8,4.285714285714286,11.307692307692308,4.0
63,RUS,Mercedes,3,15.0,2024,Canadian Grand Prix,0,0,1,17,6,8,7.142857142857143,6.230769230769231,5.0
44,HAM,Mercedes,4,13.0,2024,Canadian Grand Prix,0,0,0,7,6,8,8.571428571428571,6.714285714285714,7.0
81,PIA,McLaren,5,10.0,2024,Canadian Grand Prix,0,0,0,15,5,8,5.0,11.214285714285714,2.0
14,ALO,Aston Martin,6,8.0,2024,Canadian Grand Prix,0,0,0,1,1,8,9.142857142857142,3.3076923076923075,11.0
18,STR,Aston Martin,7,6.0,2024,Canadian Grand Prix,0,0,0,20,1,8,11.0,3.5,14.0
3,RIC,RB,8,4.0,2024,Canadian Grand Prix,0,0,0,16,7,8,13.285714285714286,1.2307692307692308,12.0
10,GAS,Alpine,9,2.0,2024,Canadian Grand Prix,0,0,0,6,0,8,14.571428571428571,0.23076923076923078,10.0
31,OCO,Alpine,10,1.0,2024,Canadian Grand Prix,0,0,0,13,0,8,14.571428571428571,0.2857142857142857,17.0
27,HUL,Haas F1 Team,11,0.0,2024,Canadian Grand Prix,0,0,0,8,3,8,12.428571428571429,0.3076923076923077,19.0
20,MAG,Haas F1 Team,12,0.0,2024,Canadian Grand Prix,0,0,0,11,3,8,13.0,0.2857142857142857,20.0
77,BOT,Kick Sauber,13,0.0,2024,Canadian Grand Prix,0,0,0,3,4,8,15.428571428571429,0.0,13.0
22,TSU,RB,14,0.0,2024,Canadian Grand Prix,0,0,0,21,7,8,11.142857142857142,1.1428571428571428,8.0
24,ZHO,Kick Sauber,15,0.0,2024,Canadian Grand Prix,0,0,0,23,4,8,15.428571428571429,0.0,16.0
55,SAI,Ferrari,16,0.0,2024,Canadian Grand Prix,0,0,0,18,2,8,5.166666666666667,14.23076923076923,3.0
23,ALB,Williams,17,0.0,2024,Canadian Grand Prix,0,0,0,0,9,8,14.714285714285714,0.16666666666666666,9.0
11,PER,Red Bull Racing,18,0.0,2024,Canadian Grand Prix,0,0,0,14,8,8,7.857142857142857,14.5,18.0
16,LEC,Ferrari,19,0.0,2024,Canadian Grand Prix,0,0,0,10,2,8,5.142857142857143,13.214285714285714,1.0
2,SAR,Williams,20,0.0,2024,Canadian Grand Prix,0,0,0,19,9,8,17.166666666666668,0.15384615384615385,15.0
1,VER,Red Bull Racing,1,25.0,2024,Spanish Grand Prix,1,0,0,22,8,26,3.875,15.2,1.0
4,NOR,McLaren,2,19.0,2024,Spanish Grand Prix,0,1,0,12,5,26,4.0,11.733333333333333,2.0
44,HAM,Mercedes,3,15.0,2024,Spanish Grand Prix,0,0,1,7,6,26,7.875,7.266666666666667,4.0
63,RUS,Mercedes,4,12.0,2024,Spanish Grand Prix,0,0,0,17,6,26,6.75,7.5625,3.0
16,LEC,Ferrari,5,10.0,2024,Spanish Grand Prix,0,0,0,10,2,26,5.125,13.0,19.0
55,SAI,Ferrari,6,8.0,2024,Spanish Grand Prix,0,0,0,18,2,26,5.285714285714286,12.6875,16.0
81,PIA,McLaren,7,6.0,2024,Spanish Grand Prix,0,0,0,15,5,26,5.25,11.375,5.0
11,PER,Red Bull Racing,8,4.0,2024,Spanish Grand Prix,0,0,0,14,8,26,7.875,14.5,18.0
10,GAS,Alpine,9,2.0,2024,Spanish Grand Prix,0,0,0,6,0,26,13.875,0.4,9.0
31,OCO,Alpine,10,1.0,2024,Spanish Grand Prix,0,0,0,13,0,26,14.0,0.4375,10.0
27,HUL,Haas F1 Team,11,0.0,2024,Spanish Grand Prix,0,0,0,8,3,26,12.25,0.26666666666666666,11.0
14,ALO,Aston Martin,12,0.0,2024,Spanish Grand Prix,0,0,0,1,1,26,9.5,3.2666666666666666,6.0
24,ZHO,Kick Sauber,13,0.0,2024,Spanish Grand Prix,0,0,0,23,4,26,15.125,0.0,15.0
18,STR,Aston Martin,14,0.0,2024,Spanish Grand Prix,0,0,0,20,1,26,11.375,3.0625,7.0
3,RIC,RB,15,0.0,2024,Spanish Grand Prix,0,0,0,16,7,26,13.5,1.0666666666666667,8.0
77,BOT,Kick Sauber,16,0.0,2024,Spanish Grand Prix,0,0,0,3,4,26,15.5,0.0,13.0
20,MAG,Haas F1 Team,17,0.0,2024,Spanish Grand Prix,0,0,0,11,3,26,13.5,0.25,12.0
23,ALB,Williams,18,0.0,2024,Spanish Grand Prix,0,0,0,0,9,26,15.125,0.14285714285714285,17.0
22,TSU,RB,19,0.0,2024,Spanish Grand Prix,0,0,0,21,7,26,12.125,1.0,14.0
2,SAR,Williams,20,0.0,2024,Spanish Grand Prix,0,0,0,19,9,26,17.571428571428573,0.13333333333333333,20.0
44,HAM,Mercedes,1,25.0,2024,British Grand Prix,1,0,0,7,6,7,7.111111111111111,8.588235294117647,3.0
1,VER,Red Bull Racing,2,18.0,2024,British Grand Prix,0,1,0,22,8,7,3.6666666666666665,14.705882352941176,1.0
4,NOR,McLaren,3,15.0,2024,British Grand Prix,0,0,1,12,5,7,3.888888888888889,11.588235294117647,2.0
81,PIA,McLaren,4,12.0,2024,British Grand Prix,0,0,0,15,5,7,5.111111111111111,11.61111111111111,7.0
55,SAI,Ferrari,5,11.0,2024,British Grand Prix,0,0,0,18,2,7,5.25,12.588235294117647,6.0
27,HUL,Haas F1 Team,6,8.0,2024,British Grand Prix,0,0,0,8,3,7,11.555555555555555,0.7058823529411765,11.0
18,STR,Aston Martin,7,6.0,2024,British Grand Prix,0,0,0,20,1,7,10.88888888888889,3.235294117647059,14.0
14,ALO,Aston Martin,8,4.0,2024,British Grand Prix,0,0,0,1,1,7,9.333333333333334,3.2777777777777777,12.0
23,ALB,Williams,9,2.0,2024,British Grand Prix,0,0,0,0,9,7,14.444444444444445,0.25,18.0
22,TSU,RB,10,1.0,2024,British Grand Prix,0,0,0,21,7,7,11.88888888888889,1.0,19.0
2,SAR,Williams,11,0.0,2024,British Grand Prix,0,0,0,19,9,7,16.75,0.23529411764705882,20.0
20,MAG,Haas F1 Team,12,0.0,2024,British Grand Prix,0,0,0,11,3,7,13.333333333333334,0.6666666666666666,17.0
3,RIC,RB,13,0.0,2024,British Grand Prix,0,0,0,16,7,7,13.444444444444445,0.9444444444444444,15.0
16,LEC,Ferrari,14,0.0,2024,British Grand Prix,0,0,0,10,2,7,6.111111111111111,11.88888888888889,5.0
77,BOT,Kick Sauber,15,0.0,2024,British Grand Prix,0,0,0,3,4,7,15.444444444444445,0.0,16.0
31,OCO,Alpine,16,0.0,2024,British Grand Prix,0,0,0,13,0,7,14.222222222222221,0.4117647058823529,10.0
11,PER,Red Bull Racing,17,0.0,2024,British Grand Prix,0,0,0,14,8,7,8.88888888888889,13.88888888888889,8.0
24,ZHO,Kick Sauber,18,0.0,2024,British Grand Prix,0,0,0,23,4,7,15.444444444444445,0.0,13.0
63,RUS,Mercedes,19,0.0,2024,British Grand Prix,0,0,0,17,6,7,8.11111111111111,8.11111111111111,4.0
10,GAS,Alpine,20,0.0,2024,British Grand Prix,0,0,0,6,0,7,14.555555555555555,0.3888888888888889,9.0
81,PIA,McLaren,1,25.0,2024,Hungarian Grand Prix,1,0,0,15,5,13,4.7,12.31578947368421,4.0
4,NOR,McLaren,2,18.0,2024,Hungarian Grand Prix,0,1,0,12,5,13,3.7,12.6,3.0
44,HAM,Mercedes,3,15.0,2024,Hungarian Grand Prix,0,0,1,7,6,13,6.7,8.473684210526315,1.0
16,LEC,Ferrari,4,12.0,2024,Hungarian Grand Prix,0,0,0,10,2,13,5.9,11.894736842105264,14.0
1,VER,Red Bull Racing,5,10.0,2024,Hungarian Grand Prix,0,0,0,22,8,13,3.8,13.68421052631579,2.0
55,SAI,Ferrari,6,8.0,2024,Hungarian Grand Prix,0,0,0,18,2,13,5.333333333333333,11.7,5.0
11,PER,Red Bull Racing,7,6.0,2024,Hungarian Grand Prix,0,0,0,14,8,13,8.7,13.3,17.0
63,RUS,Mercedes,8,5.0,2024,Hungarian Grand Prix,0,0,0,17,6,13,8.1,8.3,19.0
22,TSU,RB,9,2.0,2024,Hungarian Grand Prix,0,0,0,21,7,13,11.6,1.0,10.0
18,STR,Aston Martin,10,1.0,2024,Hungarian Grand Prix,0,0,0,20,1,13,10.8,3.1578947368421053,7.0
14,ALO,Aston Martin,11,0.0,2024,Hungarian Grand Prix,0,0,0,1,1,13,9.5,3.0,8.0
3,RIC,RB,12,0.0,2024,Hungarian Grand Prix,0,0,0,16,7,13,13.3,0.95,13.0
27,HUL,Haas F1 Team,13,0.0,2024,Hungarian Grand Prix,0,0,0,8,3,13,11.7,0.631578947368421,6.0
23,ALB,Williams,14,0.0,2024,Hungarian Grand Prix,0,0,0,0,9,13,14.4,0.2222222222222222,9.0
20,MAG,Haas F1 Team,15,0.0,2024,Hungarian Grand Prix,0,0,0,11,3,13,13.5,0.6,12.0
77,BOT,Kick Sauber,16,0.0,2024,Hungarian Grand Prix,0,0,0,3,4,13,15.5,0.0,15.0
2,SAR,Williams,17,0.0,2024,Hungarian Grand Prix,0,0,0,19,9,13,16.77777777777778,0.21052631578947367,11.0
31,OCO,Alpine,18,0.0,2024,Hungarian Grand Prix,0,0,0,13,0,13,14.6,0.3684210526315789,16.0
24,ZHO,Kick Sauber,19,0.0,2024,Hungarian Grand Prix,0,0,0,23,4,13,15.8,0.0,18.0
10,GAS,Alpine,20,0.0,2024,Hungarian Grand Prix,0,0,0,6,0,13,15.1,0.35,20.0
44,HAM,Mercedes,1,25.0,2024,Belgian Grand Prix,1,0,0,7,6,6,6.181818181818182,9.095238095238095,3.0
81,PIA,McLaren,2,18.0,2024,Belgian Grand Prix,0,1,0,15,5,6,4.454545454545454,12.857142857142858,1.0
16,LEC,Ferrari,3,15.0,2024,Belgian Grand Prix,0,0,1,10,2,6,5.636363636363637,11.857142857142858,4.0
1,VER,Red Bull Racing,4,12.0,2024,Belgian Grand Prix,0,0,0,22,8,6,3.8181818181818183,13.238095238095237,5.0
4,NOR,McLaren,5,10.0,2024,Belgian Grand Prix,0,0,0,12,5,6,3.8181818181818183,12.727272727272727,2.0
55,SAI,Ferrari,6,8.0,2024,Belgian Grand Prix,0,0,0,18,2,6,5.4,11.681818181818182,6.0
11,PER,Red Bull Racing,7,7.0,2024,Belgian Grand Prix,0,0,0,14,8,6,8.545454545454545,12.954545454545455,7.0
14,ALO,Aston Martin,8,4.0,2024,Belgian Grand Prix,0,0,0,1,1,6,9.363636363636363,3.0476190476190474,11.0
31,OCO,Alpine,9,2.0,2024,Belgian Grand Prix,0,0,0,13,0,6,14.090909090909092,0.42857142857142855,18.0
3,RIC,RB,10,1.0,2024,Belgian Grand Prix,0,0,0,16,7,6,13.0,0.9523809523809523,12.0
18,STR,Aston Martin,11,0.0,2024,Belgian Grand Prix,0,0,0,20,1,6,10.818181818181818,2.909090909090909,10.0
23,ALB,Williams,12,0.0,2024,Belgian Grand Prix,0,0,0,0,9,6,14.181818181818182,0.2,14.0
10,GAS,Alpine,13,0.0,2024,Belgian Grand Prix,0,0,0,6,0,6,14.909090909090908,0.4090909090909091,20.0
20,MAG,Haas F1 Team,14,0.0,2024,Belgian Grand Prix,0,0,0,11,3,6,13.545454545454545,0.5714285714285714,15.0
77,BOT,Kick Sauber,15,0.0,2024,Belgian Grand Prix,0,0,0,3,4,6,15.454545454545455,0.0,16.0
22,TSU,RB,16,0.0,2024,Belgian Grand Prix,0,0,0,21,7,6,12.0,0.9090909090909091,9.0
2,SAR,Williams,17,0.0,2024,Belgian Grand Prix,0,0,0,19,9,6,16.8,0.19047619047619047,17.0
27,HUL,Haas F1 Team,18,0.0,2024,Belgian Grand Prix,0,0,0,8,3,6,12.272727272727273,0.5454545454545454,13.0
24,ZHO,Kick Sauber,19,0.0,2024,Belgian Grand Prix,0,0,0,23,4,6,16.09090909090909,0.0,19.0
63,RUS,Mercedes,20,0.0,2024,Belgian Grand Prix,0,0,0,17,6,6,9.181818181818182,8.681818181818182,8.0
4,NOR,McLaren,1,26.0,2024,Dutch Grand Prix,1,0,0,12,5,9,3.5833333333333335,13.304347826086957,5.0
1,VER,Red Bull Racing,2,18.0,2024,Dutch Grand Prix,0,1,0,22,8,9,3.6666666666666665,13.173913043478262,4.0
16,LEC,Ferrari,3,15.0,2024,Dutch Grand Prix,0,0,1,10,2,9,5.416666666666667,11.826086956521738,3.0
81,PIA,McLaren,4,12.0,2024,Dutch Grand Prix,0,0,0,15,5,9,4.416666666666667,13.25,2.0
55,SAI,Ferrari,5,10.0,2024,Dutch Grand Prix,0,0,0,18,2,9,5.363636363636363,11.75,6.0
11,PER,Red Bull Racing,6,8.0,2024,Dutch Grand Prix,0,0,0,14,8,9,8.333333333333334,12.958333333333334,7.0
63,RUS,Mercedes,7,6.0,2024,Dutch Grand Prix,0,0,0,17,6,9,9.0,8.565217391304348,20.0
44,HAM,Mercedes,8,4.0,2024,Dutch Grand Prix,0,0,0,7,6,9,6.333333333333333,8.375,1.0
10,GAS,Alpine,9,2.0,2024,Dutch Grand Prix,0,0,0,6,0,9,14.416666666666666,0.4782608695652174,13.0
14,ALO,Aston Martin,10,1.0,2024,Dutch Grand Prix,0,0,0,1,1,9,9.416666666666666,2.8260869565217392,8.0
27,HUL,Haas F1 Team,11,0.0,2024,Dutch Grand Prix,0,0,0,8,3,9,12.166666666666666,0.5217391304347826,18.0
3,RIC,RB,12,0.0,2024,Dutch Grand Prix,0,0,0,16,7,9,12.916666666666666,0.8695652173913043,10.0
18,STR,Aston Martin,13,0.0,2024,Dutch Grand Prix,0,0,0,20,1,9,11.0,2.7083333333333335,11.0
23,ALB,Williams,14,0.0,2024,Dutch Grand Prix,0,0,0,0,9,9,14.166666666666666,0.18181818181818182,12.0
31,OCO,Alpine,15,0.0,2024,Dutch Grand Prix,0,0,0,13,0,9,14.166666666666666,0.4583333333333333,9.0
2,SAR,Williams,16,0.0,2024,Dutch Grand Prix,0,0,0,19,9,9,16.727272727272727,0.17391304347826086,17.0
22,TSU,RB,17,0.0,2024,Dutch Grand Prix,0,0,0,21,7,9,12.416666666666666,0.8333333333333334,16.0
20,MAG,Haas F1 Team,18,0.0,2024,Dutch Grand Prix,0,0,0,11,3,9,13.916666666666666,0.5,14.0
77,BOT,Kick Sauber,19,0.0,2024,Dutch Grand Prix,0,0,0,3,4,9,15.75,0.0,15.0
24,ZHO,Kick Sauber,20,0.0,2024,Dutch Grand Prix,0,0,0,23,4,9,16.416666666666668,0.0,19.0
16,LEC,Ferrari,1,25.0,2024,Italian Grand Prix,1,0,0,10,2,14,5.076923076923077,12.28,3.0
81,PIA,McLaren,2,18.0,2024,Italian Grand Prix,0,1,0,15,5,14,4.230769230769231,13.44,4.0
4,NOR,McLaren,3,16.0,2024,Italian Grand Prix,0,0,1,12,5,14,3.5384615384615383,13.538461538461538,1.0
55,SAI,Ferrari,4,12.0,2024,Italian Grand Prix,0,0,0,18,2,14,5.25,12.26923076923077,5.0
44,HAM,Mercedes,5,10.0,2024,Italian Grand Prix,0,0,0,7,6,14,6.230769230769231,8.44,8.0
1,VER,Red Bull Racing,6,8.0,2024,Italian Grand Prix,0,0,0,22,8,14,3.8461538461538463,12.76,2.0
63,RUS,Mercedes,7,6.0,2024,Italian Grand Prix,0,0,0,17,6,14,8.846153846153847,8.346153846153847,7.0
11,PER,Red Bull Racing,8,4.0,2024,Italian Grand Prix,0,0,0,14,8,14,8.307692307692308,12.423076923076923,6.0
23,ALB,Williams,9,2.0,2024,Italian Grand Prix,0,0,0,0,9,14,13.76923076923077,0.25,14.0
20,MAG,Haas F1 Team,10,1.0,2024,Italian Grand Prix,0,0,0,11,3,14,13.615384615384615,0.52,18.0
14,ALO,Aston Martin,11,0.0,2024,Italian Grand Prix,0,0,0,1,1,14,9.538461538461538,2.6,10.0
43,COL,Williams,12,0.0,2024,Italian Grand Prix,0,0,0,4,9,14,12.0,0.24,14.0
3,RIC,RB,13,0.0,2024,Italian Grand Prix,0,0,0,16,7,14,12.923076923076923,0.8,12.0
31,OCO,Alpine,14,0.0,2024,Italian Grand Prix,0,0,0,13,0,14,14.153846153846153,0.44,15.0
10,GAS,Alpine,15,0.0,2024,Italian Grand Prix,0,0,0,6,0,14,14.461538461538462,0.4230769230769231,9.0
77,BOT,Kick Sauber,16,0.0,2024,Italian Grand Prix,0,0,0,3,4,14,15.76923076923077,0.0,19.0
27,HUL,Haas F1 Team,17,0.0,2024,Italian Grand Prix,0,0,0,8,3,14,12.538461538461538,0.5,11.0
24,ZHO,Kick Sauber,18,0.0,2024,Italian Grand Prix,0,0,0,23,4,14,16.53846153846154,0.0,20.0
18,STR,Aston Martin,19,0.0,2024,Italian Grand Prix,0,0,0,20,1,14,11.615384615384615,2.5,13.0
22,TSU,RB,20,0.0,2024,Italian Grand Prix,0,0,0,21,7,14,13.0,0.7692307692307693,17.0
81,PIA,McLaren,1,25.0,2024,Azerbaijan Grand Prix,1,0,0,15,5,4,4.0,13.962962962962964,2.0
16,LEC,Ferrari,2,18.0,2024,Azerbaijan Grand Prix,0,1,0,10,2,4,4.857142857142857,12.481481481481481,1.0
63,RUS,Mercedes,3,15.0,2024,Azerbaijan Grand Prix,0,0,1,17,6,4,8.428571428571429,8.592592592592593,7.0
4,NOR,McLaren,4,13.0,2024,Azerbaijan Grand Prix,0,0,0,12,5,4,3.5714285714285716,13.928571428571429,3.0
1,VER,Red Bull Racing,5,10.0,2024,Azerbaijan Grand Prix,0,0,0,22,8,4,3.9285714285714284,12.333333333333334,6.0
14,ALO,Aston Martin,6,8.0,2024,Azerbaijan Grand Prix,0,0,0,1,1,4,9.285714285714286,2.7037037037037037,11.0
23,ALB,Williams,7,6.0,2024,Azerbaijan Grand Prix,0,0,0,0,9,4,13.285714285714286,0.46153846153846156,9.0
43,COL,Williams,8,4.0,2024,Azerbaijan Grand Prix,0,0,0,4,9,4,10.0,0.5925925925925926,12.0
44,HAM,Mercedes,9,2.0,2024,Azerbaijan Grand Prix,0,0,0,7,6,4,6.428571428571429,8.357142857142858,5.0
50,BEA,Haas F1 Team,10,1.0,2024,Azerbaijan Grand Prix,0,0,0,2,3,4,8.5,0.5185185185185185,7.0
27,HUL,Haas F1 Team,11,0.0,2024,Azerbaijan Grand Prix,0,0,0,8,3,4,12.428571428571429,0.5,17.0
10,GAS,Alpine,12,0.0,2024,Azerbaijan Grand Prix,0,0,0,6,0,4,14.285714285714286,0.4074074074074074,15.0
3,RIC,RB,13,0.0,2024,Azerbaijan Grand Prix,0,0,0,16,7,4,12.928571428571429,0.7407407407407407,13.0
24,ZHO,Kick Sauber,14,0.0,2024,Azerbaijan Grand Prix,0,0,0,23,4,4,16.357142857142858,0.0,18.0
31,OCO,Alpine,15,0.0,2024,Azerbaijan Grand Prix,0,0,0,13,0,4,14.214285714285714,0.39285714285714285,14.0
77,BOT,Kick Sauber,16,0.0,2024,Azerbaijan Grand Prix,0,0,0,3,4,4,15.785714285714286,0.0,16.0
11,PER,Red Bull Racing,17,0.0,2024,Azerbaijan Grand Prix,0,0,0,14,8,4,8.928571428571429,11.892857142857142,8.0
55,SAI,Ferrari,18,0.0,2024,Azerbaijan Grand Prix,0,0,0,18,2,4,6.230769230769231,12.035714285714286,4.0
18,STR,Aston Martin,19,0.0,2024,Azerbaijan Grand Prix,0,0,0,20,1,4,12.142857142857142,2.607142857142857,19.0
22,TSU,RB,20,0.0,2024,Azerbaijan Grand Prix,0,0,0,21,7,4,13.5,0.7142857142857143,20.0
4,NOR,McLaren,1,25.0,2024,Singapore Grand Prix,1,0,0,12,5,25,3.4,14.310344827586206,4.0
1,VER,Red Bull Racing,2,18.0,2024,Singapore Grand Prix,0,1,0,22,8,25,3.8,12.10344827586207,5.0
81,PIA,McLaren,3,15.0,2024,Singapore Grand Prix,0,0,1,15,5,25,3.933333333333333,14.333333333333334,1.0
63,RUS,Mercedes,4,12.0,2024,Singapore Grand Prix,0,0,0,17,6,25,8.133333333333333,8.482758620689655,3.0
16,LEC,Ferrari,5,10.0,2024,Singapore Grand Prix,0,0,0,10,2,25,4.866666666666666,11.96551724137931,2.0
44,HAM,Mercedes,6,8.0,2024,Singapore Grand Prix,0,0,0,7,6,25,6.4,8.466666666666667,9.0
55,SAI,Ferrari,7,6.0,2024,Singapore Grand Prix,0,0,0,18,2,25,6.285714285714286,11.766666666666667,18.0
14,ALO,Aston Martin,8,4.0,2024,Singapore Grand Prix,0,0,0,1,1,25,9.2,2.6551724137931036,6.0
27,HUL,Haas F1 Team,9,2.0,2024,Singapore Grand Prix,0,0,0,8,3,25,12.2,0.5517241379310345,11.0
11,PER,Red Bull Racing,10,1.0,2024,Singapore Grand Prix,0,0,0,14,8,25,9.0,11.733333333333333,17.0
43,COL,Williams,11,0.0,2024,Singapore Grand Prix,0,0,0,4,9,25,10.333333333333334,0.5714285714285714,8.0
22,TSU,RB,12,0.0,2024,Singapore Grand Prix,0,0,0,21,7,25,13.4,0.6896551724137931,20.0
31,OCO,Alpine,13,0.0,2024,Singapore Grand Prix,0,0,0,13,0,25,14.133333333333333,0.3793103448275862,15.0
18,STR,Aston Martin,14,0.0,2024,Singapore Grand Prix,0,0,0,20,1,25,12.266666666666667,2.566666666666667,19.0
24,ZHO,Kick Sauber,15,0.0,2024,Singapore Grand Prix,0,0,0,23,4,25,16.266666666666666,0.0,14.0
77,BOT,Kick Sauber,16,0.0,2024,Singapore Grand Prix,0,0,0,3,4,25,15.8,0.0,16.0
10,GAS,Alpine,17,0.0,2024,Singapore Grand Prix,0,0,0,6,0,25,14.466666666666667,0.36666666666666664,12.0
3,RIC,RB,18,0.0,2024,Singapore Grand Prix,0,0,0,16,7,25,13.266666666666667,0.6666666666666666,13.0
20,MAG,Haas F1 Team,19,0.0,2024,Singapore Grand Prix,0,0,0,11,3,25,14.0,0.5333333333333333,10.0
23,ALB,Williams,20,0.0,2024,Singapore Grand Prix,0,0,0,0,9,25,13.733333333333333,0.5517241379310345,7.0
55,SAI,Ferrari,1,25.0,2024,Mexico City Grand Prix,1,0,0,18,2,17,5.933333333333334,12.193548387096774,7.0
4,NOR,McLaren,2,18.0,2024,Mexico City Grand Prix,0,1,0,12,5,17,3.3125,14.451612903225806,1.0
16,LEC,Ferrari,3,16.0,2024,Mexico City Grand Prix,0,0,1,10,2,17,4.75,12.3125,5.0
44,HAM,Mercedes,4,12.0,2024,Mexico City Grand Prix,0,0,0,7,6,17,6.25,8.580645161290322,6.0
63,RUS,Mercedes,5,10.0,2024,Mexico City Grand Prix,0,0,0,17,6,17,7.9375,8.625,4.0
1,VER,Red Bull Racing,6,8.0,2024,Mexico City Grand Prix,0,0,0,22,8,17,3.9375,11.612903225806452,2.0
20,MAG,Haas F1 Team,7,6.0,2024,Mexico City Grand Prix,0,0,0,11,3,17,13.533333333333333,0.7096774193548387,19.0
81,PIA,McLaren,8,4.0,2024,Mexico City Grand Prix,0,0,0,15,5,17,4.1875,14.125,3.0
27,HUL,Haas F1 Team,9,2.0,2024,Mexico City Grand Prix,0,0,0,8,3,17,12.0,0.75,9.0
10,GAS,Alpine,10,1.0,2024,Mexico City Grand Prix,0,0,0,6,0,17,14.1875,0.3870967741935484,17.0
18,STR,Aston Martin,11,0.0,2024,Mexico City Grand Prix,0,0,0,20,1,17,12.1875,2.4838709677419355,14.0
43,COL,Williams,12,0.0,2024,Mexico City Grand Prix,0,0,0,4,9,17,10.75,0.5333333333333333,11.0
31,OCO,Alpine,13,0.0,2024,Mexico City Grand Prix,0,0,0,13,0,17,14.0625,0.375,13.0
77,BOT,Kick Sauber,14,0.0,2024,Mexico City Grand Prix,0,0,0,3,4,17,15.6875,0.0,16.0
24,ZHO,Kick Sauber,15,0.0,2024,Mexico City Grand Prix,0,0,0,23,4,17,16.1875,0.0,15.0
30,LAW,RB,16,0.0,2024,Mexico City Grand Prix,0,0,0,9,7,17,16.0,0.6451612903225806,16.0
11,PER,Red Bull Racing,17,0.0,2024,Mexico City Grand Prix,0,0,0,14,8,17,9.5,11.25,10.0
14,ALO,Aston Martin,18,0.0,2024,Mexico City Grand Prix,0,0,0,1,1,17,9.75,2.40625,8.0
23,ALB,Williams,19,0.0,2024,Mexico City Grand Prix,0,0,0,0,9,17,14.0625,0.5161290322580645,20.0
22,TSU,RB,20,0.0,2024,Mexico City Grand Prix,0,0,0,21,7,17,13.8125,0.625,12.0
63,RUS,Mercedes,1,25.0,2024,Las Vegas Grand Prix,1,0,0,17,6,16,7.529411764705882,9.121212121212121,5.0
44,HAM,Mercedes,2,18.0,2024,Las Vegas Grand Prix,0,1,0,7,6,16,6.0,9.382352941176471,4.0
55,SAI,Ferrari,3,15.0,2024,Las Vegas Grand Prix,0,0,1,18,2,16,5.75,12.393939393939394,1.0
16,LEC,Ferrari,4,12.0,2024,Las Vegas Grand Prix,0,0,0,10,2,16,4.705882352941177,12.382352941176471,3.0
1,VER,Red Bull Racing,5,10.0,2024,Las Vegas Grand Prix,0,0,0,22,8,16,4.0,11.212121212121213,6.0
4,NOR,McLaren,6,9.0,2024,Las Vegas Grand Prix,0,0,0,12,5,16,3.4705882352941178,13.969696969696969,2.0
81,PIA,McLaren,7,6.0,2024,Las Vegas Grand Prix,0,0,0,15,5,16,4.352941176470588,13.735294117647058,8.0
27,HUL,Haas F1 Team,8,4.0,2024,Las Vegas Grand Prix,0,0,0,8,3,16,11.764705882352942,0.8484848484848485,9.0
22,TSU,RB,9,2.0,2024,Las Vegas Grand Prix,0,0,0,21,7,16,13.529411764705882,0.6666666666666666,20.0
11,PER,Red Bull Racing,10,1.0,2024,Las Vegas Grand Prix,0,0,0,14,8,16,9.529411764705882,10.911764705882353,17.0
14,ALO,Aston Martin,11,0.0,2024,Las Vegas Grand Prix,0,0,0,1,1,16,9.823529411764707,2.3333333333333335,18.0
20,MAG,Haas F1 Team,12,0.0,2024,Las Vegas Grand Prix,0,0,0,11,3,16,13.4375,0.8235294117647058,7.0
24,ZHO,Kick Sauber,13,0.0,2024,Las Vegas Grand Prix,0,0,0,23,4,16,16.0,0.0,15.0
43,COL,Williams,14,0.0,2024,Las Vegas Grand Prix,0,0,0,4,9,16,11.4,0.5,12.0
18,STR,Aston Martin,15,0.0,2024,Las Vegas Grand Prix,0,0,0,20,1,16,12.352941176470589,2.264705882352941,11.0
30,LAW,RB,16,0.0,2024,Las Vegas Grand Prix,0,0,0,9,7,16,16.0,0.6470588235294118,16.0
31,OCO,Alpine,17,0.0,2024,Las Vegas Grand Prix,0,0,0,13,0,16,14.235294117647058,0.36363636363636365,13.0
77,BOT,Kick Sauber,18,0.0,2024,Las Vegas Grand Prix,0,0,0,3,4,16,15.823529411764707,0.0,14.0
23,ALB,Williams,19,0.0,2024,Las Vegas Grand Prix,0,0,0,0,9,16,14.352941176470589,0.48484848484848486,19.0
10,GAS,Alpine,20,0.0,2024,Las Vegas Grand Prix,0,0,0,6,0,16,14.529411764705882,0.35294117647058826,10.0
4,NOR,McLaren,1,25.0,2024,Abu Dhabi Grand Prix,1,0,0,12,5,1,3.3333333333333335,14.057142857142857,6.0
55,SAI,Ferrari,2,18.0,2024,Abu Dhabi Grand Prix,0,1,0,18,2,1,5.529411764705882,12.542857142857143,3.0
16,LEC,Ferrari,3,15.0,2024,Abu Dhabi Grand Prix,0,0,1,10,2,1,4.611111111111111,12.61111111111111,4.0
44,HAM,Mercedes,4,12.0,2024,Abu Dhabi Grand Prix,0,0,0,7,6,1,5.888888888888889,9.457142857142857,2.0
63,RUS,Mercedes,5,10.0,2024,Abu Dhabi Grand Prix,0,0,0,17,6,1,7.388888888888889,9.472222222222221,1.0
1,VER,Red Bull Racing,6,8.0,2024,Abu Dhabi Grand Prix,0,0,0,22,8,1,4.111111111111111,10.82857142857143,5.0
10,GAS,Alpine,7,6.0,2024,Abu Dhabi Grand Prix,0,0,0,6,0,1,14.11111111111111,0.5142857142857142,20.0
27,HUL,Haas F1 Team,8,4.0,2024,Abu Dhabi Grand Prix,0,0,0,8,3,1,11.555555555555555,0.9142857142857143,8.0
14,ALO,Aston Martin,9,2.0,2024,Abu Dhabi Grand Prix,0,0,0,1,1,1,9.777777777777779,2.257142857142857,11.0
81,PIA,McLaren,10,1.0,2024,Abu Dhabi Grand Prix,0,0,0,15,5,1,4.666666666666667,13.694444444444445,7.0
23,ALB,Williams,11,0.0,2024,Abu Dhabi Grand Prix,0,0,0,0,9,1,14.166666666666666,0.47058823529411764,19.0
22,TSU,RB,12,0.0,2024,Abu Dhabi Grand Prix,0,0,0,21,7,1,13.444444444444445,0.6285714285714286,9.0
24,ZHO,Kick Sauber,13,0.0,2024,Abu Dhabi Grand Prix,0,0,0,23,4,1,15.833333333333334,0.0,13.0
18,STR,Aston Martin,14,0.0,2024,Abu Dhabi Grand Prix,0,0,0,20,1,1,12.444444444444445,2.1944444444444446,15.0
61,DOO,Alpine,15,0.0,2024,Abu Dhabi Grand Prix,0,0,0,5,0,1,15.0,0.5,10.0
20,MAG,Haas F1 Team,16,0.0,2024,Abu Dhabi Grand Prix,0,0,0,11,3,1,13.588235294117647,0.8888888888888888,12.0
30,LAW,RB,17,0.0,2024,Abu Dhabi Grand Prix,0,0,0,9,7,1,16.333333333333332,0.6111111111111112,16.0
77,BOT,Kick Sauber,18,0.0,2024,Abu Dhabi Grand Prix,0,0,0,3,4,1,15.944444444444445,0.0,18.0
43,COL,Williams,19,0.0,2024,Abu Dhabi Grand Prix,0,0,0,4,9,1,12.666666666666666,0.45714285714285713,14.0
11,PER,Red Bull Racing,20,0.0,2024,Abu Dhabi Grand Prix,0,0,0,14,8,1,10.11111111111111,10.527777777777779,10.0
